Sun Jun 14 02:11:22 PM GMT 2026 - crawler started
python: can't open file '/home/opc/manga-crawler/managarw_pg.py': [Errno 2] No such file or directory
Sun Jun 14 02:11:57 PM GMT 2026 - crawler started
python: can't open file '/home/opc/manga-crawler/mangarw_pg.py': [Errno 2] No such file or directory
Sun Jun 14 02:12:19 PM GMT 2026 - crawler started
Max page: 62
Crawling page 1/62
Upserted 30 rows
Crawling page 2/62
Upserted 30 rows
Crawling page 3/62
Upserted 30 rows
Crawling page 4/62
Upserted 30 rows
Crawling page 5/62
Upserted 30 rows
Crawling page 6/62
Upserted 30 rows
Crawling page 7/62
Upserted 30 rows
Crawling page 8/62
Upserted 30 rows
Crawling page 9/62
Upserted 30 rows
Crawling page 10/62
Upserted 30 rows
Crawling page 11/62
Upserted 30 rows
Crawling page 12/62
Upserted 30 rows
Crawling page 13/62
Upserted 30 rows
Crawling page 14/62
Upserted 30 rows
Crawling page 15/62
Upserted 30 rows
Crawling page 16/62
Upserted 30 rows
Crawling page 17/62
Upserted 30 rows
Crawling page 18/62
Upserted 30 rows
Crawling page 19/62
Upserted 30 rows
Crawling page 20/62
Upserted 30 rows
Crawling page 21/62
Upserted 30 rows
Crawling page 22/62
Upserted 30 rows
Crawling page 23/62
Upserted 30 rows
Crawling page 24/62
Upserted 30 rows
Crawling page 25/62
Upserted 30 rows
Crawling page 26/62
Upserted 30 rows
Crawling page 27/62
Upserted 30 rows
Crawling page 28/62
Upserted 30 rows
Crawling page 29/62
Upserted 30 rows
Crawling page 30/62
Upserted 30 rows
Crawling page 31/62
Upserted 30 rows
Crawling page 32/62
Upserted 30 rows
Crawling page 33/62
Upserted 30 rows
Crawling page 34/62
Upserted 30 rows
Crawling page 35/62
Upserted 30 rows
Crawling page 36/62
Upserted 30 rows
Crawling page 37/62
Upserted 30 rows
Crawling page 38/62
Upserted 30 rows
Crawling page 39/62
Upserted 30 rows
Crawling page 40/62
Upserted 30 rows
Crawling page 41/62
Upserted 30 rows
Crawling page 42/62
Upserted 30 rows
Crawling page 43/62
Upserted 30 rows
Crawling page 44/62
Upserted 30 rows
Crawling page 45/62
Upserted 30 rows
Crawling page 46/62
Upserted 30 rows
Crawling page 47/62
Upserted 30 rows
Crawling page 48/62
Upserted 30 rows
Crawling page 49/62
Upserted 30 rows
Crawling page 50/62
Upserted 30 rows
Crawling page 51/62
Upserted 30 rows
Crawling page 52/62
Upserted 30 rows
Crawling page 53/62
Upserted 30 rows
Crawling page 54/62
Upserted 30 rows
Crawling page 55/62
Upserted 30 rows
Crawling page 56/62
Upserted 30 rows
Crawling page 57/62
Upserted 30 rows
Crawling page 58/62
Upserted 30 rows
Crawling page 59/62
Upserted 30 rows
Crawling page 60/62
Upserted 30 rows
Crawling page 61/62
Upserted 30 rows
Crawling page 62/62
Upserted 17 rows
Done. Total upserted: 1847
Sun Jun 14 02:14:42 PM GMT 2026 - crawler finished
Sun Jun 14 11:22:01 PM GMT 2026 - crawler started
Browse pages: 63
Titles page 1/63: upserted 30
Titles page 2/63: upserted 30
Titles page 3/63: upserted 30
Titles page 4/63: upserted 30
Titles page 5/63: upserted 30
Titles page 6/63: upserted 30
Titles page 7/63: upserted 30
Titles page 8/63: upserted 30
Titles page 9/63: upserted 30
Titles page 10/63: upserted 30
Titles page 11/63: upserted 30
Titles page 12/63: upserted 30
Titles page 13/63: upserted 30
Titles page 14/63: upserted 30
Titles page 15/63: upserted 30
Titles page 16/63: upserted 30
Titles page 17/63: upserted 30
Titles page 18/63: upserted 30
Titles page 19/63: upserted 30
Titles page 20/63: upserted 30
Titles page 21/63: upserted 30
Titles page 22/63: upserted 30
Titles page 23/63: upserted 30
Titles page 24/63: upserted 30
Titles page 25/63: upserted 30
Titles page 26/63: upserted 30
Titles page 27/63: upserted 30
Titles page 28/63: upserted 30
Titles page 29/63: upserted 30
Titles page 30/63: upserted 30
Titles page 31/63: upserted 30
Titles page 32/63: upserted 30
Titles page 33/63: upserted 30
Titles page 34/63: upserted 30
Titles page 35/63: upserted 30
Titles page 36/63: upserted 30
Titles page 37/63: upserted 30
Titles page 38/63: upserted 30
Titles page 39/63: upserted 30
Titles page 40/63: upserted 30
Titles page 41/63: upserted 30
Titles page 42/63: upserted 30
Titles page 43/63: upserted 30
Titles page 44/63: upserted 30
Titles page 45/63: upserted 30
Titles page 46/63: upserted 30
Titles page 47/63: upserted 30
Titles page 48/63: upserted 30
Titles page 49/63: upserted 30
Titles page 50/63: upserted 30
Titles page 51/63: upserted 30
Titles page 52/63: upserted 30
Titles page 53/63: upserted 30
Titles page 54/63: upserted 30
Traceback (most recent call last):
  File "/home/opc/manga-crawler/mangarw.py", line 424, in <module>
    )
  File "/home/opc/manga-crawler/mangarw.py", line 411, in main
    
  File "/home/opc/manga-crawler/mangarw.py", line 311, in crawl_all_titles
    rows = crawl_page(page)
  File "/home/opc/manga-crawler/mangarw.py", line 124, in crawl_page
    soup = get_soup(url)
  File "/home/opc/manga-crawler/mangarw.py", line 92, in get_soup
    response = requests.get(url, headers=HEADERS, timeout=30)
  File "/home/opc/manga-crawler/.venv/lib64/python3.9/site-packages/requests/api.py", line 73, in get
    return request("get", url, params=params, **kwargs)
  File "/home/opc/manga-crawler/.venv/lib64/python3.9/site-packages/requests/api.py", line 59, in request
    return session.request(method=method, url=url, **kwargs)
  File "/home/opc/manga-crawler/.venv/lib64/python3.9/site-packages/requests/sessions.py", line 589, in request
    resp = self.send(prep, **send_kwargs)
  File "/home/opc/manga-crawler/.venv/lib64/python3.9/site-packages/requests/sessions.py", line 703, in send
    r = adapter.send(request, **kwargs)
  File "/home/opc/manga-crawler/.venv/lib64/python3.9/site-packages/requests/adapters.py", line 644, in send
    resp = conn.urlopen(
  File "/home/opc/manga-crawler/.venv/lib64/python3.9/site-packages/urllib3/connectionpool.py", line 787, in urlopen
    response = self._make_request(
  File "/home/opc/manga-crawler/.venv/lib64/python3.9/site-packages/urllib3/connectionpool.py", line 534, in _make_request
    response = conn.getresponse()
  File "/home/opc/manga-crawler/.venv/lib64/python3.9/site-packages/urllib3/connection.py", line 571, in getresponse
    httplib_response = super().getresponse()
  File "/usr/lib64/python3.9/http/client.py", line 1377, in getresponse
    response.begin()
  File "/usr/lib64/python3.9/http/client.py", line 320, in begin
    version, status, reason = self._read_status()
  File "/usr/lib64/python3.9/http/client.py", line 281, in _read_status
    line = str(self.fp.readline(_MAXLINE + 1), "iso-8859-1")
  File "/usr/lib64/python3.9/socket.py", line 716, in readinto
    return self._sock.recv_into(b)
  File "/usr/lib64/python3.9/ssl.py", line 1277, in recv_into
    return self.read(nbytes, buffer)
  File "/usr/lib64/python3.9/ssl.py", line 1135, in read
    return self._sslobj.read(len, buffer)
KeyboardInterrupt
Sun Jun 14 11:23:11 PM GMT 2026 - crawler started
Browse pages: 63
Titles page 1/63: upserted 30
Titles page 2/63: upserted 30
Titles page 3/63: upserted 30
Titles page 4/63: upserted 30
Titles page 5/63: upserted 30
Titles page 6/63: upserted 30
Titles page 7/63: upserted 30
Titles page 8/63: upserted 30
Titles page 9/63: upserted 30
Titles page 10/63: upserted 30
Titles page 11/63: upserted 30
Titles page 12/63: upserted 30
Titles page 13/63: upserted 30
Titles page 14/63: upserted 30
Titles page 15/63: upserted 30
Titles page 16/63: upserted 30
Titles page 17/63: upserted 30
Titles page 18/63: upserted 30
Titles page 19/63: upserted 30
Titles page 20/63: upserted 30
Titles page 21/63: upserted 30
Titles page 22/63: upserted 30
Titles page 23/63: upserted 30
Titles page 24/63: upserted 30
Titles page 25/63: upserted 30
Titles page 26/63: upserted 30
Titles page 27/63: upserted 30
Titles page 28/63: upserted 30
Titles page 29/63: upserted 30
Titles page 30/63: upserted 30
Titles page 31/63: upserted 30
Titles page 32/63: upserted 30
Titles page 33/63: upserted 30
Titles page 34/63: upserted 30
Titles page 35/63: upserted 30
Titles page 36/63: upserted 30
Titles page 37/63: upserted 30
Titles page 38/63: upserted 30
Titles page 39/63: upserted 30
Titles page 40/63: upserted 30
Titles page 41/63: upserted 30
Titles page 42/63: upserted 30
Titles page 43/63: upserted 30
Titles page 44/63: upserted 30
Titles page 45/63: upserted 30
Titles page 46/63: upserted 30
Titles page 47/63: upserted 30
Titles page 48/63: upserted 30
Titles page 49/63: upserted 30
Titles page 50/63: upserted 30
Titles page 51/63: upserted 30
Titles page 52/63: upserted 30
Titles page 53/63: upserted 30
Titles page 54/63: upserted 30
Titles page 55/63: upserted 30
Titles page 56/63: upserted 30
Titles page 57/63: upserted 30
Titles page 58/63: upserted 30
Titles page 59/63: upserted 30
Titles page 60/63: upserted 30
Titles page 61/63: upserted 30
Titles page 62/63: upserted 30
Titles page 63/63: upserted 6
Manga details to crawl: 1866
[1/1866] リモートラブホール: 86 chapters
  [3/86] 第91話: 27 images
  [4/86] 第83話: 20 images
  [5/86] 第82話: 20 images
  [6/86] 第81話: 20 images
  [7/86] 第80話: 20 images
  [8/86] 第79話: 22 images
  [9/86] 第78話: 22 images
  [10/86] 第77話: 22 images
  [11/86] 第76話: 24 images
  [12/86] 第75話: 29 images
  [13/86] 第74話: 30 images
  [14/86] 第73話: 31 images
  [15/86] 第72話: 23 images
  [16/86] 第71話: 28 images
  [17/86] 第70話: 29 images
  [18/86] 第69話: 27 images
  [19/86] 第68話: 28 images
  [20/86] 第67話: 27 images
  [21/86] 第66話: 25 images
  [22/86] 第65話: 26 images
  [23/86] 第64話: 31 images
  [24/86] 第63話: 30 images
  [25/86] 第62話: 33 images
  [26/86] 第61話: 33 images
  [27/86] 第60話: 35 images
  [28/86] 第59話: 28 images
  [29/86] 第58話: 32 images
  [30/86] 第57話: 29 images
  [31/86] 第56話: 31 images
  [32/86] 第55話: 24 images
  [33/86] 第54話: 29 images
  [34/86] 第53話: 28 images
  [35/86] 第52話: 26 images
  [36/86] 第51話: 26 images
  [37/86] 第50話: 22 images
  [38/86] 第49話: 23 images
  [39/86] 第48話: 24 images
  [40/86] 第47話: 7 images
  [41/86] 第46話: 29 images
  [42/86] 第45話: 24 images
  [43/86] 第44話: 25 images
  [44/86] 第43話: 24 images
  [45/86] 第42話: 26 images
  [46/86] 第41話: 26 images
  [47/86] 第40話: 38 images
  [48/86] 第39話: 34 images
  [49/86] 第38話: 28 images
  [50/86] 第37話: 27 images
  [51/86] 第36話: 33 images
  [52/86] 第35話: 25 images
  [53/86] 第34話: 65 images
  [54/86] 第33話: 70 images
  [55/86] 第32話: 129 images
  [56/86] 第31話: 118 images
  [57/86] 第30話: 119 images
  [58/86] 第29話: 124 images
  [59/86] 第28話: 121 images
  [60/86] 第27話: 112 images
  [61/86] 第26話: 108 images
  [62/86] 第25話: 105 images
  [63/86] 第24話: 118 images
  [64/86] 第23話: 112 images
  [65/86] 第22話: 121 images
  [66/86] 第21話: 128 images
  [67/86] 第20話: 121 images
  [68/86] 第19話: 109 images
  [69/86] 第18話: 114 images
  [70/86] 第17話: 121 images
  [71/86] 第16話: 106 images
  [72/86] 第15話: 111 images
  [73/86] 第14話: 66 images
  [74/86] 第13話: 71 images
  [75/86] 第12話: 19 images
  [76/86] 第11話: 16 images
  [77/86] 第10話: 69 images
  [78/86] 第9話: 75 images
  [79/86] 第8話: 81 images
  [80/86] 第7話: 80 images
  [81/86] 第6話: 57 images
  [82/86] 第5話: 60 images
  [83/86] 第4話: 61 images
  [84/86] 第3話: 62 images
  [85/86] 第2話: 63 images
  [86/86] 第1話: 70 images
[2/1866] こういうのがいい: 293 chapters
  [1/293] 第60.4話: 9 images
  [2/293] 第60.3話: 9 images
  [3/293] 第60.2話: 8 images
  [4/293] 第60.1話: 9 images
  [5/293] 第59.5話: 8 images
  [6/293] 第59.4話: 8 images
  [7/293] 第59.3話: 9 images
  [8/293] 第59.2話: 9 images
  [9/293] 第59.1話: 8 images
  [10/293] 第58.5話: 8 images
  [11/293] 第58.4話: 8 images
  [12/293] 第58.3話: 8 images
  [13/293] 第58.2話: 9 images
  [14/293] 第58.1話: 9 images
  [15/293] 第57.5話: 8 images
  [16/293] 第57.4話: 10 images
  [17/293] 第57.3話: 9 images
  [18/293] 第57.2話: 9 images
  [19/293] 第57.1話: 8 images
  [20/293] 第56.5話: 8 images
  [21/293] 第56.4話: 8 images
  [22/293] 第56.3話: 8 images
  [23/293] 第56.2話: 8 images
  [24/293] 第56.1話: 10 images
  [25/293] 第55.5話: 8 images
  [26/293] 第55.4話: 10 images
  [27/293] 第55.3話: 9 images
  [28/293] 第55.2話: 9 images
  [29/293] 第55.1話: 10 images
  [30/293] 第54.5話: 8 images
  [31/293] 第54.4話: 8 images
  [32/293] 第54.3話: 9 images
  [33/293] 第54.2話: 8 images
  [34/293] 第54.1話: 9 images
  [35/293] 第53.5話: 8 images
  [36/293] 第53.4話: 8 images
  [37/293] 第53.3話: 10 images
  [38/293] 第53.2話: 8 images
  [39/293] 第53.1話: 8 images
  [40/293] 第52.5話: 9 images
  [41/293] 第52.4話: 9 images
  [42/293] 第52.3話: 8 images
  [43/293] 第52.2話: 8 images
  [44/293] 第52.1話: 10 images
  [45/293] 第51.5話: 9 images
  [46/293] 第51.4話: 8 images
  [47/293] 第51.3話: 9 images
  [48/293] 第51.2話: 9 images
  [49/293] 第50.5話: 9 images
  [50/293] 第50.4話: 9 images
  [51/293] 第50.3話: 9 images
  [52/293] 第50.2話: 8 images
  [53/293] 第50.1話: 9 images
  [54/293] 第49.5話: 10 images
  [55/293] 第49.4話: 9 images
  [56/293] 第49.3話: 10 images
  [57/293] 第49.2話: 9 images
  [58/293] 第49.1話: 10 images
  [59/293] 第48.5話: 8 images
  [60/293] 第48.4話: 10 images
  [61/293] 第48.3話: 9 images
  [62/293] 第48.2話: 9 images
  [63/293] 第48.1話: 8 images
  [64/293] 第47.5話: 10 images
  [65/293] 第47.4話: 10 images
  [66/293] 第47.3話: 9 images
  [67/293] 第47.2話: 9 images
  [68/293] 第47.1話: 10 images
  [69/293] 第46.5話: 9 images
  [70/293] 第46.4話: 8 images
  [71/293] 第46.3話: 9 images
  [72/293] 第46.2話: 10 images
  [73/293] 第46.1話: 8 images
  [74/293] 第45.5話: 10 images
  [75/293] 第45.4話: 9 images
  [76/293] 第45.3話: 9 images
  [77/293] 第45.2話: 10 images
  [78/293] 第45.1話: 10 images
  [79/293] 第44.5話: 8 images
  [80/293] 第44.4話: 9 images
  [81/293] 第44.3話: 9 images
  [82/293] 第44.2話: 9 images
  [83/293] 第44.1話: 9 images
  [84/293] 第43.5話: 10 images
  [85/293] 第43.4話: 8 images
  [86/293] 第43.3話: 9 images
  [87/293] 第43.2話: 9 images
  [88/293] 第43.1話: 8 images
  [89/293] 第42.5話: 9 images
  [90/293] 第42.4話: 9 images
  [91/293] 第42.3話: 9 images
  [92/293] 第42.2話: 9 images
  [93/293] 第42.1話: 8 images
  [94/293] 第41.5話: 8 images
  [95/293] 第41.4話: 10 images
  [96/293] 第41.3話: 8 images
  [97/293] 第41.2話: 9 images
  [98/293] 第41.1話: 9 images
  [99/293] 第40.5話: 8 images
  [100/293] 第40.4話: 9 images
  [101/293] 第40.3話: 7 images
  [102/293] 第40.2話: 9 images
  [103/293] 第40.1話: 9 images
  [104/293] 第39.5話: 8 images
  [105/293] 第39.4話: 9 images
  [106/293] 第39.3話: 9 images
  [107/293] 第39.2話: 8 images
  [108/293] 第39.1話: 10 images
  [109/293] 第38.5話: 8 images
  [110/293] 第38.4話: 8 images
  [111/293] 第38.3話: 8 images
  [112/293] 第38.2話: 9 images
  [113/293] 第38.1話: 9 images
  [114/293] 第37.5話: 9 images
  [115/293] 第37.4話: 9 images
  [116/293] 第37.3話: 9 images
  [117/293] 第37.2話: 8 images
  [118/293] 第37.1話: 7 images
  [119/293] 第36.5話: 9 images
  [120/293] 第36.4話: 8 images
  [121/293] 第36.3話: 8 images
  [122/293] 第36.2話: 9 images
  [123/293] 第36.1話: 10 images
  [124/293] 第35.5話: 8 images
  [125/293] 第35.4話: 7 images
  [126/293] 第35.3話: 7 images
  [127/293] 第35.2話: 9 images
  [128/293] 第35.1話: 13 images
  [129/293] 第34.5話: 8 images
  [130/293] 第34.4話: 8 images
  [131/293] 第34.3話: 10 images
  [132/293] 第34.2話: 9 images
  [133/293] 第34.1話: 9 images
  [134/293] 第33.5話: 9 images
  [135/293] 第33.4話: 9 images
  [136/293] 第33.3話: 9 images
  [137/293] 第33.25話: 20 images
  [138/293] 第33.2話: 9 images
  [139/293] 第33.1話: 8 images
  [140/293] 第32.5話: 9 images
  [141/293] 第32.4話: 9 images
  [142/293] 第32.3話: 9 images
  [143/293] 第32.2話: 8 images
  [144/293] 第32.1話: 9 images
  [145/293] 第31.5話: 9 images
  [146/293] 第31.4話: 9 images
  [147/293] 第31.3話: 8 images
  [148/293] 第31.2話: 9 images
  [149/293] 第31.1話: 9 images
  [150/293] 第30.5話: 8 images
  [151/293] 第30.4話: 10 images
  [152/293] 第30.3話: 8 images
  [153/293] 第30.2話: 8 images
  [154/293] 第30.1話: 9 images
  [155/293] 第29.6話: 8 images
  [156/293] 第29.5話: 8 images
  [157/293] 第29.4話: 8 images
  [158/293] 第29.3話: 8 images
  [159/293] 第29.2話: 9 images
  [160/293] 第29.1話: 8 images
  [161/293] 第28.5話: 9 images
  [162/293] 第28.4話: 9 images
  [163/293] 第28.3話: 8 images
  [164/293] 第28.2話: 7 images
  [165/293] 第28.1話: 9 images
  [166/293] 第27.5話: 8 images
  [167/293] 第27.4話: 9 images
  [168/293] 第27.3話: 7 images
  [169/293] 第27.2話: 8 images
  [170/293] 第27.1話: 8 images
  [171/293] 第26.5話: 7 images
  [172/293] 第26.4話: 7 images
  [173/293] 第26.3話: 8 images
  [174/293] 第26.2話: 7 images
  [175/293] 第26.1話: 7 images
  [176/293] 第25.5話: 7 images
  [177/293] 第25.4話: 8 images
  [178/293] 第25.3話: 7 images
  [179/293] 第25.2話: 7 images
  [180/293] 第25.1話: 9 images
  [181/293] 第24.5話: 8 images
  [182/293] 第24.45話: 16 images
  [183/293] 第24.4話: 8 images
  [184/293] 第24.3話: 8 images
  [185/293] 第24.2話: 6 images
  [186/293] 第24.1話: 7 images
  [187/293] 第23.5話: 8 images
  [188/293] 第23.4話: 7 images
  [189/293] 第23.3話: 7 images
  [190/293] 第23.2話: 7 images
  [191/293] 第23.1話: 7 images
  [192/293] 第22.5話: 8 images
  [193/293] 第22.4話: 7 images
  [194/293] 第22.3話: 8 images
  [195/293] 第22.2話: 8 images
  [196/293] 第22.1話: 8 images
  [197/293] 第21.5話: 7 images
  [198/293] 第21.4話: 7 images
  [199/293] 第21.3話: 7 images
  [200/293] 第21.2話: 8 images
  [201/293] 第21.1話: 7 images
  [202/293] 第20.5話: 8 images
  [203/293] 第20.4話: 8 images
  [204/293] 第20.3話: 8 images
  [205/293] 第20.2話: 7 images
  [206/293] 第20.15話: 22 images
  [207/293] 第20.1話: 7 images
  [208/293] 第19.5話: 7 images
  [209/293] 第19.4話: 8 images
  [210/293] 第19.3話: 7 images
  [211/293] 第19.2話: 8 images
  [212/293] 第19.1話: 9 images
  [213/293] 第18.5話: 7 images
  [214/293] 第18.4話: 7 images
  [215/293] 第18.3話: 9 images
  [216/293] 第18.2話: 7 images
  [217/293] 第18.1話: 7 images
  [218/293] 第17.5話: 8 images
  [219/293] 第17.4話: 7 images
  [220/293] 第17.3話: 7 images
  [221/293] 第17.2話: 6 images
  [222/293] 第17.1話: 8 images
  [223/293] 第16.5話: 8 images
  [224/293] 第16.4話: 7 images
  [225/293] 第16.3話: 8 images
  [226/293] 第16.2話: 7 images
  [227/293] 第16.1話: 7 images
  [228/293] 第15.5話: 8 images
  [229/293] 第15.4話: 9 images
  [230/293] 第15.3話: 9 images
  [231/293] 第15.2話: 7 images
  [232/293] 第15.1話: 7 images
  [233/293] 第14.5話: 8 images
  [234/293] 第14.4話: 6 images
  [235/293] 第14.3話: 7 images
  [236/293] 第14.2話: 7 images
  [237/293] 第14.1話: 7 images
  [238/293] 第13.5話: 5 images
  [239/293] 第13.4話: 5 images
  [240/293] 第13.3話: 6 images
  [241/293] 第13.2話: 4 images
  [242/293] 第13.1話: 4 images
  [243/293] 第12.5話: 4 images
  [244/293] 第12.4話: 6 images
  [245/293] 第12.3話: 6 images
  [246/293] 第12.2話: 6 images
  [247/293] 第12.1話: 6 images
  [248/293] 第11.5話: 6 images
  [249/293] 第11.4話: 6 images
  [250/293] 第11.3話: 6 images
  [251/293] 第11.2話: 5 images
  [252/293] 第11.1話: 5 images
  [253/293] 第10.5話: 5 images
  [254/293] 第10.4話: 7 images
  [255/293] 第10.3話: 5 images
  [256/293] 第10.2話: 6 images
  [257/293] 第10.1話: 5 images
  [258/293] 第9.5話: 6 images
  [259/293] 第9.4話: 5 images
  [260/293] 第9.3話: 5 images
  [261/293] 第9.2話: 5 images
  [262/293] 第9.1話: 7 images
  [263/293] 第8.5話: 6 images
  [264/293] 第8.4話: 5 images
  [265/293] 第8.3話: 6 images
  [266/293] 第8.2話: 5 images
  [267/293] 第8.1話: 6 images
  [268/293] 第7.5話: 4 images
  [269/293] 第7.4話: 6 images
  [270/293] 第7.3話: 6 images
  [271/293] 第7.2話: 6 images
  [272/293] 第7.1話: 6 images
  [273/293] 第6.5話: 6 images
  [274/293] 第6.4話: 7 images
  [275/293] 第6.3話: 6 images
  [276/293] 第6.2話: 5 images
  [277/293] 第6.1話: 4 images
  [278/293] 第5.5話: 5 images
  [279/293] 第5.4話: 4 images
  [280/293] 第5.3話: 6 images
  [281/293] 第5.2話: 5 images
  [282/293] 第5.1話: 5 images
  [283/293] 第4.4話: 5 images
  [284/293] 第4.3話: 6 images
  [285/293] 第4.2話: 5 images
  [286/293] 第4.1話: 6 images
  [287/293] 第3.2話: 7 images
  [288/293] 第3.1話: 9 images
  [289/293] 第2.3話: 5 images
  [290/293] 第2.2話: 8 images
  [291/293] 第2.1話: 7 images
  [292/293] 第1.2話: 9 images
  [293/293] 第1話: 15 images
[3/1866] 回復術士のやり直し: 154 chapters
  [1/154] 第78.1話: 17 images
  [2/154] 第77.2話: 14 images
  [3/154] 第77.1話: 14 images
  [4/154] 第76.2話: 26 images
  [5/154] 第76.1話: 17 images
  [6/154] 第75.3話: 13 images
  [7/154] 第75.2話: 17 images
  [8/154] 第75.1話: 18 images
  [9/154] 第74.2話: 17 images
  [10/154] 第74.1話: 17 images
  [11/154] 第73話: 20 images
  [12/154] 第72.2話: 19 images
  [13/154] 第72.1話: 19 images
Sun Jun 14 11:28:29 PM GMT 2026 - crawler started
第137話: saved 10 images
Sun Jun 14 11:28:29 PM GMT 2026 - crawler finished
Sun Jun 14 11:43:05 PM GMT 2026 - crawler started
Manga details to crawl: 1
[1/1] 彼女、お借りします: 426 chapters
  Chapter list saved; images require manual crawl
Crawler finished
Sun Jun 14 11:43:08 PM GMT 2026 - crawler finished
Sun Jun 14 11:53:27 PM GMT 2026 - crawler started
Manga details to crawl: 1
[1/1] 姉貴（泥酔中）と…Ｈしちゃいました。【タテヨミ】: 33 chapters
  Chapter list saved; images require manual crawl
Crawler finished
Sun Jun 14 11:53:28 PM GMT 2026 - crawler finished
Sun Jun 14 11:53:42 PM GMT 2026 - crawler started
第33話: saved 14 images
Sun Jun 14 11:53:43 PM GMT 2026 - crawler finished
Sun Jun 14 11:53:43 PM GMT 2026 - crawler started
第32話: saved 14 images
Sun Jun 14 11:53:44 PM GMT 2026 - crawler finished
Sun Jun 14 11:53:45 PM GMT 2026 - crawler started
第31話: saved 14 images
Sun Jun 14 11:53:45 PM GMT 2026 - crawler finished
Sun Jun 14 11:55:05 PM GMT 2026 - crawler started
第1話: saved 18 images
Sun Jun 14 11:55:05 PM GMT 2026 - crawler finished
Sun Jun 14 11:59:13 PM GMT 2026 - crawler started
Manga details to crawl: 1
[1/1] 姉貴（泥酔中）と…Ｈしちゃいました。【タテヨミ】: 33 chapters
  [1/33] 第33話: already crawled
  [2/33] 第32話: already crawled
  [3/33] 第31話: already crawled
  [4/33] 第30話: already crawled
  [5/33] 第29話: already crawled
  [6/33] 第28話: already crawled
  [7/33] 第27話: already crawled
  [8/33] 第26話: already crawled
  [9/33] 第25話: already crawled
  [10/33] 第24話: already crawled
  [11/33] 第23話: already crawled
  [12/33] 第22話: already crawled
  [13/33] 第21話: already crawled
  [14/33] 第20話: already crawled
  [15/33] 第19話: already crawled
  [16/33] 第18話: already crawled
  [17/33] 第17話: already crawled
  [18/33] 第16話: already crawled
  [19/33] 第15話: already crawled
  [20/33] 第14話: already crawled
  [21/33] 第13話: already crawled
  [22/33] 第12話: already crawled
  [23/33] 第11話: already crawled
  [24/33] 第10話: already crawled
  [25/33] 第9話: already crawled
  [26/33] 第8話: already crawled
  [27/33] 第7話: already crawled
  [28/33] 第6話: already crawled
  [29/33] 第5話: already crawled
  [30/33] 第4話: already crawled
  [31/33] 第3話: already crawled
  [32/33] 第2話: already crawled
  [33/33] 第1話: already crawled
  All chapter images crawled
Crawler finished
Sun Jun 14 11:59:14 PM GMT 2026 - crawler finished
Mon Jun 15 12:49:19 AM GMT 2026 - crawler started
Manga details to crawl: 1
[1/1] 絶対聖域のチェリオン: 0 chapters
  All chapter images crawled
Crawler finished
Mon Jun 15 12:49:19 AM GMT 2026 - crawler finished
Mon Jun 15 12:49:24 AM GMT 2026 - crawler started
Manga details to crawl: 1
[1/1] 渇望する果実: 0 chapters
  All chapter images crawled
Crawler finished
Mon Jun 15 12:49:25 AM GMT 2026 - crawler finished
Mon Jun 15 12:49:30 AM GMT 2026 - crawler started
Manga details to crawl: 1
[1/1] 召喚勇者だけど下級認定されたのでメイドハーレムを作ります！: 34 chapters
  [1/34] 第34話: 24 images
  [2/34] 第33話: 22 images
  [3/34] 第32話: 16 images
  [4/34] 第31話: 26 images
  [5/34] 第30話: 28 images
  [6/34] 第29話: 18 images
  [7/34] 第28話: 40 images
  [8/34] 第27話: 14 images
  [9/34] 第26話: 28 images
  [10/34] 第25話: 26 images
  [11/34] 第24話: 8 images
  [12/34] 第23話: 30 images
  [13/34] 第22話: 21 images
  [14/34] 第21話: 32 images
  [15/34] 第20話: 28 images
  [16/34] 第19話: 22 images
  [17/34] 第18話: 16 images
  [18/34] 第17話: 24 images
  [19/34] 第16話: 26 images
  [20/34] 第15話: 24 images
  [21/34] 第14話: 28 images
  [22/34] 第13話: 18 images
  [23/34] 第12話: 34 images
  [24/34] 第11話: 24 images
  [25/34] 第10話: 22 images
  [26/34] 第9話: 22 images
  [27/34] 第8話: 24 images
  [28/34] 第7話: 16 images
  [29/34] 第6話: 28 images
  [30/34] 第5話: 27 images
  [31/34] 第4話: 24 images
  [32/34] 第3話: 16 images
  [33/34] 第2話: 44 images
  [34/34] 第1話: 38 images
  All chapter images crawled
Crawler finished
Mon Jun 15 12:49:43 AM GMT 2026 - crawler finished
Mon Jun 15 12:50:09 AM GMT 2026 - crawler started
Browse pages: 63
Titles page 1/63: upserted 30
Titles page 2/63: upserted 30
Titles page 3/63: upserted 30
Titles page 4/63: upserted 30
Titles page 5/63: upserted 30
Titles page 6/63: upserted 30
Titles page 7/63: upserted 30
Titles page 8/63: upserted 30
Titles page 9/63: upserted 30
Titles page 10/63: upserted 30
Titles page 11/63: upserted 30
Titles page 12/63: upserted 30
Titles page 13/63: upserted 30
Titles page 14/63: upserted 30
Titles page 15/63: upserted 30
Titles page 16/63: upserted 30
Titles page 17/63: upserted 30
Titles page 18/63: upserted 30
Titles page 19/63: upserted 30
Titles page 20/63: upserted 30
Titles page 21/63: upserted 30
Titles page 22/63: upserted 30
Titles page 23/63: upserted 30
Titles page 24/63: upserted 30
Titles page 25/63: upserted 30
Titles page 26/63: upserted 30
Titles page 27/63: upserted 30
Titles page 28/63: upserted 30
Titles page 29/63: upserted 30
Titles page 30/63: upserted 30
Titles page 31/63: upserted 30
Titles page 32/63: upserted 30
Titles page 33/63: upserted 30
Titles page 34/63: upserted 30
Titles page 35/63: upserted 30
Titles page 36/63: upserted 30
Titles page 37/63: upserted 30
Titles page 38/63: upserted 30
Titles page 39/63: upserted 30
Titles page 40/63: upserted 30
Titles page 41/63: upserted 30
Titles page 42/63: upserted 30
Titles page 43/63: upserted 30
Titles page 44/63: upserted 30
Titles page 45/63: upserted 30
Titles page 46/63: upserted 30
Titles page 47/63: upserted 30
Titles page 48/63: upserted 30
Titles page 49/63: upserted 30
Titles page 50/63: upserted 30
Titles page 51/63: upserted 30
Titles page 52/63: upserted 30
Titles page 53/63: upserted 30
Titles page 54/63: upserted 30
Titles page 55/63: upserted 30
Titles page 56/63: upserted 30
Titles page 57/63: upserted 30
Titles page 58/63: upserted 30
Titles page 59/63: upserted 30
Titles page 60/63: upserted 30
Titles page 61/63: upserted 30
Titles page 62/63: upserted 30
Titles page 63/63: upserted 6
Manga details to crawl: 1866
[1/1866] リモートラブホール: 86 chapters
  Chapter list saved; images require manual crawl
[2/1866] こういうのがいい: 293 chapters
  Chapter list saved; images require manual crawl
[3/1866] 回復術士のやり直し: 154 chapters
  Chapter list saved; images require manual crawl
[4/1866] 彼女、お借りします: 426 chapters
  Chapter list saved; images require manual crawl
[5/1866] 史上最強オークさんの楽しい種付けハーレムづくり: 182 chapters
  Chapter list saved; images require manual crawl
[6/1866] 食戟のソーマ: 323 chapters
  Chapter list saved; images require manual crawl
[7/1866] ハズレ枠の【状態異常スキル】で最強になった俺がすべてを蹂躙するまで: 110 chapters
  Chapter list saved; images require manual crawl
[8/1866] ひとりぼっちの異世界攻略: 324 chapters
  Chapter list saved; images require manual crawl
[9/1866] よくわからないけれど異世界に転生していたようです: 342 chapters
  Chapter list saved; images require manual crawl
[10/1866] 豚の復讐: 96 chapters
  Chapter list saved; images require manual crawl
[11/1866] パラレルパラダイス: 332 chapters
  Chapter list saved; images require manual crawl
[12/1866] ぐらんぶる: 131 chapters
  Chapter list saved; images require manual crawl
[13/1866] 無職転生 異世界行ったら本気だす: 127 chapters
  Chapter list saved; images require manual crawl
[14/1866] 生まれた直後に捨てられたけど、前世が大賢者だったので余裕で生きてます: 106 chapters
  Chapter list saved; images require manual crawl
[15/1866] だれでも抱けるキミが好き: 113 chapters
  Chapter list saved; images require manual crawl
[16/1866] その着せ替え人形は恋をする: 117 chapters
  Chapter list saved; images require manual crawl
[17/1866] ギルティサークル: 235 chapters
  Chapter list saved; images require manual crawl
[18/1866] 黒岩メダカに私の可愛いが通じない: 226 chapters
  Chapter list saved; images require manual crawl
[19/1866] 与えられたスキルを使って稼いで異世界美女達とイチャイチャしたい: 89 chapters
  Chapter list saved; images require manual crawl
[20/1866] 勇者伝説の裏側で俺は英雄伝説を作ります 〜王道殺しの英雄譚: 152 chapters
  Chapter list saved; images require manual crawl
[21/1866] 俺の指先で濡れる世界: 57 chapters
  Chapter list saved; images require manual crawl
[22/1866] サタノファニ: 333 chapters
  Chapter list saved; images require manual crawl
[23/1866] 魔都精兵のスレイブ: 188 chapters
  Chapter list saved; images require manual crawl
[24/1866] 王国へ続く道　奴隷剣士の成り上がり英雄譚: 128 chapters
  Chapter list saved; images require manual crawl
[25/1866] モンスターのご主人様: 234 chapters
  Chapter list saved; images require manual crawl
[26/1866] 俺のレベルアップがおかしい！ ～デキる男の異世界転生～: 53 chapters
  Chapter list saved; images require manual crawl
[27/1866] 貞操逆転世界で唯一の男騎士の俺、女騎士学園に入学したらなぜか英雄扱いされた ～絶倫スキルでハーレム無双～: 29 chapters
  Chapter list saved; images require manual crawl
[28/1866] 女友達は頼めば意外とヤらせてくれる: 43 chapters
  Chapter list saved; images require manual crawl
[29/1866] 月曜日のたわわ: 144 chapters
  Chapter list saved; images require manual crawl
[30/1866] トモダチゲーム: 131 chapters
  Chapter list saved; images require manual crawl
[31/1866] ハズレスキル『添い寝』が覚醒し、僕が最強ハーレムを築くまで～密着添い寝で願望解放!? 誘惑されまくって困ってます!!～: 73 chapters
  Chapter list saved; images require manual crawl
[32/1866] 僕の奥さんはちょっと怖い: 116 chapters
  Chapter list saved; images require manual crawl
[33/1866] 異世界ゆるっとサバイバル生活 ～学校の皆と異世界の無人島に転移したけど俺だけ楽勝です～: 64 chapters
  Chapter list saved; images require manual crawl
[34/1866] 異世界で孤児院を開いたけど、なぜか誰一人巣立とうとしない件: 109 chapters
  Chapter list saved; images require manual crawl
[35/1866] 異世界らくらくサバイバル～生存スキル強者の俺が美少女四人と暮らす無人島生活～: 83 chapters
  Chapter list saved; images require manual crawl
[36/1866] ダンジョンに潜むヤンデレな彼女に俺は何度も殺される: 72 chapters
  Chapter list saved; images require manual crawl
[37/1866] NTREVENGE: 73 chapters
  Chapter list saved; images require manual crawl
[38/1866] 帰ってください！ 阿久津さん: 212 chapters
  Chapter list saved; images require manual crawl
[39/1866] 彼女の友達: 126 chapters
  Chapter list saved; images require manual crawl
[40/1866] 骸骨騎士様、只今異世界へお出掛け中: 97 chapters
  Chapter list saved; images require manual crawl
[41/1866] 隠れ転生勇者 ～チートスキルと勇者ジョブを隠して第二の人生を楽しんでやる！～: 43 chapters
  Chapter list saved; images require manual crawl
[42/1866] 宇崎ちゃんは遊びたい!: 141 chapters
  Chapter list saved; images require manual crawl
[43/1866] てんぷる: 161 chapters
  Chapter list saved; images require manual crawl
[44/1866] 炎炎ノ消防隊: 168 chapters
  Chapter list saved; images require manual crawl
[45/1866] ダンジョン暮らしの元勇者 THE COMIC: 62 chapters
  Chapter list saved; images require manual crawl
[46/1866] ゲーム　オブ　ファミリア-家族戦記: 84 chapters
  Chapter list saved; images require manual crawl
[47/1866] ゾンビ世界でハーレムをつくろう！: 68 chapters
  Chapter list saved; images require manual crawl
[48/1866] うしろの正面カムイさん: 121 chapters
  Chapter list saved; images require manual crawl
[49/1866] 二周目チートの転生魔導士　〜最強が１０００年後に転生したら、人生余裕すぎました〜: 84 chapters
  Chapter list saved; images require manual crawl
[50/1866] 平成敗残兵☆すみれちゃん: 99 chapters
  Chapter list saved; images require manual crawl
[51/1866] やんちゃギャルの安城さん: 214 chapters
  Chapter list saved; images require manual crawl
[52/1866] 没落予定の貴族だけど、暇だったから魔法を極めてみた: 92 chapters
  Chapter list saved; images require manual crawl
[53/1866] 聖なる乙女と秘めごとを: 97 chapters
  Chapter list saved; images require manual crawl
[54/1866] 勇者パーティーを追放された俺だが、俺から巣立ってくれたようで嬉しい。……なので大聖女: 86 chapters
  Chapter list saved; images require manual crawl
[55/1866] 人妻の唇は缶チューハイの味がして: 250 chapters
  Chapter list saved; images require manual crawl
[56/1866] 異世界迷宮でハーレムを: 110 chapters
  Chapter list saved; images require manual crawl
[57/1866] 転生してから40年。そろそろ、おじさんも恋がしたい。: 46 chapters
  Chapter list saved; images require manual crawl
[58/1866] 手に入れた催眠アプリで夢のハーレム生活を送りたい: 35 chapters
  Chapter list saved; images require manual crawl
[59/1866] ぴゅあ0.01㎜: 60 chapters
  Chapter list saved; images require manual crawl
[60/1866] 嘘とセフレ: 110 chapters
  Chapter list saved; images require manual crawl
[61/1866] センセ。: 165 chapters
  Chapter list saved; images require manual crawl
[62/1866] コンビニで出会ったエロい女の子と爛れきった関係になりました。: 8 chapters
  Chapter list saved; images require manual crawl
[63/1866] の悪役貴族、ママヒロインが好きすぎる ～真摯な努力で最強となり不遇な推しキャラ助けまくる～: 56 chapters
  Chapter list saved; images require manual crawl
[64/1866] アンデッドアンラック: 239 chapters
  Chapter list saved; images require manual crawl
[65/1866] 仕事帰り、独身の美人上司に頼まれて: 39 chapters
  Chapter list saved; images require manual crawl
[66/1866] バツハレ: 190 chapters
  Chapter list saved; images require manual crawl
[67/1866] ガチャを回して仲間を増やす 最強の美少女軍団を作り上げろ: 80 chapters
  Chapter list saved; images require manual crawl
[68/1866] ダンジョンのある世界で賢く健やかに生きる方法: 96 chapters
  Chapter list saved; images require manual crawl
[69/1866] 帰ってきた元勇者: 132 chapters
  Chapter list saved; images require manual crawl
[70/1866] ヤンキーJKクズハナちゃん: 287 chapters
  Chapter list saved; images require manual crawl
[71/1866] よわよわ先生: 170 chapters
  Chapter list saved; images require manual crawl
[72/1866] 人外姫様、始めました　-FREE LIFE FANTASY ONLINE: 145 chapters
  Chapter list saved; images require manual crawl
[73/1866] 幼馴染は闇堕ち聖女: 31 chapters
  Chapter list saved; images require manual crawl
[74/1866] 29歳独身は異世界で自由に生きた……かった。: 80 chapters
  Chapter list saved; images require manual crawl
[75/1866] 一緒に剣の修行をした幼馴染が奴隷になっていたので、Sランク冒険者の僕は彼女を買って守ることにした: 50 chapters
  Chapter list saved; images require manual crawl
[76/1866] 異世界好色無双録〜異世界転生の知恵と力を、ただひたすら✕✕✕✕するために使う〜: 58 chapters
  Chapter list saved; images require manual crawl
[77/1866] 科学的に存在しうるクリーチャー娘の観察日誌: 106 chapters
  Chapter list saved; images require manual crawl
[78/1866] ハーレム相続: 28 chapters
  Chapter list saved; images require manual crawl
[79/1866] 異世界パパ活おじさん: 132 chapters
  Chapter list saved; images require manual crawl
[80/1866] 異世界でスキルを解体したらチートな嫁が増殖しました 概念交差のストラクチャー: 94 chapters
  Chapter list saved; images require manual crawl
[81/1866] 神への餌は彼女達: 23 chapters
  Chapter list saved; images require manual crawl
[82/1866] 異世界狙撃手は女戦士のモフモフ愛玩動物: 69 chapters
  Chapter list saved; images require manual crawl
[83/1866] 一億年ボタンを連打した俺は、気付いたら最強になっていた ～落第剣士の学院無双～: 95 chapters
  Chapter list saved; images require manual crawl
[84/1866] 異世界魔王と召喚少女の奴隷魔術: 335 chapters
  Chapter list saved; images require manual crawl
[85/1866] クラスで2番目に可愛いボーイッシュ幼馴染の完全攻略神託チャート: 16 chapters
  Chapter list saved; images require manual crawl
[86/1866] 英雄女騎士に有能とバレた俺の美人ハーレム騎士団 ガイカク・ヒクメの奇術騎士団: 23 chapters
  Chapter list saved; images require manual crawl
[87/1866] 「お前を追放する」追放されたのは俺ではなく無口な魔法少女でした: 32 chapters
  Chapter list saved; images require manual crawl
[88/1866] オーク英雄物語 忖度列伝: 19 chapters
  Chapter list saved; images require manual crawl
[89/1866] 壁役など不要と追放されたＳ級冒険者、≪奴隷解放≫スキルを駆使して史上最強の国造り: 24 chapters
  Chapter list saved; images require manual crawl
[90/1866] 鬼畜英雄: 109 chapters
  Chapter list saved; images require manual crawl
[91/1866] ハメられた未亡人はPTAを許さない: 17 chapters
  Chapter list saved; images require manual crawl
[92/1866] 万年Dランクの中年冒険者、酔った勢いで伝説の剣を引っこ抜く: 108 chapters
  Chapter list saved; images require manual crawl
[93/1866] ギャルママとパコパコSEX～人妻の超絶テクにマジイキ絶頂!: 95 chapters
  Chapter list saved; images require manual crawl
[94/1866] その門番、最強につき~追放された防御力9999の戦士、王都の門番として無双する: 129 chapters
  Chapter list saved; images require manual crawl
[95/1866] この素晴らしい世界に祝福を!: 140 chapters
  Chapter list saved; images require manual crawl
[96/1866] クセ強彼女は床にいざなう: 45 chapters
  Chapter list saved; images require manual crawl
[97/1866] インゴシマ: 162 chapters
  Chapter list saved; images require manual crawl
[98/1866] 不徳のギルド: 113 chapters
  Chapter list saved; images require manual crawl
[99/1866] さわらないで小手指くん: 145 chapters
  Chapter list saved; images require manual crawl
[100/1866] 異世界で土地を買って農場を作ろう: 80 chapters
  Chapter list saved; images require manual crawl
[101/1866] 漆黒使いの最強勇者 仲間全員に裏切られたので最強の魔物と組みます: 99 chapters
  Chapter list saved; images require manual crawl
[102/1866] 精霊達の楽園と理想の異世界生活: 87 chapters
  Chapter list saved; images require manual crawl
[103/1866] オトナを知りたい女友達: 29 chapters
  Chapter list saved; images require manual crawl
[104/1866] ムルシエラゴ – MURCIELAGO: 204 chapters
  Chapter list saved; images require manual crawl
[105/1866] 裏切られたSランク冒険者の俺は、愛する奴隷の彼女らと共に奴隷だけのハーレムギルドを作る: 144 chapters
  Chapter list saved; images require manual crawl
[106/1866] 寄宿学校のジュリエット: 119 chapters
  Chapter list saved; images require manual crawl
[107/1866] ダーウィンズゲーム: 93 chapters
  Chapter list saved; images require manual crawl
[108/1866] クズレス・オブリージュ　18禁ゲー世界のクズ悪役に転生してしまった俺は、原作知識の力でどうしてもモブ人生をつかみ取りたい: 23 chapters
  Chapter list saved; images require manual crawl
[109/1866] 巻き込まれて異世界転移する奴は、大抵チート: 111 chapters
  Chapter list saved; images require manual crawl
[110/1866] 迷宮狂走曲　～エロゲ世界なのにエロそっちのけでひたすら最強を目指すモブ転生者～: 33 chapters
  Chapter list saved; images require manual crawl
[111/1866] 異世界召喚は二度目です: 176 chapters
  Chapter list saved; images require manual crawl
[112/1866] 化物語: 190 chapters
  Chapter list saved; images require manual crawl
[113/1866] カレシがいるのに: 81 chapters
  Chapter list saved; images require manual crawl
[114/1866] 108P!~1年後に絶対108Pする話~: 36 chapters
  Chapter list saved; images require manual crawl
[115/1866] クロの戦記Ⅱ 異世界転移した僕が最強なのはベッドの上だけのようです: 64 chapters
  Chapter list saved; images require manual crawl
[116/1866] 勇者に全部奪われた俺は勇者の母親とパーティを組みました！: 38 chapters
  Chapter list saved; images require manual crawl
[117/1866] 恥じらう君が見たいんだ: 115 chapters
  Chapter list saved; images require manual crawl
[118/1866] 間違った子を魔法少女にしてしまった: 140 chapters
  Chapter list saved; images require manual crawl
[119/1866] 限定版 勇者様、昨夜もお楽しみでしたね。: 71 chapters
  Chapter list saved; images require manual crawl
[120/1866] いじめの仕返しは先生にお任せ: 52 chapters
  Chapter list saved; images require manual crawl
[121/1866] To LOVEる—とらぶる: 161 chapters
  Chapter list saved; images require manual crawl
[122/1866] イリオス: 135 chapters
  Chapter list saved; images require manual crawl
[123/1866] ドメスティックな彼女: 292 chapters
  Chapter list saved; images require manual crawl
[124/1866] 男子高校生を養いたいお姉さんの話: 338 chapters
  Chapter list saved; images require manual crawl
[125/1866] インフェクション: 266 chapters
  Chapter list saved; images require manual crawl
[126/1866] ありふれた職業で世界最強: 122 chapters
  Chapter list saved; images require manual crawl
[127/1866] 双星のアポクリファ: 39 chapters
  Chapter list saved; images require manual crawl
[128/1866] 恋獄島～極地恋愛～: 42 chapters
  Chapter list saved; images require manual crawl
[129/1866] 学園物の乙女ゲームの世界に転生したけど、チート持ちの背景男子生徒だったようです。: 73 chapters
  Chapter list saved; images require manual crawl
[130/1866] 夫婦交姦～一度シたら戻れない…夫よりスゴい婚外セックス～: 90 chapters
  Chapter list saved; images require manual crawl
[131/1866] 善人おっさん、生まれ変わったらSSSランク人生が確定した: 145 chapters
  Chapter list saved; images require manual crawl
[132/1866] 撮るに足らない: 43 chapters
  Chapter list saved; images require manual crawl
[133/1866] 異世界嫁探しのススメ　～30代独身男性は、モンスター娘から需要があるらしい～: 52 chapters
  Chapter list saved; images require manual crawl
[134/1866] カラダにイイ男: 73 chapters
  Chapter list saved; images require manual crawl
[135/1866] 凡骨新兵のモンスターライフ: 36 chapters
  Chapter list saved; images require manual crawl
[136/1866] ギガント: 88 chapters
  Chapter list saved; images require manual crawl
[137/1866] 美女と賢者と魔人の剣: 41 chapters
  Chapter list saved; images require manual crawl
[138/1866] 悶えてよ、アダムくん【フルカラー】: 62 chapters
  Chapter list saved; images require manual crawl
[139/1866] イジらないで、長瀞さん: 163 chapters
  Chapter list saved; images require manual crawl
[140/1866] HACKING〜GHOST〜カラダにしか価値のない学園〜: 66 chapters
  Chapter list saved; images require manual crawl
[141/1866] 山田くんと7人の魔女: 246 chapters
  Chapter list saved; images require manual crawl
[142/1866] ストラテジックラバーズ: 65 chapters
  Chapter list saved; images require manual crawl
[143/1866] あらくれお嬢様はもんもんしている: 113 chapters
  Chapter list saved; images require manual crawl
[144/1866] 舞浜有希のイキ顔は部活顧問の俺しか知らない: 100 chapters
  Chapter list saved; images require manual crawl
[145/1866] 2.5次元の誘惑: 209 chapters
  Chapter list saved; images require manual crawl
[146/1866] 大きい女の子は好きですか?: 80 chapters
  Chapter list saved; images require manual crawl
[147/1866] ミルク搾りハンターの異世界搾乳記～農家の冴えない男があらゆる種族の地区Bを弄び虜にする～: 52 chapters
  Chapter list saved; images require manual crawl
[148/1866] 若気の至りまくり、夏。: 60 chapters
  Chapter list saved; images require manual crawl
[149/1866] 世界の終わりの世界録 (アンコール): 113 chapters
  Chapter list saved; images require manual crawl
[150/1866] えっ、転移失敗！？ ……成功？: 172 chapters
  Chapter list saved; images require manual crawl
[151/1866] ブトゥーム: 120 chapters
  Chapter list saved; images require manual crawl
[152/1866] 風都探偵: 178 chapters
  Chapter list saved; images require manual crawl
[153/1866] 神の手違いで死んだらチートガン積みで異世界に放り込まれました: 76 chapters
Mon Jun 15 12:51:44 AM GMT 2026 - crawler already running
  Chapter list saved; images require manual crawl
[154/1866] 夫婦以上、恋人未満。: 82 chapters
  Chapter list saved; images require manual crawl
[155/1866] ハブられルーン使い: 12 chapters
  Chapter list saved; images require manual crawl
[156/1866] 異世界転移した俺は、Hのたびにガチャを引く！～もってくれ、俺の精力！～: 22 chapters
  Chapter list saved; images require manual crawl
[157/1866] Fate/stay night (Heaven’s Feel) フェイト/ゼロ: 103 chapters
  Chapter list saved; images require manual crawl
[158/1866] セブンス: 43 chapters
  Chapter list saved; images require manual crawl
[159/1866] まんきつしたい常連さん: 89 chapters
  Chapter list saved; images require manual crawl
[160/1866] 田舎の黒ギャルJKと結婚しました: 52 chapters
  Chapter list saved; images require manual crawl
[161/1866] 不老不死少女の苗床旅行記: 45 chapters
  Chapter list saved; images require manual crawl
[162/1866] ハーレム王の異世界プレス漫遊記　～最強無双のおじさんはあらゆる種族を嫁にする～: 68 chapters
  Chapter list saved; images require manual crawl
[163/1866] ふたりエッチ: 158 chapters
  Chapter list saved; images require manual crawl
[164/1866] SEISHOKUKI – 性食鬼: 187 chapters
  Chapter list saved; images require manual crawl
[165/1866] ハーレム×ハーレム: 128 chapters
  Chapter list saved; images require manual crawl
[166/1866] 絶望の楽園: 74 chapters
  Chapter list saved; images require manual crawl
[167/1866] ダンジョンに出会いを求めるのは間違っているだろうか: 113 chapters
  Chapter list saved; images require manual crawl
[168/1866] 寝取り魔法使いの冒険: 44 chapters
  Chapter list saved; images require manual crawl
[169/1866] 思春期ちゃんのしつけかた: 128 chapters
  Chapter list saved; images require manual crawl
[170/1866] 爆乳たちに追放されたが戻れと言われても、もう遅……戻りましゅぅぅ！: 23 chapters
  Chapter list saved; images require manual crawl
[171/1866] カット＆ペーストでこの世界を生きていく: 141 chapters
  Chapter list saved; images require manual crawl
[172/1866] せっかくチートを貰って異世界に転移したんだから、好きなように生きてみたい: 72 chapters
  Chapter list saved; images require manual crawl
[173/1866] お隣さんのギャルが僕を惚れさせたくて全力すぎる: 15 chapters
  Chapter list saved; images require manual crawl
[174/1866] 絶頂スキル【温泉創造】で湯けむりハーレムを築くまで〜返済が滞ったら即奴隷の異世界転生! 赤字旅館再建: 42 chapters
  Chapter list saved; images require manual crawl
[175/1866] 四度目は嫌な死属性魔術師: 80 chapters
  Chapter list saved; images require manual crawl
[176/1866] 男嫌いな美人姉妹を名前も告げずに助けたら一体どうなる?: 30 chapters
  Chapter list saved; images require manual crawl
[177/1866] ハンツー×トラッシュ: 197 chapters
  Chapter list saved; images require manual crawl
[178/1866] 人生逆転ダンジョン: 14 chapters
  Chapter list saved; images require manual crawl
[179/1866] 委員長、さっきトイレでオナってたでしょ?～イッた回数がバレちゃう世界～: 142 chapters
  Chapter list saved; images require manual crawl
[180/1866] カラミざかり ボクのほんとと君の嘘: 52 chapters
  Chapter list saved; images require manual crawl
[181/1866] つぐもも: 199 chapters
  Chapter list saved; images require manual crawl
[182/1866] 甘神さんちの縁結び: 193 chapters
  Chapter list saved; images require manual crawl
[183/1866] 僕は君たちを支配する: 85 chapters
  Chapter list saved; images require manual crawl
[184/1866] 難攻不落の魔王城へようこそ ～デバフは不要と勇者パーティーを追い出された黒魔導士、魔王軍の最高幹部に迎えられる～: 79 chapters
  Chapter list saved; images require manual crawl
[185/1866] 姉が剣聖で妹が賢者で: 49 chapters
  Chapter list saved; images require manual crawl
[186/1866] 拝啓、天国の姉さん、勇者になった姪がエロすぎてーー 叔父さん、保護者とかそろそろ無理です＋（ぷらす）: 31 chapters
  Chapter list saved; images require manual crawl
[187/1866] ダンベル何キロ持てる？: 163 chapters
  Chapter list saved; images require manual crawl
[188/1866] 成長チートでなんでもできるようになったが、無職だけは辞められないようです: 107 chapters
  Chapter list saved; images require manual crawl
[189/1866] 色欲無双～変態スキルが暴走してヤリサーから追放された俺は、はからずも淫靡な力で最強になる～: 20 chapters
  Chapter list saved; images require manual crawl
[190/1866] 男子高校生だけどギャルにTSしました: 44 chapters
  Chapter list saved; images require manual crawl
[191/1866] 剣と魔法とNTR: 17 chapters
  Chapter list saved; images require manual crawl
[192/1866] 俺得修学旅行～男は女装した俺だけ!!: 98 chapters
  Chapter list saved; images require manual crawl
[193/1866] 時間停止勇者―余命３日の設定じゃ世界を救うには短すぎる―: 111 chapters
  Chapter list saved; images require manual crawl
[194/1866] ヴァルハラ・オチンチン館: 99 chapters
  Chapter list saved; images require manual crawl
[195/1866] もしも、幼馴染を抱いたなら: 119 chapters
  Chapter list saved; images require manual crawl
[196/1866] リビルドワールド: 85 chapters
  Chapter list saved; images require manual crawl
[197/1866] 俺の調教スキルがなんか変: 31 chapters
  Chapter list saved; images require manual crawl
[198/1866] あなた達それでも先生ですかっ！: 75 chapters
  Chapter list saved; images require manual crawl
[199/1866] 異種族レビュアーズ: 91 chapters
  Chapter list saved; images require manual crawl
[200/1866] 理想のヒモ生活: 108 chapters
  Chapter list saved; images require manual crawl
[201/1866] 私のＨな履歴書みてください: 101 chapters
  Chapter list saved; images require manual crawl
[202/1866] 英雄教室: 145 chapters
  Chapter list saved; images require manual crawl
[203/1866] エロティカル・ウィザードと12人の花嫁: 30 chapters
  Chapter list saved; images require manual crawl
[204/1866] 異世界最高の貴族、ハーレムを増やすほど強くなる: 62 chapters
  Chapter list saved; images require manual crawl
[205/1866] 35歳の選択 ～異世界転生を選んだ場合～: 50 chapters
  Chapter list saved; images require manual crawl
[206/1866] 魔王の娘たちとまぐわえば強くなれるって本当ですか？: 66 chapters
  Chapter list saved; images require manual crawl
[207/1866] ハニートラップ・シェアハウス: 49 chapters
  Chapter list saved; images require manual crawl
[208/1866] ぼくたちは勉強ができない: 188 chapters
  Chapter list saved; images require manual crawl
[209/1866] 咲 -Saki: 105 chapters
  Chapter list saved; images require manual crawl
[210/1866] 異世界料理道: 73 chapters
  Chapter list saved; images require manual crawl
[211/1866] エロいスキルで異世界無双: 56 chapters
  Chapter list saved; images require manual crawl
[212/1866] セクササイズ〜世にもエッチな痩せ方〜: 83 chapters
  Chapter list saved; images require manual crawl
[213/1866] 自重しない元勇者の強くて楽しいニューゲーム: 208 chapters
  Chapter list saved; images require manual crawl
[214/1866] 終末のハーレム セミカラー版: 89 chapters
  Chapter list saved; images require manual crawl
[215/1866] トリニティセブン 7人の魔書使い: 167 chapters
  Chapter list saved; images require manual crawl
[216/1866] ホームルーム: 88 chapters
  Chapter list saved; images require manual crawl
[217/1866] 隣家のお母さんでおっきくなりました。: 45 chapters
  Chapter list saved; images require manual crawl
[218/1866] 窓際編集とバカにされた俺が、双子JKと同居することになった: 25 chapters
  Chapter list saved; images require manual crawl
[219/1866] 獄卒クラーケン: 47 chapters
  Chapter list saved; images require manual crawl
[220/1866] 生意気ギャルの家庭教師、始めます: 91 chapters
  Chapter list saved; images require manual crawl
[221/1866] アラフォー男の異世界通販生活: 51 chapters
  Chapter list saved; images require manual crawl
[222/1866] 英雄魔術師はのんびり暮らしたい＠ＣＯＭＩＣ: 67 chapters
  Chapter list saved; images require manual crawl
[223/1866] 終末のハーレム ファンタジア: 135 chapters
  Chapter list saved; images require manual crawl
[224/1866] 終末のハーレム: 106 chapters
  Chapter list saved; images require manual crawl
[225/1866] セックス＆ダンジョン! ! ～我が家の地下にH回数＝レベルのダンジョンが出現した!?～: 37 chapters
  Chapter list saved; images require manual crawl
[226/1866] 最強ギフトで領地経営スローライフ: 49 chapters
  Chapter list saved; images require manual crawl
[227/1866] 秘密の授業: 55 chapters
  Chapter list saved; images require manual crawl
[228/1866] 異世界NTR ～仲間にバレずにハーレムを～: 56 chapters
  Chapter list saved; images require manual crawl
[229/1866] いいから早く…セックスシよ？-AV鑑賞中にこっそりと抜け出してきた妹の友達と…: 55 chapters
  Chapter list saved; images require manual crawl
[230/1866] ハレ婚。: 187 chapters
  Chapter list saved; images require manual crawl
[231/1866] 大手ギルドで10人分働いている超優秀な俺をクビってマジですか？: 26 chapters
  Chapter list saved; images require manual crawl
[232/1866] 実は今入ってます…｡お風呂でお兄ちゃんの硬いｱﾚが…っ: 111 chapters
  Chapter list saved; images require manual crawl
[233/1866] クラス転移で俺だけハブられたので、同級生ハーレム作ることにした: 150 chapters
  Chapter list saved; images require manual crawl
[234/1866] 監禁王: 33 chapters
  Chapter list saved; images require manual crawl
[235/1866] マリッジグレー: 92 chapters
  Chapter list saved; images require manual crawl
[236/1866] 僕のカノジョ先生: 56 chapters
  Chapter list saved; images require manual crawl
[237/1866] オリエント: 161 chapters
  Chapter list saved; images require manual crawl
[238/1866] 異世界魔術師は魔法を唱えない: 59 chapters
  Chapter list saved; images require manual crawl
[239/1866] 追放僧侶の賢者タイム: 26 chapters
  Chapter list saved; images require manual crawl
[240/1866] こんなことヤリたいの！〜誰にも止められない彼女〜: 126 chapters
  Chapter list saved; images require manual crawl
[241/1866] 蟲蝕のアイリス ～蟲にカラダを作り変えられた追放冒険者♀の蟲毒無双～: 13 chapters
  Chapter list saved; images require manual crawl
[242/1866] 今泉ん家はどうやらギャルの溜まり場になってるらしい～DEEP～: 51 chapters
  Chapter list saved; images require manual crawl
[243/1866] 君に愛されて痛かった: 68 chapters
  Chapter list saved; images require manual crawl
[244/1866] 愚かな天使は悪魔と踊る: 127 chapters
  Chapter list saved; images require manual crawl
[245/1866] 脱法テイマーの成り上がり冒険譚 ~Sランク美少女冒険者が俺の獣魔になっテイマす~: 46 chapters
  Chapter list saved; images require manual crawl
[246/1866] 乙女のおかず: 31 chapters
  Chapter list saved; images require manual crawl
[247/1866] 織津江大志の異世界クリ娘サバイバル日誌: 59 chapters
  Chapter list saved; images require manual crawl
[248/1866] お嬢様の僕: 161 chapters
  Chapter list saved; images require manual crawl
[249/1866] 童貞勇者のハーレム魔王討伐記: 46 chapters
  Chapter list saved; images require manual crawl
[250/1866] 生イキJKに中●し調教～めちゃくちゃに突いて、奥の方に出してあげるね: 46 chapters
  Chapter list saved; images require manual crawl
[251/1866] 魔法少女にあこがれて: 66 chapters
  Chapter list saved; images require manual crawl
[252/1866] 絶対に働きたくないダンジョンマスターが惰眠をむさぼるまで: 105 chapters
  Chapter list saved; images require manual crawl
[253/1866] ガイシューイッショク！: 49 chapters
  Chapter list saved; images require manual crawl
[254/1866] 明日ちゃんのセーラー服: 65 chapters
  Chapter list saved; images require manual crawl
[255/1866] 魔王様の街づくり！～最強のダンジョンは近代都市～: 95 chapters
  Chapter list saved; images require manual crawl
[256/1866] 無邪気の楽園: 93 chapters
  Chapter list saved; images require manual crawl
[257/1866] 不貞のオリンピア: 11 chapters
  Chapter list saved; images require manual crawl
[258/1866] 後輩女子が塩対応すぎて…押してダメなら挿入れてみた。: 104 chapters
  Chapter list saved; images require manual crawl
[259/1866] 不倫学概論: 73 chapters
  Chapter list saved; images require manual crawl
[260/1866] 時間停止勇者: 78 chapters
  Chapter list saved; images require manual crawl
[261/1866] 俺、寝取られたいんです!!!: 17 chapters
  Chapter list saved; images require manual crawl
[262/1866] 魔王の始め方 THE COMIC: 89 chapters
  Chapter list saved; images require manual crawl
[263/1866] 同居している剣聖の女師匠が可愛すぎて毎日幸せです: 13 chapters
  Chapter list saved; images require manual crawl
[264/1866] 絶食系男子、性欲を知る: 40 chapters
  Chapter list saved; images require manual crawl
[265/1866] 転生したら異世界美少女に種付けし放題！？: 32 chapters
  Chapter list saved; images require manual crawl
[266/1866] はじめてのギャル: 207 chapters
  Chapter list saved; images require manual crawl
[267/1866] 剣帝学院の魔眼賢者: 69 chapters
  Chapter list saved; images require manual crawl
[268/1866] 【翻訳】の才能で俺だけが世界を改変できる件 ～ハズレ才能【翻訳】で気付けば世界最強になってました～: 49 chapters
  Chapter list saved; images require manual crawl
[269/1866] わざと見せてる？加茂井さん。: 60 chapters
  Chapter list saved; images require manual crawl
[270/1866] タオルの下は本番ＳＥＸ！ 温泉リポート中、常識破りの本気ピストン！: 54 chapters
  Chapter list saved; images require manual crawl
[271/1866] くじ引き特賞:無双ハーレム権: 115 chapters
  Chapter list saved; images require manual crawl
[272/1866] ハーレムきゃんぷっ！: 42 chapters
  Chapter list saved; images require manual crawl
[273/1866] 異世界ラクラク無人島ライフ ～クラス転移でクラフト能力を選んだ俺だけが、美少女たちとスローライフを送れるっぽい～: 12 chapters
  Chapter list saved; images require manual crawl
[274/1866] すばらしき新世界(フルカラー)【特装版】: 75 chapters
  Chapter list saved; images require manual crawl
[275/1866] 美龍艶笑譚～自己肯定感が激低なドラゴン級美少女魔王を、勇者がイチャラブで退治するお話～: 90 chapters
  Chapter list saved; images require manual crawl
[276/1866] ボクらのリビドー: 18 chapters
  Chapter list saved; images require manual crawl
[277/1866] 二度目の人生、ハーレムモード: 50 chapters
  Chapter list saved; images require manual crawl
[278/1866] 嘘、私今イカされてる…っ～隙なし女子、初泥酔のち無防備タイム～: 116 chapters
  Chapter list saved; images require manual crawl
[279/1866] 神隠しの楽園: 15 chapters
  Chapter list saved; images require manual crawl
[280/1866] 落日のパトス: 99 chapters
  Chapter list saved; images require manual crawl
[281/1866] モブから始まる探索英雄譚: 42 chapters
  Chapter list saved; images require manual crawl
[282/1866] 「彼女と私、どっちのSEXが好き？」誘惑ドロドロの寝取られ三角関係: 27 chapters
  Chapter list saved; images require manual crawl
[283/1866] 俺ん家が女子の溜まり場になっている件: 36 chapters
  Chapter list saved; images require manual crawl
[284/1866] ローゼンガーテン・サーガ: 129 chapters
  Chapter list saved; images require manual crawl
[285/1866] 魔王討伐したあと、目立ちたくないのでギルドマスターになった: 82 chapters
  Chapter list saved; images require manual crawl
[286/1866] 金装のヴェルメイユ　～崖っぷち魔術師は最強の厄災と魔法世界を突き進む～: 44 chapters
  Chapter list saved; images require manual crawl
[287/1866] 変女〜変な女子高生 甘栗千子〜: 143 chapters
  Chapter list saved; images require manual crawl
[288/1866] ギャル神官はリザレがダルい: 16 chapters
  Chapter list saved; images require manual crawl
[289/1866] パラダイス・プール: 38 chapters
  Chapter list saved; images require manual crawl
[290/1866] 戦闘員、派遣します！: 73 chapters
  Chapter list saved; images require manual crawl
[291/1866] 戦姫サバイバルサガ-異世界の運命をかけた無人島フジュン異性交遊: 37 chapters
  Chapter list saved; images require manual crawl
[292/1866] ブラック学校に勤めてしまった先生: 164 chapters
  Chapter list saved; images require manual crawl
[293/1866] トリアージX: 131 chapters
  Chapter list saved; images require manual crawl
[294/1866] 固有スキル「奴隷図鑑」: 56 chapters
  Chapter list saved; images require manual crawl
[295/1866] 魔技科の剣士と召喚魔王: 132 chapters
  Chapter list saved; images require manual crawl
[296/1866] 生残賭博: 55 chapters
  Chapter list saved; images require manual crawl
[297/1866] パシリの舌テク、ヤバいって…ッ～エビ反りイキする生意気ギャル: 106 chapters
  Chapter list saved; images require manual crawl
[298/1866] 美醜逆転世界で治療師やってます: 20 chapters
  Chapter list saved; images require manual crawl
[299/1866] ニートだけどハロワにいったら異世界につれてかれた: 84 chapters
  Chapter list saved; images require manual crawl
[300/1866] 放課後の迷宮冒険者: 9 chapters
  Chapter list saved; images require manual crawl
[301/1866] リビドーズ: 72 chapters
  Chapter list saved; images require manual crawl
[302/1866] 俺の現実は恋愛ゲーム？？～かと思ったら命がけのゲームだった～: 115 chapters
  Chapter list saved; images require manual crawl
[303/1866] クラス召喚に巻き込まれた教師、外れスキルで機械少女を修理する: 69 chapters
  Chapter list saved; images require manual crawl
[304/1866] 衛府の七忍: 59 chapters
  Chapter list saved; images require manual crawl
[305/1866] 絶対にヤッてはいけない異世界召喚: 133 chapters
  Chapter list saved; images require manual crawl
[306/1866] ベアゲルター: 70 chapters
  Chapter list saved; images require manual crawl
[307/1866] カノジョの弱みを握ったら: 43 chapters
  Chapter list saved; images require manual crawl
[308/1866] ヤりたい放題学園祭～全校女子がボクのいいなり!: 158 chapters
  Chapter list saved; images require manual crawl
[309/1866] デスラバ: 104 chapters
  Chapter list saved; images require manual crawl
[310/1866] 放課後H研究会: 70 chapters
  Chapter list saved; images require manual crawl
[311/1866] ハーレムライフ: 88 chapters
  Chapter list saved; images require manual crawl
[312/1866] 小林さんちのメイドラゴン: 133 chapters
  Chapter list saved; images require manual crawl
[313/1866] 侯爵嫡男好色物語 ～異世界ハーレム英雄戦記～: 43 chapters
  Chapter list saved; images require manual crawl
[314/1866] エッチの相手…間違えちゃった!?～修学旅行でヤンキー娘と初体験～: 79 chapters
  Chapter list saved; images require manual crawl
[315/1866] アカイリンゴ: 56 chapters
  Chapter list saved; images require manual crawl
[316/1866] あせとせっけん: 99 chapters
  Chapter list saved; images require manual crawl
[317/1866] 異世界転生したのでマゾ奴隷になる: 18 chapters
  Chapter list saved; images require manual crawl
[318/1866] 戦乙女たちと築く元・底辺村人の最強ハーレム ～数万人の女に対し、男は俺一人～: 10 chapters
  Chapter list saved; images require manual crawl
[319/1866] R15＋じゃダメですか？: 82 chapters
  Chapter list saved; images require manual crawl
[320/1866] 幼馴染にイかされるなんて…！同居初日に喧嘩エッチ: 172 chapters
  Chapter list saved; images require manual crawl
[321/1866] 奉公物語〜僕のお嬢様〜: 81 chapters
  Chapter list saved; images require manual crawl
[322/1866] ダークサモナーとデキている: 69 chapters
  Chapter list saved; images require manual crawl
[323/1866] 今日から僕は、彼女の✕✕を解消する。: 16 chapters
  Chapter list saved; images require manual crawl
[324/1866] きもちぃ、イジメ。～好きな人を守るために100回イカされました…: 36 chapters
  Chapter list saved; images require manual crawl
[325/1866] 召喚勇者だけど下級認定されたのでメイドハーレムを作ります！: 34 chapters
  Chapter list saved; images require manual crawl
[326/1866] 初エッチの相手は…妹！？: 98 chapters
  Chapter list saved; images require manual crawl
[327/1866] 無人島エロサバイバル～無法地帯でハーレム創生計画!?: 36 chapters
  Chapter list saved; images require manual crawl
[328/1866] 命分けの冒険者～不幸少女を救ったら全力で崇拝されたので責任取らざるを得ない～: 8 chapters
  Chapter list saved; images require manual crawl
[329/1866] なでなでスキルで魔力注入!!: 33 chapters
  Chapter list saved; images require manual crawl
[330/1866] 陸上部員と汗だくえっち～コーチ!指導してください!: 80 chapters
  Chapter list saved; images require manual crawl
[331/1866] 悪役御曹司の勘違い聖者生活 ～二度目の人生はやりたい放題したいだけなのに～: 29 chapters
  Chapter list saved; images require manual crawl
[332/1866] キャタピラー: 96 chapters
  Chapter list saved; images require manual crawl
[333/1866] 妻か死か～敗戦国の女たち～: 26 chapters
  Chapter list saved; images require manual crawl
[334/1866] 神伝 生贄に捧げられた俺は、神に拾われ武を極める: 26 chapters
  Chapter list saved; images require manual crawl
[335/1866] 当て屋の椿: 80 chapters
  Chapter list saved; images require manual crawl
[336/1866] 異世界帰りの勇者が現代最強! 異能バトル系美少女をビシバシ調教することに!?: 42 chapters
  Chapter list saved; images require manual crawl
[337/1866] ド天然お姉さんと、ひとつ屋根の下: 31 chapters
  Chapter list saved; images require manual crawl
[338/1866] 農学博士の異世界無双～禁忌の知識で築くモンスター娘ハーレム～: 36 chapters
  Chapter list saved; images require manual crawl
[339/1866] 履いてください、鷹峰さん: 61 chapters
  Chapter list saved; images require manual crawl
[340/1866] 「1分間だけ挿れてもいいよ…」シェアハウスの秘密ルール。: 90 chapters
  Chapter list saved; images require manual crawl
[341/1866] なぜ僕の世界を誰も覚えていないのか？: 88 chapters
  Chapter list saved; images require manual crawl
[342/1866] 邪神監禁ハーレムで異世界征服！: 45 chapters
  Chapter list saved; images require manual crawl
[343/1866] ゆらぎ荘の幽奈さん: 210 chapters
  Chapter list saved; images require manual crawl
[344/1866] ぱンすと。: 109 chapters
  Chapter list saved; images require manual crawl
[345/1866] ヒーローガール×ヒーラーボーイ～TOUCH or DEATH～: 73 chapters
  Chapter list saved; images require manual crawl
[346/1866] イマカノ～リアル女子でアップデート！理想のカノジョとHしたい～: 23 chapters
  Chapter list saved; images require manual crawl
[347/1866] コウカン──あの時…アノ娘♀とイッ♂てたら──: 42 chapters
  Chapter list saved; images require manual crawl
[348/1866] 詰んでる元悪役令嬢はドＳ王子様から逃げ出したい: 60 chapters
  Chapter list saved; images require manual crawl
[349/1866] 淫獄団地: 79 chapters
  Chapter list saved; images require manual crawl
[350/1866] レス妻が性感エステで「また…イク…っ」～うねる指で奥までほぐされ…: 126 chapters
  Chapter list saved; images require manual crawl
[351/1866] おしかけギャルと同棲性活!?-こいつとのセックス、思った以上に…: 143 chapters
  Chapter list saved; images require manual crawl
[352/1866] 3年5組〜絶体絶命！淫らな無人島サバイバル〜: 59 chapters
  Chapter list saved; images require manual crawl
[353/1866] 落第騎士の英雄譚: 45 chapters
  Chapter list saved; images require manual crawl
[354/1866] 辺境のお風呂屋さん、ハーレムになる～山奥にある寂れた温泉の効能がチートすぎて女冒険者に大人気な件～: 11 chapters
  Chapter list saved; images require manual crawl
[355/1866] 結婚指輪物語: 100 chapters
  Chapter list saved; images require manual crawl
[356/1866] 魔王マーラ煩悩学園 〜勇者、教師に堕とされる〜: 16 chapters
  Chapter list saved; images require manual crawl
[357/1866] ストーカー浄化団 -STALKER JOKERS: 44 chapters
  Chapter list saved; images require manual crawl
[358/1866] 遭難したら無人島で中出し放題: 24 chapters
  Chapter list saved; images require manual crawl
[359/1866] すんどめ!! ミルキーウェイ: 60 chapters
  Chapter list saved; images require manual crawl
[360/1866] 無口な彼女の性感帯～声は出さないけど身体は正直だね、ずぶ濡れだよ: 38 chapters
  Chapter list saved; images require manual crawl
[361/1866] 歌のお姉さんだってHしたい～こんな顔､TVの前のみんなには見せられないよ…: 63 chapters
  Chapter list saved; images require manual crawl
[362/1866] 俺堕ちスレイブヒーローコレクション: 41 chapters
  Chapter list saved; images require manual crawl
[363/1866] 異世界のんびり開拓記 -平凡サラリーマン...: 50 chapters
  Chapter list saved; images require manual crawl
[364/1866] 比羅坂日菜子がエロかわいいことを俺だけが知っている: 53 chapters
  Chapter list saved; images require manual crawl
[365/1866] そんなに…私に挿入れたいの？ヤリ部屋の隣で性的にじゃれあって…: 36 chapters
  Chapter list saved; images require manual crawl
[366/1866] 「夫の部下にイかされちゃう…」抗えず感じてしまう不倫妻: 36 chapters
  Chapter list saved; images require manual crawl
[367/1866] 姫ヶ崎櫻子は今日も不憫可愛い: 56 chapters
  Chapter list saved; images require manual crawl
[368/1866] 貴女へささげるサディスティック: 15 chapters
  Chapter list saved; images require manual crawl
[369/1866] 親密な家族: 69 chapters
  Chapter list saved; images require manual crawl
[370/1866] タワマン・リベンジ～最下層からのヤり上がり～: 16 chapters
  Chapter list saved; images require manual crawl
[371/1866] エアコンが壊れた真夏日、汗だくの幼馴染とＳＥＸし続けたら…: 138 chapters
  Chapter list saved; images require manual crawl
[372/1866] 異世界H英雄伝〜美少女戦士たちは最強軍師の無茶なお願いに逆らえない〜: 13 chapters
  Chapter list saved; images require manual crawl
[373/1866] 女子体育大学水泳部の管理人: 33 chapters
  Chapter list saved; images require manual crawl
[374/1866] 不純な彼女達は懺悔しない: 39 chapters
  Chapter list saved; images require manual crawl
[375/1866] ＪＫアイドルと密着生活～ハプニングだらけの女子寮で僕の息子が大活躍！？: 54 chapters
  Chapter list saved; images require manual crawl
[376/1866] ワルハメ～マル秘潜入捜査官アガサ～: 50 chapters
  Chapter list saved; images require manual crawl
[377/1866] ヴァルハラ・オティンティン館: 64 chapters
  Chapter list saved; images require manual crawl
[378/1866] 修学旅行中、カレ友とセックス漬け～極太チ●コに何度もイカされハメられて…: 15 chapters
  Chapter list saved; images require manual crawl
[379/1866] 今世は五縁がありますように!: 39 chapters
  Chapter list saved; images require manual crawl
[380/1866] キリングバイツ: 138 chapters
  Chapter list saved; images require manual crawl
[381/1866] たとえ灰になっても: 53 chapters
  Chapter list saved; images require manual crawl
[382/1866] 「あと3回はイケるよね？」夫の帰宅前、絶倫義弟に何度もハメ倒される妻: 56 chapters
  Chapter list saved; images require manual crawl
[383/1866] Hentai – ちゅぱちゅぱ: 9 chapters
  Chapter list saved; images require manual crawl
[384/1866] 政宗くんのリベンジ: 61 chapters
  Chapter list saved; images require manual crawl
[385/1866] ぬきたし-抜きゲーみたいな島に住んでるわたしはどうすりゃいいですか？: 30 chapters
  Chapter list saved; images require manual crawl
[386/1866] 歪んだ復讐セックス～少女の蜜奥まで捻じ込まれて…！: 24 chapters
  Chapter list saved; images require manual crawl
[387/1866] 俺だけデイリーミッションがあるダンジョン生活: 18 chapters
  Chapter list saved; images require manual crawl
[388/1866] パラダイスヘル: 24 chapters
  Chapter list saved; images require manual crawl
[389/1866] イッても終わらない社員旅行「私、幼なじみに挿入れられちゃってる…！」: 121 chapters
  Chapter list saved; images require manual crawl
[390/1866] 王立魔術学院の鬼畜講師: 33 chapters
  Chapter list saved; images require manual crawl
[391/1866] 「先っぽだけって言ったのに…」兄貴の彼女に頼み込んでゴム無しSEX!!: 81 chapters
  Chapter list saved; images require manual crawl
[392/1866] 地味子は意外にエロかった: 110 chapters
  Chapter list saved; images require manual crawl
[393/1866] 義兄に夜這いをされた私は幾度となく絶頂を繰り返した: 43 chapters
  Chapter list saved; images require manual crawl
[394/1866] 浪人ヘブン〜滑る門には福来る〜: 70 chapters
  Chapter list saved; images require manual crawl
[395/1866] 神無き世界のカミサマ活動: 79 chapters
  Chapter list saved; images require manual crawl
[396/1866] 悪いが私は百合じゃない: 45 chapters
  Chapter list saved; images require manual crawl
[397/1866] ４０００倍の男: 30 chapters
  Chapter list saved; images require manual crawl
[398/1866] 寝取り旅館 ～ドクズおじさんのネトネトしつこい美少女凌辱～: 10 chapters
  Chapter list saved; images require manual crawl
[399/1866] モンスター娘のいる日常: 68 chapters
  Chapter list saved; images require manual crawl
[400/1866] 外道転移者のハーレムダンジョン製作記: 27 chapters
  Chapter list saved; images require manual crawl
[401/1866] アソコ洗い屋のお仕事～片想い中のアイツと女湯で～: 37 chapters
  Chapter list saved; images require manual crawl
[402/1866] ちんパブ! ～あの娘をイカせるのが俺のおシゴト～: 89 chapters
  Chapter list saved; images require manual crawl
[403/1866] 罪と快: 59 chapters
  Chapter list saved; images require manual crawl
[404/1866] 僕得！入院性活-お見舞いに来た女の子たちと内緒のえっち: 168 chapters
  Chapter list saved; images require manual crawl
[405/1866] 入居初日に即挿入！「大家さんのナカ、びしょ濡れですよ…？」: 43 chapters
  Chapter list saved; images require manual crawl
[406/1866] 雪女と蟹を食う: 70 chapters
  Chapter list saved; images require manual crawl
[407/1866] 娘の寝室: 52 chapters
  Chapter list saved; images require manual crawl
[408/1866] 逆転異世界で嫁き遅れＳランク女冒険者たちに迫られています: 23 chapters
  Chapter list saved; images require manual crawl
[409/1866] ふわふわハコスター: 33 chapters
  Chapter list saved; images require manual crawl
[410/1866] 勇者にみんな寝取られたけど諦めずに戦おう。きっと最後は俺が勝つ。: 49 chapters
  Chapter list saved; images require manual crawl
[411/1866] 姉喰い勇者と貞操逆転帝国のお姉ちゃん!～ゴミスルとバカにされ続けた姉喰いギフトの少年、スキル覚醒し帝国最強七大女将軍を堕としまくる。～: 12 chapters
  Chapter list saved; images require manual crawl
[412/1866] はぐれアイドル地獄変: 135 chapters
  Chapter list saved; images require manual crawl
[413/1866] 社員旅行で泥酔エッチ!～温泉のナカで熱いの入ってるぅ…: 87 chapters
  Chapter list saved; images require manual crawl
[414/1866] テンガ転生～おねショタエルフと過ごす倫理不要の異世界ライフ～: 29 chapters
  Chapter list saved; images require manual crawl
[415/1866] チート魔術で運命をねじ伏せる: 54 chapters
  Chapter list saved; images require manual crawl
[416/1866] ラブラブ♥ワンダーランド: 84 chapters
  Chapter list saved; images require manual crawl
[417/1866] 美人女上司滝沢さん: 139 chapters
  Chapter list saved; images require manual crawl
[418/1866] VRエロゲーやってたら異世界に転生したので、美少女魔王を奴隷化する ～クロスアウト・セイバー～: 20 chapters
  Chapter list saved; images require manual crawl
[419/1866] なんでここに先生が！？: 128 chapters
  Chapter list saved; images require manual crawl
[420/1866] 異世界に召喚されたんだけど、なんでも斬れてしまう権能を手に入れたのでイージーモードでした。: 24 chapters
  Chapter list saved; images require manual crawl
[421/1866] Hentai – ヤリすぎ少女の壊し方。: 10 chapters
  Chapter list saved; images require manual crawl
[422/1866] 嫌な顔されながらおパンツ見せてもらいたい ～余はパンツが見たいぞ～: 22 chapters
  Chapter list saved; images require manual crawl
[423/1866] 彼女のカラダを支配して: 40 chapters
  Chapter list saved; images require manual crawl
[424/1866] 尻ﾄﾚ女子はﾊﾟﾝﾂをはかない!～だから挿入っても無罪でしょ?: 18 chapters
  Chapter list saved; images require manual crawl
[425/1866] よりどりみどり: 64 chapters
  Chapter list saved; images require manual crawl
[426/1866] 生産職を極め過ぎたら伝説の武器が俺の嫁になりました: 56 chapters
  Chapter list saved; images require manual crawl
[427/1866] つれない彼女のひとりじめ: 62 chapters
  Chapter list saved; images require manual crawl
[428/1866] 監獄の徒花: 30 chapters
  Chapter list saved; images require manual crawl
[429/1866] テントの中は、ねっとりセックス中!?～キャンプで泥酔、そのまま朝まで…: 24 chapters
  Chapter list saved; images require manual crawl
[430/1866] 初ＳＥＸは姉の彼氏～ダメ、お姉ちゃんの隣で出さないで…！: 63 chapters
  Chapter list saved; images require manual crawl
[431/1866] ムシヌユン: 53 chapters
  Chapter list saved; images require manual crawl
[432/1866] 出会ってひと突きで絶頂除霊！@comic: 116 chapters
  Chapter list saved; images require manual crawl
[433/1866] 大家さんへの家賃は中出しセックスでお支払い: 19 chapters
  Chapter list saved; images require manual crawl
[434/1866] 地獄に堕ちてよ、お兄ちゃん: 29 chapters
  Chapter list saved; images require manual crawl
[435/1866] その異世界ハーレムは制約つき。: 18 chapters
  Chapter list saved; images require manual crawl
[436/1866] デキちゃうまで婚～美女ドクターとズップリ孕ませ生活: 50 chapters
  Chapter list saved; images require manual crawl
[437/1866] Fate/kaleid liner プリズマ☆イリヤ ドライ！！: 102 chapters
  Chapter list saved; images require manual crawl
[438/1866] 家庭教師の誘惑セックス「ゴム…なくなるまで使おうね」: 18 chapters
  Chapter list saved; images require manual crawl
[439/1866] 痴感エクスプレス: 74 chapters
  Chapter list saved; images require manual crawl
[440/1866] クールな新妻との新婚生活はあまりにも…やらしかった: 99 chapters
  Chapter list saved; images require manual crawl
[441/1866] 友達のお母さんとセフレになりました。: 8 chapters
  Chapter list saved; images require manual crawl
[442/1866] 元♥クラスメートです: 41 chapters
  Chapter list saved; images require manual crawl
[443/1866] 小心者なベテラン中年冒険者と奴隷の狐耳少女ッ!!!: 30 chapters
  Chapter list saved; images require manual crawl
[444/1866] エロティック×アナボリック: 71 chapters
  Chapter list saved; images require manual crawl
[445/1866] 効率厨魔導師、第二の人生で魔導を極める: 62 chapters
  Chapter list saved; images require manual crawl
[446/1866] 神呪のネクタール: 104 chapters
  Chapter list saved; images require manual crawl
[447/1866] もうやめて回復しないで賢者様！: 26 chapters
  Chapter list saved; images require manual crawl
[448/1866] 最弱無敗の神装機竜: 46 chapters
  Chapter list saved; images require manual crawl
[449/1866] 地上100階: 71 chapters
  Chapter list saved; images require manual crawl
[450/1866] 秘密の女子大性活: 30 chapters
  Chapter list saved; images require manual crawl
[451/1866] まさか乳首でイクなんて…！～生意気女子もイキ喘ぐおっぱい占い: 36 chapters
  Chapter list saved; images require manual crawl
[452/1866] てのひらにアイを!: 47 chapters
  Chapter list saved; images require manual crawl
[453/1866] 異世界男優～汁男優が異世界転生してエロ知識フル活用で無双男優になる話～: 110 chapters
  Chapter list saved; images require manual crawl
[454/1866] 名前も知らないあの子と: 26 chapters
  Chapter list saved; images require manual crawl
[455/1866] ヤリ部屋暮らし【フルカラー】: 42 chapters
  Chapter list saved; images require manual crawl
[456/1866] 引きこもりのくせして、エロいカラダに育つなよ～俺しか知らない幼馴染のメスの顔: 18 chapters
  Chapter list saved; images require manual crawl
[457/1866] アプリで出会った君と水槽に沈む: 23 chapters
  Chapter list saved; images require manual crawl
[458/1866] ギャルごはん: 69 chapters
  Chapter list saved; images require manual crawl
[459/1866] フラストレーションガールズ: 7 chapters
  Chapter list saved; images require manual crawl
[460/1866] お母さんには秘密だよ？: 31 chapters
  Chapter list saved; images require manual crawl
[461/1866] タダでは抱かれません: 87 chapters
  Chapter list saved; images require manual crawl
[462/1866] 世界を救うために亜人と朝チュンできますか？: 56 chapters
  Chapter list saved; images require manual crawl
[463/1866] 自称Ｆランクのお兄さまがゲームで評価される学園の頂点に君臨するそうですよ？: 73 chapters
  Chapter list saved; images require manual crawl
[464/1866] こんなの全然エロくない!: 28 chapters
  Chapter list saved; images require manual crawl
[465/1866] ハズレ赤魔道士は賢者タイムに無双する: 25 chapters
  Chapter list saved; images require manual crawl
[466/1866] おっさんは異世界で想いを遂げる: 15 chapters
  Chapter list saved; images require manual crawl
[467/1866] ◯◯とヤっちゃった件: 75 chapters
  Chapter list saved; images require manual crawl
[468/1866] クズ外道の俺は、洗脳スキルで美少女を脱がすことにした。: 43 chapters
  Chapter list saved; images require manual crawl
[469/1866] おっぱい見たら､そりゃ乳首舐めるでしょ: 18 chapters
  Chapter list saved; images require manual crawl
[470/1866] 異世界不倫Ⅱ～導かれし人妻たちと不器用転生勇者～: 72 chapters
  Chapter list saved; images require manual crawl
[471/1866] 果て戻る異世界転生～何回やっても幼馴染に辿り着けない～: 30 chapters
  Chapter list saved; images require manual crawl
[472/1866] 水泳部の無口でおとなしい月島さんがセックスにハマったらしい: 15 chapters
  Chapter list saved; images require manual crawl
[473/1866] 不埒な父親: 69 chapters
  Chapter list saved; images require manual crawl
[474/1866] うさ耳ジャックポット: 6 chapters
  Chapter list saved; images require manual crawl
[475/1866] あなたの妹: 16 chapters
  Chapter list saved; images require manual crawl
[476/1866] ぼっち転生記: 61 chapters
  Chapter list saved; images require manual crawl
[477/1866] 無駄だと追放された【宮廷獣医】、獣の国に好待遇で招かれる: 46 chapters
  Chapter list saved; images require manual crawl
[478/1866] 万能スキル『調味料作成』で異世界を生き抜きます！: 41 chapters
  Chapter list saved; images require manual crawl
[479/1866] 一つ屋根の下～甘く危険な熟女の香り～: 68 chapters
  Chapter list saved; images require manual crawl
[480/1866] 異世界不倫～魔王討伐から十年、妻とはレスの元勇者と、夫を亡くした女戦士～: 26 chapters
  Chapter list saved; images require manual crawl
[481/1866] 友達の彼女〜NTRを許可されました〜: 32 chapters
  Chapter list saved; images require manual crawl
[482/1866] 今日から、ひとづマンションに入居します。: 58 chapters
  Chapter list saved; images require manual crawl
[483/1866] さほこクエスト～陰キャ女子、紳士向け同人RPG世界で勇者になる～: 14 chapters
  Chapter list saved; images require manual crawl
[484/1866] この島には淫らで邪悪なモノが棲む: 51 chapters
  Chapter list saved; images require manual crawl
[485/1866] シェアハウス: 33 chapters
  Chapter list saved; images require manual crawl
[486/1866] おんなのこ島漂流記〜えっちの相⼿が俺だけの世界: 18 chapters
  Chapter list saved; images require manual crawl
[487/1866] 魔剣師の魔剣による魔剣のためのハーレムライフ: 51 chapters
  Chapter list saved; images require manual crawl
[488/1866] BLUSH-DC ～秘♥蜜～: 79 chapters
  Chapter list saved; images require manual crawl
[489/1866] 親友のカレシにハメられた私は何時間も何回もイカされ続けた: 51 chapters
  Chapter list saved; images require manual crawl
[490/1866] Flying High：フライング・ハイ: 45 chapters
  Chapter list saved; images require manual crawl
[491/1866] 円光おじさん～ヤバイ！スゴイ！気持ちいいっ！～: 24 chapters
  Chapter list saved; images require manual crawl
[492/1866] 烦恼☆西游记: 73 chapters
  Chapter list saved; images require manual crawl
[493/1866] この異世界には18禁は存在しません!: 30 chapters
  Chapter list saved; images require manual crawl
[494/1866] 乗馬女子の騎乗位はエロすぎて発射不可避！: 184 chapters
  Chapter list saved; images require manual crawl
[495/1866] 伝説の俺: 18 chapters
  Chapter list saved; images require manual crawl
[496/1866] ヤンデレ妹に愛されすぎて子作り監禁生活 THE COMIC: 9 chapters
  Chapter list saved; images require manual crawl
[497/1866] 最近入った白魔導士がパーティークラッシャーで、俺の異世界冒険者生活が崩壊の危機な件について: 41 chapters
  Chapter list saved; images require manual crawl
[498/1866] デカパイ騎士まかり通る!: 23 chapters
  Chapter list saved; images require manual crawl
[499/1866] Hentai – お尻が好きです。: 5 chapters
  Chapter list saved; images require manual crawl
[500/1866] 男性が管理される社会を「ディストピア」と呼ぶのなら THE COMIC: 6 chapters
  Chapter list saved; images require manual crawl
[501/1866] パーティ追放された俺が裏切った仲間に復讐するアンソロジーコミック: 37 chapters
  Chapter list saved; images require manual crawl
[502/1866] 無能認定で冒険者クビになったから地元に帰って結婚する ～結婚相手が世界を滅ぼしかけた龍王の娘で俺の能力が覚醒した～: 30 chapters
  Chapter list saved; images require manual crawl
[503/1866] クノイチノイチ: 45 chapters
  Chapter list saved; images require manual crawl
[504/1866] 女神寮の寮母くん。: 55 chapters
  Chapter list saved; images require manual crawl
[505/1866] 俺の女優が一番淫ら: 62 chapters
  Chapter list saved; images require manual crawl
[506/1866] 猫背女子の乳首がきゅんです…！～敏感な先っぽをイキ我慢特訓～: 17 chapters
  Chapter list saved; images require manual crawl
[507/1866] 特殊性癖教室へようこそ: 30 chapters
  Chapter list saved; images require manual crawl
[508/1866] 水着がズレて…挿入ってる!?～ポロリじゃすまない男女混合シンクロ部: 21 chapters
  Chapter list saved; images require manual crawl
[509/1866] 女性に風俗って必要ですか？　〜アラサー独女の再就職先が女性向け風俗店の裏方だった件〜: 19 chapters
  Chapter list saved; images require manual crawl
[510/1866] 復讐の未亡人: 36 chapters
  Chapter list saved; images require manual crawl
[511/1866] 異世界支配のスキルテイカー ゼロから始める奴隷ハーレム: 133 chapters
  Chapter list saved; images require manual crawl
[512/1866] 悪役令嬢大戦～底辺貴族の俺は貞操観念逆転世界で下剋上する～: 24 chapters
  Chapter list saved; images require manual crawl
[513/1866] マケン姫っ！: 140 chapters
  Chapter list saved; images require manual crawl
[514/1866] ゴエティア・ショック: 27 chapters
  Chapter list saved; images require manual crawl
[515/1866] レベル1の最強賢者　～呪いで最下級魔法しか使えないけど、神の勘違いで無限の魔力を手に入れ最強に～: 37 chapters
  Chapter list saved; images require manual crawl
[516/1866] サバイバルH～義母と交わる生存戦略～: 20 chapters
  Chapter list saved; images require manual crawl
[517/1866] セーフセックス: 28 chapters
  Chapter list saved; images require manual crawl
[518/1866] 田舎球児が東京でセックス無双するためには: 27 chapters
  Chapter list saved; images require manual crawl
[519/1866] 天空の城をもらったので異世界で楽しく遊びたい: 50 chapters
  Chapter list saved; images require manual crawl
[520/1866] 天空の扉: 44 chapters
  Chapter list saved; images require manual crawl
[521/1866] デリバリー (USI): 72 chapters
  Chapter list saved; images require manual crawl
[522/1866] 異世界でも女王様: 16 chapters
  Chapter list saved; images require manual crawl
[523/1866] シェアハウスへようこそ: 21 chapters
  Chapter list saved; images require manual crawl
[524/1866] ≪最強ステータス≫を引き継いで人間に転生した聖獣ベヒーモス、勇者の婚約者（お姫様）をうっかり寝取ってしまう: 18 chapters
  Chapter list saved; images require manual crawl
[525/1866] 洗濯機の上でぐっちょり乳揺れSEX～ぶるぶる振動でパワフル絶頂！: 32 chapters
  Chapter list saved; images require manual crawl
[526/1866] スクールカースト-クラスメイトの地味なあの娘に俺の妄想が掻き立てられる!!: 22 chapters
  Chapter list saved; images require manual crawl
[527/1866] すっぴんギャルと汗だく性交～素顔とカラダはウブなあの子と岩盤浴で～: 21 chapters
  Chapter list saved; images require manual crawl
[528/1866] 「朝までするけど…大丈夫？」～絶倫アラフォーの激しめエッチ！: 24 chapters
  Chapter list saved; images require manual crawl
[529/1866] 放課後インスタントXXX: 4 chapters
  Chapter list saved; images require manual crawl
[530/1866] 首を斬らねば分かるまい: 47 chapters
  Chapter list saved; images require manual crawl
[531/1866] あと１mmで挿入っちゃうね？雑魚寝してたら隣の女子にイジられて…: 27 chapters
  Chapter list saved; images require manual crawl
[532/1866] 失恋したのでVTUBERはじめたら年上のお姉さんにモテました: 25 chapters
  Chapter list saved; images require manual crawl
[533/1866] 天獄で悪魔がボクを魅惑する: 33 chapters
  Chapter list saved; images require manual crawl
[534/1866] Social Survival Rabbits-ソーシャル・サバイバル・ラビッツ: 61 chapters
  Chapter list saved; images require manual crawl
[535/1866] 恋獄の都市: 47 chapters
  Chapter list saved; images require manual crawl
[536/1866] 女性専用。: 71 chapters
  Chapter list saved; images require manual crawl
[537/1866] 禁欲､失敗｡～無防備ズボラ美女との同居生活､セックスを我慢できるのは30日が限界説: 18 chapters
  Chapter list saved; images require manual crawl
[538/1866] ゼッタイ名器な処女降臨!～未使用オ●ホが女の子になっちゃった!?: 18 chapters
  Chapter list saved; images require manual crawl
[539/1866] 一度だけでも、後悔してます。: 43 chapters
  Chapter list saved; images require manual crawl
[540/1866] 人妻家政婦は今日も激しく、イキ喘ぐ…: 30 chapters
  Chapter list saved; images require manual crawl
[541/1866] 今日は私に挿入しちゃう?～篠塚さんちの巨乳三姉妹: 25 chapters
  Chapter list saved; images require manual crawl
[542/1866] 俺が支配する世界: 40 chapters
  Chapter list saved; images require manual crawl
[543/1866] 人妻バレー部の汗だくSEX～シャワー浴びながら密着しちゃう？: 15 chapters
  Chapter list saved; images require manual crawl
[544/1866] かまって姉妹と同棲生活: 50 chapters
  Chapter list saved; images require manual crawl
[545/1866] おとなりのダウナーさんは無理させない: 18 chapters
  Chapter list saved; images require manual crawl
[546/1866] 離婚しない男 CASE２: 72 chapters
  Chapter list saved; images require manual crawl
[547/1866] アナタ、ごめんなさいは言わないわ…～Ｗ不倫の生保レディ: 23 chapters
  Chapter list saved; images require manual crawl
[548/1866] 激詰みダンジョンですが《スキル：繁殖》で逆転したいと思います: 23 chapters
  Chapter list saved; images require manual crawl
[549/1866] 1年間電車の中で男たちに触られることをガマンし続けたあたしは…: 18 chapters
  Chapter list saved; images require manual crawl
[550/1866] 10年前から挿れて欲しくて｡～純真ｷﾞｬﾙは未来から来た幼馴染～: 27 chapters
  Chapter list saved; images require manual crawl
[551/1866] 僕のママ活～欲求不満の奥様達にセックスの悦びを！～: 21 chapters
  Chapter list saved; images require manual crawl
[552/1866] 挿入ってるの…みんなにバレちゃう！（※同級生と布団に隠れてSEX中: 107 chapters
  Chapter list saved; images require manual crawl
[553/1866] ヤリチ〇同期に寝取られた幼なじみ～好き同士だった子と教育実習で再会したら…～: 7 chapters
  Chapter list saved; images require manual crawl
[554/1866] 断れない彼女: 108 chapters
  Chapter list saved; images require manual crawl
[555/1866] 童貞にイかされまくるギャル妻「もうダメッ…これ以上何度もイきたくない…」: 18 chapters
  Chapter list saved; images require manual crawl
[556/1866] 真面目でメガネなおっぱい達～手堅い彼女にエチエチ過ぎるおしおきを～: 22 chapters
  Chapter list saved; images require manual crawl
[557/1866] 俺はあざといを許さない: 32 chapters
  Chapter list saved; images require manual crawl
[558/1866] 百合のはじまりは奴隷から: 35 chapters
  Chapter list saved; images require manual crawl
[559/1866] 逸脱日記〜誰にも言えない秘密の経験暴露しちゃいます〜: 46 chapters
  Chapter list saved; images require manual crawl
[560/1866] 好感度が見えるようになったんだが、ヒロインがカンストしている件: 11 chapters
  Chapter list saved; images require manual crawl
[561/1866] 「私の処女をもらってください！」～優等生JKが夏休みの女子寮でハメられとろとろSEX: 26 chapters
  Chapter list saved; images require manual crawl
[562/1866] インハンド: 48 chapters
  Chapter list saved; images require manual crawl
[563/1866] 12歳差の肉食エッチ〜何度もしたのに…もっとシたい: 27 chapters
  Chapter list saved; images require manual crawl
[564/1866] 姫騎士がクラスメート！: 82 chapters
  Chapter list saved; images require manual crawl
[565/1866] 301号室の甘い声: 57 chapters
  Chapter list saved; images require manual crawl
[566/1866] 愚か者は猫耳奴隷に依存する～初めての調教生活～: 32 chapters
  Chapter list saved; images require manual crawl
[567/1866] 聖液鍛冶屋のエロランタ: 19 chapters
  Chapter list saved; images require manual crawl
[568/1866] キモチイイのは演技じゃなくて…!ただがむしゃらにセックスされて: 29 chapters
  Chapter list saved; images require manual crawl
[569/1866] どうしろってんだぁ！: 128 chapters
  Chapter list saved; images require manual crawl
[570/1866] 絶賛配信中ッ義母肉便器計画！: 9 chapters
  Chapter list saved; images require manual crawl
[571/1866] ハメ倒した田舎の夏休み、ズブズブのセックス関係はじめました: 9 chapters
  Chapter list saved; images require manual crawl
[572/1866] このまま挿れられるから…早く…シよ？: 20 chapters
  Chapter list saved; images require manual crawl
[573/1866] 仮面の黒騎士。正体バレたのでもう学園でも無双する: 8 chapters
  Chapter list saved; images require manual crawl
[574/1866] 地味子と修学旅行でセックス三昧！？: 34 chapters
  Chapter list saved; images require manual crawl
[575/1866] 兎にも角にも: 54 chapters
  Chapter list saved; images require manual crawl
[576/1866] カフェイン〜ほろ苦いその快楽に溺れて〜: 52 chapters
  Chapter list saved; images require manual crawl
[577/1866] ニンジャスレイヤー・キョート・ヘル・オン・アース: 24 chapters
  Chapter list saved; images require manual crawl
[578/1866] セックスしてから恋しちゃお-おんなのこだって気持ちいいコト…したいんです！: 26 chapters
  Chapter list saved; images require manual crawl
[579/1866] 『おっぱい揉みたい』って叫んだら、妹の友達と付き合うことになりました。: 15 chapters
  Chapter list saved; images require manual crawl
[580/1866] 阿佐ヶ谷サキュバス同人物語: 26 chapters
  Chapter list saved; images require manual crawl
[581/1866] 浪人生とエロい奴: 16 chapters
  Chapter list saved; images require manual crawl
[582/1866] Sレア装備の似合う彼女: 64 chapters
  Chapter list saved; images require manual crawl
[583/1866] 嫌われ勇者を演じた俺は、なぜかラスボスに好かれて一緒に生活してます!: 28 chapters
  Chapter list saved; images require manual crawl
[584/1866] 沼らせお姉さん～カノジョとできない事、ぜんぶ～【フルカラー】: 15 chapters
  Chapter list saved; images require manual crawl
[585/1866] 恋愛サバイバルリアリティショーに来たはずが、リアルサバイバルデスゲームを生き抜くことになりました: 24 chapters
  Chapter list saved; images require manual crawl
[586/1866] 新都市の人妻〜危険なエステの誘惑〜: 34 chapters
  Chapter list saved; images require manual crawl
[587/1866] パジャマ女子会、挿入中!?～姪に欲情なんかしないって言ってたくせに…っ!: 45 chapters
  Chapter list saved; images require manual crawl
[588/1866] ネガティブハーレム愛ランド: 34 chapters
  Chapter list saved; images require manual crawl
[589/1866] 担任に復讐するつもりが、逆にお仕置きされてます。: 8 chapters
  Chapter list saved; images require manual crawl
[590/1866] ダンジョンでエロいトラップにハマっちゃうアンソロジーコミック: 13 chapters
  Chapter list saved; images require manual crawl
[591/1866] 時先生は着替えたい: 37 chapters
  Chapter list saved; images require manual crawl
[592/1866] 顔だけ良いクラスメイトが、やたらとグイグイ来る百合の話。: 24 chapters
  Chapter list saved; images require manual crawl
[593/1866] いいなり: 31 chapters
  Chapter list saved; images require manual crawl
[594/1866] 商店街の男達に抱かれることを選んだ私～裏メニューは人妻弁当: 62 chapters
  Chapter list saved; images require manual crawl
[595/1866] 大事なところグリグリしないでぇ…！パンツが擦れてヤラシイ刺激。奥まで食い込む即イキSEX: 36 chapters
  Chapter list saved; images require manual crawl
[596/1866] お隣さんは発情期～揉まれて吸われてハメられて: 33 chapters
  Chapter list saved; images require manual crawl
[597/1866] EROSサバイバル: 343 chapters
  Chapter list saved; images require manual crawl
[598/1866] 妻の秘密､売ります｡【フルカラー】: 30 chapters
  Chapter list saved; images require manual crawl
[599/1866] ダーリン・イン・ザ・フランキス: 60 chapters
  Chapter list saved; images require manual crawl
[600/1866] 近親痴漢白書: 6 chapters
  Chapter list saved; images require manual crawl
[601/1866] 熟女熱〜シたいこと ぜんぶ サセられる〜: 27 chapters
  Chapter list saved; images require manual crawl
[602/1866] THE屈辱♂♀嫌々言うけど本当はハメられて悦んでるでしょw: 12 chapters
  Chapter list saved; images require manual crawl
[603/1866] リベンジゲーム～愛憎～: 21 chapters
  Chapter list saved; images require manual crawl
[604/1866] セックス・ファンタジー: 46 chapters
  Chapter list saved; images require manual crawl
[605/1866] 高2にタイムリープした俺が、当時好きだった先生に告った結果: 24 chapters
  Chapter list saved; images require manual crawl
[606/1866] クラスごと集団転移しましたが、一番強い俺は最弱の商人に偽装中です: 99 chapters
  Chapter list saved; images require manual crawl
[607/1866] 幼馴染が､大人になったら: 15 chapters
  Chapter list saved; images require manual crawl
[608/1866] ながされて藍蘭島: 331 chapters
  Chapter list saved; images require manual crawl
[609/1866] 異世界帰りのおっさんは父性スキルでファザコン娘達をトロトロに: 41 chapters
  Chapter list saved; images require manual crawl
[610/1866] たんけんはっけん ぼくの異世界エルフさん: 28 chapters
  Chapter list saved; images require manual crawl
[611/1866] 奥のコリまで刺激！会社の同僚にエロマッサージしたら…「イクっ！」: 36 chapters
  Chapter list saved; images require manual crawl
[612/1866] 転校初日に…教室でひとりエッチ見られちゃった！？: 26 chapters
  Chapter list saved; images require manual crawl
[613/1866] 小悪魔教師サイコ: 18 chapters
  Chapter list saved; images require manual crawl
[614/1866] 彩純ちゃんはレズ風俗に興味があります！: 30 chapters
  Chapter list saved; images require manual crawl
[615/1866] 狂気の華 ～元カノの誘惑～: 12 chapters
  Chapter list saved; images require manual crawl
[616/1866] 世界か彼女か選べない: 41 chapters
  Chapter list saved; images require manual crawl
[617/1866] 剥かせて！竜ケ崎さん: 119 chapters
  Chapter list saved; images require manual crawl
[618/1866] 禁欲いんぽっしぶる女学園: 7 chapters
  Chapter list saved; images require manual crawl
[619/1866] 妾: 122 chapters
  Chapter list saved; images require manual crawl
[620/1866] エロゲの竿おじさんに転生してしまった: 24 chapters
  Chapter list saved; images require manual crawl
[621/1866] 夫以外にイかされた日。～全身が性感帯に変わる目隠しオイルマッサージ～: 27 chapters
  Chapter list saved; images require manual crawl
[622/1866] 睡れるウチの美女【フルカラー】: 27 chapters
  Chapter list saved; images require manual crawl
[623/1866] パート先で寝取られた人妻～店長は執拗な愛撫を繰り返し、私をイカせ続けた: 21 chapters
  Chapter list saved; images require manual crawl
[624/1866] テレワーク中、息子の彼女と×××: 35 chapters
  Chapter list saved; images require manual crawl
[625/1866] メイド教育。ー没落貴族 瑠璃川椿ー: 5 chapters
  Chapter list saved; images require manual crawl
[626/1866] 教え子がAV女優、監督はボク。: 159 chapters
  Chapter list saved; images require manual crawl
[627/1866] 幼なじみとイケないことしちゃダメですか？: 46 chapters
  Chapter list saved; images require manual crawl
[628/1866] 痩せた秘訣はセクササイズ～あ、ソコをグリグリしちゃ…ダメェ!～: 45 chapters
  Chapter list saved; images require manual crawl
[629/1866] アプリでマッチングした相手は、堅物な担任女教師でした。: 26 chapters
  Chapter list saved; images require manual crawl
[630/1866] 居眠り中の女上司にこっそり挿入（※寝たフリしながらイッてました）: 45 chapters
  Chapter list saved; images require manual crawl
[631/1866] 借金100億の神巫女、温泉宿のおっさんに買われる: 32 chapters
  Chapter list saved; images require manual crawl
[632/1866] 性欲強めな女子、堕ちる。腰までトロける極上の性感マッサージ: 18 chapters
  Chapter list saved; images require manual crawl
[633/1866] 24時間耐久エロマッサージ-されるがままにイカされて…: 14 chapters
  Chapter list saved; images require manual crawl
[634/1866] スカートのナカ、寝取られ中。～風紀委員は不良に絶対服従です: 26 chapters
  Chapter list saved; images require manual crawl
[635/1866] EX-ARM-エクスアーム: 98 chapters
  Chapter list saved; images require manual crawl
[636/1866] DQN校は俺の巨◯に夢中～発情ギャル軍団とまさかの青春セックス三昧!?～: 6 chapters
  Chapter list saved; images require manual crawl
[637/1866] 新卒妄想ちゃんの日常性活！: 142 chapters
  Chapter list saved; images require manual crawl
[638/1866] どこにでもいる普通の人妻が息子の同級生に家畜調教されて…: 21 chapters
  Chapter list saved; images require manual crawl
[639/1866] 学園黙示録 HIGHSCHOOL OF THE DEAD: 10 chapters
  Chapter list saved; images require manual crawl
[640/1866] 今、俺の×××を咥えている清純派女優は、イケメン俳優と熱愛が報じられている: 17 chapters
  Chapter list saved; images require manual crawl
[641/1866] 甘い生活 2nd season: 118 chapters
  Chapter list saved; images require manual crawl
[642/1866] 混浴サウナで女子マネと汗だくえっち～これ以上は…みんなにバレちゃう…！【タテヨミ】: 18 chapters
  Chapter list saved; images require manual crawl
[643/1866] マンガ版　ビッチ先生が教える 一緒に気持ちよくなれるセックス講座: 14 chapters
  Chapter list saved; images require manual crawl
[644/1866] ヤリサーで処女とか、甘えだよ。～うっかり入会したあの娘をイカせて守り抜け!?: 18 chapters
  Chapter list saved; images require manual crawl
[645/1866] エッチなオモチャ〜刺激的な愛を求めて〜: 50 chapters
  Chapter list saved; images require manual crawl
[646/1866] 絶対に感じてはいけないリモート会議～強気な女上司､カメラの死角で絶頂中～: 8 chapters
  Chapter list saved; images require manual crawl
[647/1866] Tentacle Hole: 29 chapters
  Chapter list saved; images require manual crawl
[648/1866] シングルマザーハウス: 8 chapters
  Chapter list saved; images require manual crawl
[649/1866] 【ページ】「私に挿入れたくないんですか？」裏メニューは濃厚トロトロSEX: 36 chapters
  Chapter list saved; images require manual crawl
[650/1866] 聖華女学院公認絶倫おじさん～年頃娘をぞっこんにさせる超絶テク: 7 chapters
  Chapter list saved; images require manual crawl
[651/1866] ビタースイート 〜ほろ苦い誘惑の味〜: 55 chapters
  Chapter list saved; images require manual crawl
[652/1866] 甘辛義姉妹に挟まれてます: 22 chapters
  Chapter list saved; images require manual crawl
[653/1866] ベッドインキャンパス: 30 chapters
  Chapter list saved; images require manual crawl
[654/1866] 異世界サウナでととのいスローライフ ～無知な女冒険者とラブラブ混浴しちゃう～: 16 chapters
  Chapter list saved; images require manual crawl
[655/1866] ぱい☆パニック ～挟まれたデカぱい～: 13 chapters
  Chapter list saved; images require manual crawl
[656/1866] さっきマッサージ中にイッたでしょ？～水泳女子はエッチな刺激に弱すぎて: 24 chapters
  Chapter list saved; images require manual crawl
[657/1866] 若社長のNTR合併: 46 chapters
  Chapter list saved; images require manual crawl
[658/1866] レンタルガールズ: 58 chapters
  Chapter list saved; images require manual crawl
[659/1866] 代理父: 81 chapters
  Chapter list saved; images require manual crawl
[660/1866] フェロモンホリック: 53 chapters
  Chapter list saved; images require manual crawl
[661/1866] 目指せ、アルファ男！〜モテる男の全裸マニュアル〜: 25 chapters
  Chapter list saved; images require manual crawl
[662/1866] 目が覚めたら周りがみんな女だった!ので、彼女達を一日中イカせまくった: 27 chapters
  Chapter list saved; images require manual crawl
[663/1866] 裏メニューはセックスです!?～毎朝会う可愛いカフェ店員とヤれる秘密の合言葉: 27 chapters
  Chapter list saved; images require manual crawl
[664/1866] 双子のレシピ～イケない姉妹の隠し味～: 31 chapters
  Chapter list saved; images require manual crawl
[665/1866] 火遊び: 50 chapters
  Chapter list saved; images require manual crawl
[666/1866] SHONAN セブン: 61 chapters
  Chapter list saved; images require manual crawl
[667/1866] 俺が淫魔術で奴隷ハーレムを作る話: 20 chapters
  Chapter list saved; images require manual crawl
[668/1866] アイドルのハニートラップ: 38 chapters
  Chapter list saved; images require manual crawl
[669/1866] オナホ教室-新学期: 9 chapters
  Chapter list saved; images require manual crawl
[670/1866] ヌーディストビーチに修学旅行で!!: 7 chapters
  Chapter list saved; images require manual crawl
[671/1866] 娘さんを頂戴します～俺的ハーレム計画～: 74 chapters
  Chapter list saved; images require manual crawl
[672/1866] 彼女の友達と2人きりの内緒な温泉旅行: 22 chapters
  Chapter list saved; images require manual crawl
[673/1866] ギリギリアウト: 41 chapters
  Chapter list saved; images require manual crawl
[674/1866] コスは淫らな仮面 ～オートクチュール～: 34 chapters
  Chapter list saved; images require manual crawl
[675/1866] 優等生のあの子が、だらしない顔でド絶頂SEX「教室なのに発情しちゃうんだ: 27 chapters
  Chapter list saved; images require manual crawl
[676/1866] 深沢家の妖美な女たち: 36 chapters
  Chapter list saved; images require manual crawl
[677/1866] 脱♥幼なじみ〜この関係をなんて呼ぶ？〜: 52 chapters
  Chapter list saved; images require manual crawl
[678/1866] 「指テクで絶頂しちゃうっ！」～マッサージLv999になってハメまくり転生ライフ: 18 chapters
  Chapter list saved; images require manual crawl
[679/1866] 神は遊戯に飢えている。: 48 chapters
  Chapter list saved; images require manual crawl
[680/1866] 白魔術師は勇者のレベルを上げたくない: 26 chapters
  Chapter list saved; images require manual crawl
[681/1866] 彼氏の親友にハメられた私～こんなこと誰にも言えない…: 54 chapters
  Chapter list saved; images require manual crawl
[682/1866] 魔王の娘、すごくチョロい。: 45 chapters
  Chapter list saved; images require manual crawl
[683/1866] イカセルカメラで撮ってみた【フルカラー】: 27 chapters
  Chapter list saved; images require manual crawl
[684/1866] 異世界メイドがやってきた ～異邦人だった頃のメイドが現代の我が家でエッチなメイドさんに～: 20 chapters
  Chapter list saved; images require manual crawl
[685/1866] ヤミツキチュウ～私の人生で一番気持ちイイ唇～【フルカラー】【タテヨミ】: 31 chapters
  Chapter list saved; images require manual crawl
[686/1866] 人食いダンジョンへようこそ！ THE COMIC: 39 chapters
  Chapter list saved; images require manual crawl
[687/1866] 絶倫AV男優、タイムリープで青春無双！～俺の未来が動き出す～: 9 chapters
  Chapter list saved; images require manual crawl
[688/1866] ぽんこつかわいい間宮さん ～社内の美人広報がとなりの席に居座る件～: 15 chapters
  Chapter list saved; images require manual crawl
[689/1866] 高1ですが異世界で城主はじめました: 48 chapters
  Chapter list saved; images require manual crawl
[690/1866] 彼女は僕の体液で動いている: 9 chapters
  Chapter list saved; images require manual crawl
[691/1866] 女子大サークルSEX調教～合宿中に、何度もイカされ続けて…: 42 chapters
  Chapter list saved; images require manual crawl
[692/1866] バーサス　イビル: 24 chapters
  Chapter list saved; images require manual crawl
[693/1866] 「ここは任せて先に行け！」をしたい死にたがりの望まぬ宇宙下剋上@COMIC: 16 chapters
  Chapter list saved; images require manual crawl
[694/1866] 島崎奈々＠お仕事募集中: 50 chapters
  Chapter list saved; images require manual crawl
[695/1866] エロいほど最強!? ダンジョンでセックス無双アンソロジーコミック: 16 chapters
  Chapter list saved; images require manual crawl
[696/1866] 種落とし村～掟は強制ハーレム～: 8 chapters
  Chapter list saved; images require manual crawl
[697/1866] ギャルにぱちゃんはせまられたい: 67 chapters
  Chapter list saved; images require manual crawl
[698/1866] ハーレムより平穏を！異世界で静かにニート姫させてくれ: 27 chapters
  Chapter list saved; images require manual crawl
[699/1866] 生意気なトロ穴に、わからせ性裁～退勤後、バリキャリ上司は俺の言いなり: 12 chapters
  Chapter list saved; images require manual crawl
[700/1866] 異世界ホテルへようこそ: 29 chapters
  Chapter list saved; images require manual crawl
[701/1866] 理想の娘なら世界最強でも可愛がってくれますか?: 68 chapters
  Chapter list saved; images require manual crawl
[702/1866] 僕らはセックス離れができない: 22 chapters
  Chapter list saved; images require manual crawl
[703/1866] あなたの夫、寝取ってます。～深夜のエステでぬるぬる挿入: 107 chapters
  Chapter list saved; images require manual crawl
[704/1866] トラッシュ: 88 chapters
  Chapter list saved; images require manual crawl
[705/1866] 深爪の王～セクシー男優がいじめられっ子に転生したら～【フルカラー】: 15 chapters
  Chapter list saved; images require manual crawl
[706/1866] もっと喘いで! 潜入捜査官はｾｯｸｽもお仕事です｡: 76 chapters
  Chapter list saved; images require manual crawl
[707/1866] 中出ししまくっていたら学園がハーレムになっちゃってた件: 19 chapters
  Chapter list saved; images require manual crawl
[708/1866] 継母は俺の彼女: 46 chapters
  Chapter list saved; images require manual crawl
[709/1866] ギャルせん: 82 chapters
  Chapter list saved; images require manual crawl
[710/1866] 冴えない僕が君の部屋でシている事をクラスメイトは誰も知らない: 23 chapters
  Chapter list saved; images require manual crawl
[711/1866] 会社の後輩にうっかり挿入!?―勤務中にエッチだめぇ…!: 79 chapters
  Chapter list saved; images require manual crawl
[712/1866] 王様ゲームで姉貴とエッチ～ヤダっ！弟でイッちゃうなんて…: 15 chapters
  Chapter list saved; images require manual crawl
[713/1866] 美夜ちゃんのきゅーいんライフ!: 17 chapters
  Chapter list saved; images require manual crawl
[714/1866] 姪と暇つぶし: 20 chapters
  Chapter list saved; images require manual crawl
[715/1866] ｾｯｸｽ漬けにしてやるよ～気丈な女刑事はﾔｸｻﾞに抱かれてﾒｽになる: 24 chapters
  Chapter list saved; images require manual crawl
[716/1866] どうやらボクの花嫁は女騎士団なようで。: 44 chapters
  Chapter list saved; images require manual crawl
[717/1866] ドン底でモテ期〜マジメくんの性事情〜: 55 chapters
  Chapter list saved; images require manual crawl
[718/1866] 小林さんは地味だけど。: 22 chapters
  Chapter list saved; images require manual crawl
[719/1866] ジム先生から逃げられない～ドSアメリカ人にSUGOIパワーでイカされて～: 11 chapters
  Chapter list saved; images require manual crawl
[720/1866] えろいことするために巨乳美少女奴隷を買ったはずが、お師匠さまと慕われて思った通りにいかなくなる話: 30 chapters
  Chapter list saved; images require manual crawl
[721/1866] スキだらけJKといちゃエロできちゃう アンソロジーコミック: 21 chapters
  Chapter list saved; images require manual crawl
[722/1866] サキュバスちゃんとはじめる精活改善: 17 chapters
  Chapter list saved; images require manual crawl
[723/1866] 新・エルフさんは痩せられない。: 79 chapters
  Chapter list saved; images require manual crawl
[724/1866] ゾンビっ娘の救済は 中出しSEXで: 10 chapters
  Chapter list saved; images require manual crawl
[725/1866] 黒ギャルモデルの闇営業～ハメられたらヤリ返す～: 24 chapters
  Chapter list saved; images require manual crawl
[726/1866] 快楽の面会: 43 chapters
  Chapter list saved; images require manual crawl
[727/1866] すりこみっ！: 22 chapters
  Chapter list saved; images require manual crawl
[728/1866] SM的純愛～解きたい男×縛られたい女: 21 chapters
  Chapter list saved; images require manual crawl
[729/1866] 男友達のような俺の幼馴染が、ヤリチンによってメスにさせられる話。: 12 chapters
  Chapter list saved; images require manual crawl
[730/1866] ユートピア〜楽園という名の無法地帯〜: 152 chapters
  Chapter list saved; images require manual crawl
[731/1866] 爆乳ギャルとえっちしてぇ!!-イかせイかされ密着セックス: 8 chapters
  Chapter list saved; images require manual crawl
[732/1866] 轟大丸の奇怪体験談: 16 chapters
  Chapter list saved; images require manual crawl
[733/1866] ビーチの女神: 25 chapters
  Chapter list saved; images require manual crawl
[734/1866] やばい…弟の恋人とヤっちまった～一度抱いたらハーレム状態!: 21 chapters
  Chapter list saved; images require manual crawl
[735/1866] 社内恋愛〜カリスマ上司は元いじめっ子!?〜: 34 chapters
  Chapter list saved; images require manual crawl
[736/1866] 初恋モルモット: 52 chapters
  Chapter list saved; images require manual crawl
[737/1866] チ〇ポに負けた女たち～野外で、職場で、電車の中で～: 12 chapters
  Chapter list saved; images require manual crawl
[738/1866] 絶対イかされるエロトラップダンジョン: 18 chapters
  Chapter list saved; images require manual crawl
[739/1866] 僕は七度目の人生で、怪物姫を手に入れた: 26 chapters
  Chapter list saved; images require manual crawl
[740/1866] ヒッツ: 34 chapters
  Chapter list saved; images require manual crawl
[741/1866] 満員電車で失禁寸前！？ 痴漢男子のイジワルな指でイカされ続けたOL: 14 chapters
  Chapter list saved; images require manual crawl
[742/1866] 大上さん、だだ漏れです。: 37 chapters
  Chapter list saved; images require manual crawl
[743/1866] 集団痴漢電車: 13 chapters
  Chapter list saved; images require manual crawl
[744/1866] 真面目な幼馴染と1分間のねちねち耐久プレイ～我慢出来ずに後ろから挿入！: 27 chapters
  Chapter list saved; images require manual crawl
[745/1866] 発情デイタイム【デジタル特装版】: 10 chapters
  Chapter list saved; images require manual crawl
[746/1866] 無口な宮下さんの色欲チャンネル: 21 chapters
  Chapter list saved; images require manual crawl
[747/1866] 肉秘書・友紀子: 152 chapters
  Chapter list saved; images require manual crawl
[748/1866] キミイロ×ライバー ～今夜もベルに教えてください～: 74 chapters
  Chapter list saved; images require manual crawl
[749/1866] 兄と妹のしたいしたいしたいコト: 26 chapters
  Chapter list saved; images require manual crawl
[750/1866] ピーター・グリルと賢者の時間: 73 chapters
  Chapter list saved; images require manual crawl
[751/1866] タッチ・オン！〜触って封印解除〜: 105 chapters
  Chapter list saved; images require manual crawl
[752/1866] 先生で○○しちゃいけません！: 59 chapters
  Chapter list saved; images require manual crawl
[753/1866] To you～今日の奴隷は誰？～: 30 chapters
  Chapter list saved; images require manual crawl
[754/1866] 殺戮のクインデッド -7人の女死刑囚: 40 chapters
  Chapter list saved; images require manual crawl
[755/1866] 俺の夏休みはギャルの若女将とバイト性活！？: 16 chapters
  Chapter list saved; images require manual crawl
[756/1866] 初恋の先生がダチ共に寝取られるまで: 9 chapters
  Chapter list saved; images require manual crawl
[757/1866] 理系が恋に落ちたので証明してみた。: 51 chapters
  Chapter list saved; images require manual crawl
[758/1866] 健全なアイドル活動には性処理が不可欠ですっ！: 17 chapters
  Chapter list saved; images require manual crawl
[759/1866] 無職転生 ～異世界行ったら本気だす～ 失意の魔術師編: 5 chapters
  Chapter list saved; images require manual crawl
[760/1866] いいなり!強制催眠-小生意気なJKは全員まとめてヤっちまえ!!: 21 chapters
  Chapter list saved; images require manual crawl
[761/1866] 未性年【連載】: 124 chapters
  Chapter list saved; images require manual crawl
[762/1866] 転生競走馬 H-MAN エッチマン: 58 chapters
  Chapter list saved; images require manual crawl
[763/1866] 幼なじみとねっとりセックス: 23 chapters
  Chapter list saved; images require manual crawl
[764/1866] 彼女の妹: 30 chapters
  Chapter list saved; images require manual crawl
[765/1866] こちらラスボス魔王城前「教会」: 18 chapters
  Chapter list saved; images require manual crawl
[766/1866] ぶれいどぷれい: 114 chapters
  Chapter list saved; images require manual crawl
[767/1866] 大人になれない僕らは: 29 chapters
  Chapter list saved; images require manual crawl
[768/1866] 地味コの裏垢を発見したらビッチだった!?: 13 chapters
  Chapter list saved; images require manual crawl
[769/1866] 回覧板のエッチなルールは絶対です。: 7 chapters
  Chapter list saved; images require manual crawl
[770/1866] たわわなおっぱいは好きですか？ 巨乳少女 アンソロジーコミック: 61 chapters
  Chapter list saved; images require manual crawl
[771/1866] 流されエッチ（物理）！～流れるプールで流れてきた女の子に入っちゃった。: 12 chapters
  Chapter list saved; images require manual crawl
[772/1866] プライベート×レッスン: 35 chapters
  Chapter list saved; images require manual crawl
[773/1866] 僕の彼女がマジメ過ぎる処女ビッチな件: 94 chapters
  Chapter list saved; images require manual crawl
[774/1866] 管理人姉妹とセックスOKなシェアハウスに住むことになった俺は…!?: 10 chapters
  Chapter list saved; images require manual crawl
[775/1866] 奈落の羊: 49 chapters
  Chapter list saved; images require manual crawl
[776/1866] 四季崎姉妹はあばかれたい: 61 chapters
  Chapter list saved; images require manual crawl
[777/1866] 自転車配達員(※ローター装着中)、我慢できず外でイッちゃいました…: 27 chapters
  Chapter list saved; images require manual crawl
[778/1866] ｢不倫被害者の会」～サレた復讐、代行します。: 9 chapters
  Chapter list saved; images require manual crawl
[779/1866] ザ・ヒステリックトリガー: 75 chapters
  Chapter list saved; images require manual crawl
[780/1866] パーティ内できもがられた脳筋戦士の俺でもモテモテになることができました: 12 chapters
  Chapter list saved; images require manual crawl
[781/1866] 秘密の痴漢指導～先生、これってセックスじゃないですか？【タテヨミ】: 9 chapters
  Chapter list saved; images require manual crawl
[782/1866] ラブスレイヴ: 36 chapters
  Chapter list saved; images require manual crawl
[783/1866] シン地下アイドル: 26 chapters
  Chapter list saved; images require manual crawl
[784/1866] ネタキャラ仮プレイのつもりが異世界召喚 ～迷い人は女性の敵に認定されました～: 41 chapters
  Chapter list saved; images require manual crawl
[785/1866] 夫の目の前で他の男に媚肉を広げられ躊躇しながらも喘ぐ妻～他人棒を受け入れた先に待っているものは～: 10 chapters
  Chapter list saved; images require manual crawl
[786/1866] 女子学生が制服姿でえっちなことをしているようです！: 8 chapters
  Chapter list saved; images require manual crawl
[787/1866] ダンジョンに出会いを求めるのは間違っているだろうか ファミリアクロニクル EPISODEフレイヤ: 59 chapters
  Chapter list saved; images require manual crawl
[788/1866] セックスティーラー: 68 chapters
  Chapter list saved; images require manual crawl
[789/1866] ノゾミとキミオ: 63 chapters
  Chapter list saved; images require manual crawl
[790/1866] 縛って、結ぶ～奥さんの性癖知ってますか～: 33 chapters
  Chapter list saved; images require manual crawl
[791/1866] UTOPIA~なんでもありの無人島~: 48 chapters
  Chapter list saved; images require manual crawl
[792/1866] ノーゲーム・ノーライフ: 11 chapters
  Chapter list saved; images require manual crawl
[793/1866] 「バカ、なにして…あんっ！」同級生を騙して脱がす身体検査: 36 chapters
  Chapter list saved; images require manual crawl
[794/1866] 悪逆覇道のブレイブソウル: 20 chapters
  Chapter list saved; images require manual crawl
[795/1866] となりの信國さんは俺のことが好きな気がする: 69 chapters
  Chapter list saved; images require manual crawl
[796/1866] 同級生は親父の嫁｡ﾍﾞｯﾄﾞの上では俺の嫁｡: 67 chapters
  Chapter list saved; images require manual crawl
[797/1866] ドラッグキャンディー: 43 chapters
  Chapter list saved; images require manual crawl
[798/1866] 上流階級~勝ち組に僕はなる~: 30 chapters
  Chapter list saved; images require manual crawl
[799/1866] 本当にあった団地妻の情事～私を誘惑してください: 30 chapters
  Chapter list saved; images require manual crawl
[800/1866] 三者三様三つ巴!_一途な田舎娘とエッチないちゃラブハーレム生活: 26 chapters
  Chapter list saved; images require manual crawl
[801/1866] 初期街から旅立たない勇者のハーレムライフ ～勇者さま、コンプラ的にアウトです！～: 5 chapters
  Chapter list saved; images require manual crawl
[802/1866] 今夜、妹の彼氏に抱かれます～ねっとり挿入で中まで満たされて…: 27 chapters
  Chapter list saved; images require manual crawl
[803/1866] 肉体ゲーム: 63 chapters
  Chapter list saved; images require manual crawl
[804/1866] セフレのセンパイ: 4 chapters
  Chapter list saved; images require manual crawl
[805/1866] 媚薬アレルギーで感度ビンビン挿入～勘違いでもヌルヌル絶頂: 21 chapters
  Chapter list saved; images require manual crawl
[806/1866] 俺を欲情させた責任、取ってくれる？～オジさんのわからせSEX: 26 chapters
  Chapter list saved; images require manual crawl
[807/1866] 幼馴染が密室でイっちゃう…～とろける濃厚密着SEX: 18 chapters
  Chapter list saved; images require manual crawl
[808/1866] 聖交天使ヤリニクル: 29 chapters
  Chapter list saved; images require manual crawl
[809/1866] カラオケで歌うおねえさんといっしょ: 13 chapters
  Chapter list saved; images require manual crawl
[810/1866] あね体験-あいつらが姉で俺が…弟！？: 17 chapters
  Chapter list saved; images require manual crawl
[811/1866] 夏の楽園ハーレムセックス: 7 chapters
  Chapter list saved; images require manual crawl
[812/1866] こんなにビクビクしてるのに…シないの？お風呂で！部屋で！リビングでも！？兄貴の嫁にイジられて…: 64 chapters
  Chapter list saved; images require manual crawl
[813/1866] 4人のママのせいで俺のラブコメがママならない: 12 chapters
  Chapter list saved; images require manual crawl
[814/1866] 姉貴（泥酔中）と…Ｈしちゃいました。【タテヨミ】: 33 chapters
  Chapter list saved; images require manual crawl
[815/1866] 俺得教師性活！～小悪魔ＪＫにもみくちゃにされる俺！: 45 chapters
  Chapter list saved; images require manual crawl
[816/1866] 今日からオレが…新入社員のSEX教育係!?: 14 chapters
  Chapter list saved; images require manual crawl
[817/1866] ホスト DE 一発逆転: 73 chapters
  Chapter list saved; images require manual crawl
[818/1866] 異世界看護師は修行中!! ～女子率99％の聖職者学園に入学して大変です～: 44 chapters
  Chapter list saved; images require manual crawl
[819/1866] あそんじゃいけないトイボックス: 8 chapters
  Chapter list saved; images require manual crawl
[820/1866] モンスター娘のお医者さん: 16 chapters
  Chapter list saved; images require manual crawl
[821/1866] 北欧美少女のクラスメイトが、婚約者になったらデレデレの甘々になってしまった件について: 7 chapters
  Chapter list saved; images require manual crawl
[822/1866] カラダノキオク: 20 chapters
  Chapter list saved; images require manual crawl
[823/1866] 終末のマンション～閉じ込められた淫らな男女たち～: 36 chapters
  Chapter list saved; images require manual crawl
[824/1866] 二度と自撮り送ってやんない！: 89 chapters
  Chapter list saved; images require manual crawl
[825/1866] 異世界で恥じらう女子のおっぱいが揉める！アンソロジーコミック: 9 chapters
  Chapter list saved; images require manual crawl
[826/1866] エッチなギャルとパコハメセックス-少子化対策?だったら…子作りしちゃおっか?: 11 chapters
  Chapter list saved; images require manual crawl
[827/1866] 進撃のえろ子さん: 63 chapters
  Chapter list saved; images require manual crawl
[828/1866] 完全不可知の外道テイマー ～ダンジョンの最強モンスター娘を俺のスキルで支配する～: 10 chapters
  Chapter list saved; images require manual crawl
[829/1866] どう頑張ってもHになっちゃう幼なじみ: 55 chapters
  Chapter list saved; images require manual crawl
[830/1866] 30歳フリーター、玄関あけたら5分で生ハメ!: 39 chapters
  Chapter list saved; images require manual crawl
[831/1866] ダンジョンマスターは真剣勝負がしたいのに！: 10 chapters
  Chapter list saved; images require manual crawl
[832/1866] 勃つ女: 65 chapters
  Chapter list saved; images require manual crawl
[833/1866] ひとりぼっちの悪役令嬢～護衛に転生したので溺愛あまイキさせました: 9 chapters
  Chapter list saved; images require manual crawl
[834/1866] 巨虫山脉: 33 chapters
  Chapter list saved; images require manual crawl
[835/1866] 陰キャな俺が魔道具を使ってシェアハウスでハーレムをつくってみた。: 20 chapters
  Chapter list saved; images require manual crawl
[836/1866] 勇者パーティから追い出された俺は「ティンポ師」として生きることになった: 5 chapters
  Chapter list saved; images require manual crawl
[837/1866] 東京ブラックボックス: 12 chapters
  Chapter list saved; images require manual crawl
[838/1866] オタク君の性癖を一生歪めていく異種族娘たち: 16 chapters
  Chapter list saved; images require manual crawl
[839/1866] ねがいあい～ハジメテ同士のはじらい遊戯～: 18 chapters
  Chapter list saved; images require manual crawl
[840/1866] 覗君-のぞきみ: 8 chapters
  Chapter list saved; images require manual crawl
[841/1866] 「お父さんに言わないで…」熟女風俗、指名したら母だった！（フルカラー）: 17 chapters
  Chapter list saved; images require manual crawl
[842/1866] 壁を濡らした女: 60 chapters
  Chapter list saved; images require manual crawl
[843/1866] 田舎で幼馴染とシェアハウスはじめました: 4 chapters
  Chapter list saved; images require manual crawl
[844/1866] 彼女が不在の間、彼女の親友と四六時中、ハメまくりました。: 8 chapters
  Chapter list saved; images require manual crawl
[845/1866] ゴシップ＆チェリー: 19 chapters
  Chapter list saved; images require manual crawl
[846/1866] デビダン! 目指せダンジョンニート物語: 27 chapters
  Chapter list saved; images require manual crawl
[847/1866] 大国チートなら異世界征服も楽勝ですよ？: 23 chapters
  Chapter list saved; images require manual crawl
[848/1866] カメラ先輩と世話焼き上手な後輩ちゃん: 41 chapters
  Chapter list saved; images require manual crawl
[849/1866] 許嫁協定: 57 chapters
  Chapter list saved; images require manual crawl
[850/1866] サキュバスに転生したのでミルクをしぼります: 22 chapters
  Chapter list saved; images require manual crawl
[851/1866] 酒と煙草の日雇いダンジョン: 13 chapters
  Chapter list saved; images require manual crawl
[852/1866] ナムの子〜花嫁候補は俺の４姉妹!?〜: 41 chapters
  Chapter list saved; images require manual crawl
[853/1866] とろとろオイルマッサージ-超敏感になった体で幾度となく繰り返す快感絶頂: 46 chapters
  Chapter list saved; images require manual crawl
[854/1866] 名ばかりビッチと陰キャバス: 44 chapters
  Chapter list saved; images require manual crawl
[855/1866] 女子小学生はじめました P！: 73 chapters
  Chapter list saved; images require manual crawl
[856/1866] その悪役貴族、ママヒロインが好きすぎる: 11 chapters
  Chapter list saved; images require manual crawl
[857/1866] ユルすぎる人妻はすみさん～町内全員穴兄弟！～（フルカラー）: 21 chapters
  Chapter list saved; images require manual crawl
[858/1866] 辰巳ヶ原さんの愛からは逃げられない: 32 chapters
  Chapter list saved; images require manual crawl
[859/1866] 罪の淵: 40 chapters
  Chapter list saved; images require manual crawl
[860/1866] ボクだけ知ってる一宮さん: 18 chapters
  Chapter list saved; images require manual crawl
[861/1866] 八百万姦～異界で処女を競り落とされて…: 52 chapters
  Chapter list saved; images require manual crawl
[862/1866] 怒りのカテキョ: 60 chapters
  Chapter list saved; images require manual crawl
[863/1866] ちちのじかん: 14 chapters
  Chapter list saved; images require manual crawl
[864/1866] 僕は妻が寝取られ何度もイかされる姿を見続けた。: 12 chapters
  Chapter list saved; images require manual crawl
[865/1866] フロアに魔王がいます: 51 chapters
  Chapter list saved; images require manual crawl
[866/1866] 陰キャだってギャルとヤリたい！～巨○アピールをがんばった結果～: 4 chapters
  Chapter list saved; images require manual crawl
[867/1866] アラサー女は挿入に弱い！？激しく突かれてスケベになっちゃう…！: 44 chapters
  Chapter list saved; images require manual crawl
[868/1866] 「もう…やめちゃうの？」頼れる女先輩の泥酔おねだりSEX: 54 chapters
  Chapter list saved; images require manual crawl
[869/1866] 許可なく挿入れちゃ、ダメ…～飲み会後、お持ち帰りされて朝までコース: 14 chapters
  Chapter list saved; images require manual crawl
[870/1866] ひきこもりの俺がかわいいギルドマスターに世話を焼かれまくったって別にいいだろう?: 35 chapters
  Chapter list saved; images require manual crawl
[871/1866] 妄想のセフレ: 6 chapters
  Chapter list saved; images require manual crawl
[872/1866] 【ページ】清楚ビッチの性体観察-純情ギャルの弱みを握って…!?: 26 chapters
  Chapter list saved; images require manual crawl
[873/1866] 逃がさないよ？ 袋路くん: 27 chapters
  Chapter list saved; images require manual crawl
[874/1866] 家庭教師～ヤリたい放題な秘密の授業～: 44 chapters
  Chapter list saved; images require manual crawl
[875/1866] ちょっとだけ愛が重いダークエルフが異世界から追いかけてきた: 54 chapters
  Chapter list saved; images require manual crawl
[876/1866] 不死の軍勢を率いるぼっち死霊術師転職してSSSランク冒険者になる。: 27 chapters
  Chapter list saved; images require manual crawl
[877/1866] ヤンキーＪＫの異常な愛情: 55 chapters
  Chapter list saved; images require manual crawl
[878/1866] ティッシュ泥棒: 66 chapters
  Chapter list saved; images require manual crawl
[879/1866] 悪事の代償～秘密を握られた女たち～: 15 chapters
  Chapter list saved; images require manual crawl
[880/1866] 不倫沼: 13 chapters
  Chapter list saved; images require manual crawl
[881/1866] 最悪！センセーにイカされるなんて…っ～元ヤン教師､ギャルに教育的性指導～: 9 chapters
  Chapter list saved; images require manual crawl
[882/1866] 人妻になった友たちの初めてをもらってしまった: 18 chapters
  Chapter list saved; images require manual crawl
[883/1866] 性悪天才幼馴染との勝負に負けて初体験を全部奪われる話: 33 chapters
  Chapter list saved; images require manual crawl
[884/1866] 元カノ抱くとかありえない。: 10 chapters
  Chapter list saved; images require manual crawl
[885/1866] さっちゃん、僕は。: 34 chapters
  Chapter list saved; images require manual crawl
[886/1866] 絶滅危惧男子～ボクの股間が狙われるワケ: 107 chapters
  Chapter list saved; images require manual crawl
[887/1866] 交わる者は救われる【フルカラー】: 13 chapters
  Chapter list saved; images require manual crawl
[888/1866] 異世界ぼっちクエスト～隠密スキルで無双もハーレムも思うまま！...なはず～: 27 chapters
  Chapter list saved; images require manual crawl
[889/1866] メスtuberハーレム～意外とヤレちゃう高嶺の花: 9 chapters
  Chapter list saved; images require manual crawl
[890/1866] 殺人猟団 ‐マッドメン‐: 100 chapters
  Chapter list saved; images require manual crawl
[891/1866] お願い！スポンサー: 21 chapters
  Chapter list saved; images require manual crawl
[892/1866] ぎゅって、しながら挿入れてよ…～好きすぎる女子と素直になれないまま…: 26 chapters
  Chapter list saved; images require manual crawl
[893/1866] オトメの帝国: 176 chapters
  Chapter list saved; images require manual crawl
[894/1866] ドキドキ経験談: 21 chapters
  Chapter list saved; images require manual crawl
[895/1866] 田舎エッチ ～田舎のエッチな女の子と過ごすひと夏のエッチな思い出～ アンソロジーコミック: 7 chapters
  Chapter list saved; images require manual crawl
[896/1866] 追放された最弱庶民の成り上がりハーレム！ 『不死身』のスキルで最強をめざし、見下したやつにざまぁします！: 7 chapters
  Chapter list saved; images require manual crawl
[897/1866] 私のおじさん: 50 chapters
  Chapter list saved; images require manual crawl
[898/1866] 白衣の秘密: 18 chapters
  Chapter list saved; images require manual crawl
[899/1866] 「気持ちイイとこ…そんなに舐めるなっ」ヤンキー娘の寝込みを襲ったら、実は処女!: 18 chapters
  Chapter list saved; images require manual crawl
[900/1866] ナカ●シ姉妹のヘン●イ記録: 11 chapters
  Chapter list saved; images require manual crawl
[901/1866] 西野 ～学内カースト最下位にして異能世界最強の少年～: 15 chapters
  Chapter list saved; images require manual crawl
[902/1866] ナマイキ女子と本命巨乳～美乳ぞろいのゼミ旅行～: 7 chapters
  Chapter list saved; images require manual crawl
[903/1866] 人妻狩り〜欲求不満の若奥さんはドロ沼不倫中〜: 8 chapters
  Chapter list saved; images require manual crawl
[904/1866] エデンズガール 異世界でヒロインピンチになる島: 26 chapters
  Chapter list saved; images require manual crawl
[905/1866] 異世界転生オークと人外娘ちゃんのハーレム作り: 23 chapters
  Chapter list saved; images require manual crawl
[906/1866] 隙なし女上司、挿れられ中。～意地でも絶頂を認めない耐久S: 10 chapters
  Chapter list saved; images require manual crawl
[907/1866] 魔法科高校の劣等生 夏休み編: 14 chapters
  Chapter list saved; images require manual crawl
[908/1866] 絶対種付け指令!!3姉妹に日替わりで: 15 chapters
  Chapter list saved; images require manual crawl
[909/1866] 陽キャの後輩ギャル、生意気なくせに俺のセックスに弱い: 27 chapters
  Chapter list saved; images require manual crawl
[910/1866] はらぺこサキュバスはいかせたいのに！: 50 chapters
  Chapter list saved; images require manual crawl
[911/1866] ハズレ種族“オーク”に転生したら最強騎士様に囚われまして: 12 chapters
  Chapter list saved; images require manual crawl
[912/1866] 商人スキルで魔王城の攻略を目指す: 11 chapters
  Chapter list saved; images require manual crawl
[913/1866] 魔剣使いの元少年兵は、元敵幹部のお姉さんと一緒に生きたい: 24 chapters
  Chapter list saved; images require manual crawl
[914/1866] ちいさい先輩の大きなおっぱい: 26 chapters
  Chapter list saved; images require manual crawl
[915/1866] 「拒否権なんてないんだよ」旦那の親友に寝取られる人妻: 17 chapters
  Chapter list saved; images require manual crawl
[916/1866] 急に姉ができまして！: 21 chapters
  Chapter list saved; images require manual crawl
[917/1866] 弟嫁: 29 chapters
  Chapter list saved; images require manual crawl
[918/1866] 人妻極上マッサージ～もっと奥までほぐしてください…: 95 chapters
  Chapter list saved; images require manual crawl
[919/1866] ゴブリンブラッド -哀しき女剣士と血の系譜: 5 chapters
  Chapter list saved; images require manual crawl
[920/1866] キモ養父に種付けされたJD -カラダにまとわりつく加齢臭…: 28 chapters
  Chapter list saved; images require manual crawl
[921/1866] 親友に彼女が寝取られた話: 6 chapters
  Chapter list saved; images require manual crawl
[922/1866] 世界樹の魔物使い 異種族娘と征く魔境ダンジョン冒険録: 19 chapters
  Chapter list saved; images require manual crawl
[923/1866] 社会人が築く亜人ハーレム　糖度２００％のエッチなラブコメをあなたに: 17 chapters
  Chapter list saved; images require manual crawl
[924/1866] お嬢様、極上のセックスを教えてくれますか？: 9 chapters
  Chapter list saved; images require manual crawl
[925/1866] カノジョを落とす悪いイタズラ: 8 chapters
  Chapter list saved; images require manual crawl
[926/1866] 悪魔はロザリオにキスをする: 9 chapters
  Chapter list saved; images require manual crawl
[927/1866] 屈辱服従学園性活-王様の命令は？絶対…です…: 12 chapters
  Chapter list saved; images require manual crawl
[928/1866] どちらか選べと言われたら。: 52 chapters
  Chapter list saved; images require manual crawl
[929/1866] ギャルと押し入れ、密着ウザ絡みから…え、挿入！？～先輩の大きいから、イッちゃう！: 11 chapters
  Chapter list saved; images require manual crawl
[930/1866] 在宅OL、四つん這いイキ！部屋まで我慢できないデリバリーSEX: 27 chapters
  Chapter list saved; images require manual crawl
[931/1866] 妄想シスターでも少年修道士に恋していいですか?: 24 chapters
  Chapter list saved; images require manual crawl
[932/1866] 秘密の姉弟〜この関係に問題あり!?〜: 7 chapters
  Chapter list saved; images require manual crawl
[933/1866] リベンジ×エッチ: 4 chapters
  Chapter list saved; images require manual crawl
[934/1866] お色気イベントの多さに定評のある私ですがライバル令嬢としての使命を果たします: 35 chapters
  Chapter list saved; images require manual crawl
[935/1866] 女社長の運転手ってこんなコトもすんのかよ!?: 19 chapters
  Chapter list saved; images require manual crawl
[936/1866] のろわれエッチ: 7 chapters
  Chapter list saved; images require manual crawl
[937/1866] ICE LOVE：アイス・ラブ: 29 chapters
  Chapter list saved; images require manual crawl
[938/1866] 絶対イッちゃう性感帯マッサージ～堅物女もビクビクっ！濃厚イキツボ刺激: 12 chapters
  Chapter list saved; images require manual crawl
[939/1866] シエスタ～お昼寝休憩は眠れないほどキモチイイ【フルカラー】【タテヨミ】: 10 chapters
  Chapter list saved; images require manual crawl
[940/1866] 先生、俺が教えてあげます！: 33 chapters
  Chapter list saved; images require manual crawl
[941/1866] 元・非モテ童貞は見返したい!～ビッチ五姉妹攻略ゲーム～: 3 chapters
  Chapter list saved; images require manual crawl
[942/1866] シノニム: 24 chapters
  Chapter list saved; images require manual crawl
[943/1866] 人妻の隠シ事【電子限定特典付き】: 8 chapters
  Chapter list saved; images require manual crawl
[944/1866] たわわな誘惑: 8 chapters
  Chapter list saved; images require manual crawl
[945/1866] 個性派JKと変恋エッチ-どの娘にハマる?どの娘にハメる!?: 25 chapters
  Chapter list saved; images require manual crawl
[946/1866] 隣の少女: 9 chapters
  Chapter list saved; images require manual crawl
[947/1866] 中出しアイドルハーレムライフ! 〜性欲つよつよアイドルは推せますか?: 4 chapters
  Chapter list saved; images require manual crawl
[948/1866] 挿入ってる…!夫の目の前で抗えない寝取りエステ: 8 chapters
  Chapter list saved; images require manual crawl
[949/1866] RaW HERO（ロウヒーロー）: 41 chapters
  Chapter list saved; images require manual crawl
[950/1866] 待ち人、超来たる。【フルカラー】: 36 chapters
  Chapter list saved; images require manual crawl
[951/1866] 魔法使い黎明期: 42 chapters
  Chapter list saved; images require manual crawl
[952/1866] 公然わいせつ魔法少女: 20 chapters
  Chapter list saved; images require manual crawl
[953/1866] 先輩が僕を殺(ト)りにきてる: 40 chapters
  Chapter list saved; images require manual crawl
[954/1866] おサボり上手な小向井さんは俺を逃さない!!: 43 chapters
  Chapter list saved; images require manual crawl
[955/1866] ルビー・オンザ・ケーキ ー人食い魔女の晩餐会ー: 26 chapters
  Chapter list saved; images require manual crawl
[956/1866] 真 一騎当千: 26 chapters
  Chapter list saved; images require manual crawl
[957/1866] 【ページ】放課後の快楽-抗えぬ絶頂に溺れる私…: 24 chapters
  Chapter list saved; images require manual crawl
[958/1866] 毎日家に来るギャルが距離感ゼロでも優しくない: 17 chapters
  Chapter list saved; images require manual crawl
[959/1866] 深爪の王～セクシー男優がいじめられっ子に転生したら～: 13 chapters
  Chapter list saved; images require manual crawl
[960/1866] 清起摩羅の勉強会: 77 chapters
  Chapter list saved; images require manual crawl
[961/1866] ふたりぼっちの放課後えっち‐学園でしようよ！‐: 9 chapters
  Chapter list saved; images require manual crawl
[962/1866] 放課後はケンカ最強のギャルに連れこまれる生活 彼女たちに好かれて、僕も最強に！？: 19 chapters
  Chapter list saved; images require manual crawl
[963/1866] 家出中に本気のびしょ濡れSEX～ゴムが無くなるまで、雨宿りしてていい？: 36 chapters
  Chapter list saved; images require manual crawl
[964/1866] 発情むんむんマッサージ: 8 chapters
  Chapter list saved; images require manual crawl
[965/1866] おぼこい魔女はまじわりたい！: 29 chapters
  Chapter list saved; images require manual crawl
[966/1866] 壁の向こうの女: 18 chapters
  Chapter list saved; images require manual crawl
[967/1866] 新妹魔王の契約者: 45 chapters
  Chapter list saved; images require manual crawl
[968/1866] デリヘルドライヴ: 26 chapters
  Chapter list saved; images require manual crawl
[969/1866] ハイスクールハックアンドスラッシュ: 9 chapters
  Chapter list saved; images require manual crawl
[970/1866] ダブルリベンジ～復讐の甘い毒～: 7 chapters
  Chapter list saved; images require manual crawl
[971/1866] 俺の妻を返してくれ〜許したのは体の関係だけ〜: 29 chapters
  Chapter list saved; images require manual crawl
[972/1866] このマッサージ…ほぼSEXです。～初カノと海の家で濃密接触～: 36 chapters
  Chapter list saved; images require manual crawl
[973/1866] ここからが本番です～リベンジオフィスマッサージ～: 20 chapters
  Chapter list saved; images require manual crawl
[974/1866] シェイムルーム〜囚われた義姉弟〜: 16 chapters
  Chapter list saved; images require manual crawl
[975/1866] それイけ！きさらちゃん: 32 chapters
  Chapter list saved; images require manual crawl
[976/1866] 搾精病棟　全年齢版: 33 chapters
  Chapter list saved; images require manual crawl
[977/1866] 「媚薬のせいでイっちゃうのぉ…！」俺しか知らない地味子のメス顔: 43 chapters
  Chapter list saved; images require manual crawl
[978/1866] 猛獣性少年少女: 20 chapters
  Chapter list saved; images require manual crawl
[979/1866] センパイ！ わざとじゃないんです！: 35 chapters
  Chapter list saved; images require manual crawl
[980/1866] ペットガール！〜俺だけの可愛いペット〜: 30 chapters
  Chapter list saved; images require manual crawl
[981/1866] ヤンキー娘になつかれて今年も受験に失敗しそうです: 15 chapters
  Chapter list saved; images require manual crawl
[982/1866] 自宅の鍵はﾄﾛ穴のﾅｶ～ｲｼﾞﾜﾙな指でほじられてｲｸ…っ～: 24 chapters
  Chapter list saved; images require manual crawl
[983/1866] 女子マネが性処理係になった日。【タテヨミ】: 9 chapters
  Chapter list saved; images require manual crawl
[984/1866] 誇り高い女騎士が堕ちていくアンソロジーコミック: 11 chapters
  Chapter list saved; images require manual crawl
[985/1866] 恥ずかしそうな顔でおっぱい見せてもらいたい 赤面おっぱいアンソロジー: 3 chapters
  Chapter list saved; images require manual crawl
[986/1866] 聖剣学院の魔剣使い: 63 chapters
  Chapter list saved; images require manual crawl
[987/1866] マジックミラー女子寮～視姦られてないから、気持ちイイこといっぱいシよ？: 24 chapters
  Chapter list saved; images require manual crawl
[988/1866] 人妻幼馴染とひと夏のできごと: 3 chapters
  Chapter list saved; images require manual crawl
[989/1866] 淫らな聖女様の経験値: 14 chapters
  Chapter list saved; images require manual crawl
[990/1866] お前の表情を確かめたい: 20 chapters
  Chapter list saved; images require manual crawl
[991/1866] 綾城くんは秘密を守りたい～これ、先輩の裏アカですか？～: 14 chapters
  Chapter list saved; images require manual crawl
[992/1866] 天使学園の寮姦性活: 9 chapters
  Chapter list saved; images require manual crawl
[993/1866] メスの正解、教えてください。～秀才委員長はセックス偏差値もバリ高でした: 9 chapters
  Chapter list saved; images require manual crawl
[994/1866] 不感症がこんなにイクわけないだろ: 9 chapters
  Chapter list saved; images require manual crawl
[995/1866] わからないです 吉田さん: 15 chapters
  Chapter list saved; images require manual crawl
[996/1866] 酷幻想をアイテムチートで生き抜く: 33 chapters
  Chapter list saved; images require manual crawl
[997/1866] 勇者と魔王の魂魄歴程: 17 chapters
  Chapter list saved; images require manual crawl
[998/1866] 財前家令嬢の誘惑には抗えない: 13 chapters
  Chapter list saved; images require manual crawl
[999/1866] 退魔士サヤ-カラダの内側からふき出す、永遠の快感: 22 chapters
  Chapter list saved; images require manual crawl
[1000/1866] カイカン、カイキン: 15 chapters
  Chapter list saved; images require manual crawl
[1001/1866] デキる部下はエッチも上手い。～無表情くん、女上司と夜通しセックス: 14 chapters
  Chapter list saved; images require manual crawl
[1002/1866] 荷物持ちの脳筋無双: 37 chapters
  Chapter list saved; images require manual crawl
[1003/1866] 泪～泣きむしの殺し屋～: 60 chapters
  Chapter list saved; images require manual crawl
[1004/1866] ヒメノスピア: 20 chapters
  Chapter list saved; images require manual crawl
[1005/1866] THE寝取られ♂♀～お前の奥さん、朝まで俺とヤリまくってたよ～: 7 chapters
  Chapter list saved; images require manual crawl
[1006/1866] 【新連載】みどろ: 19 chapters
  Chapter list saved; images require manual crawl
[1007/1866] Hentai – 今日も僕は幼馴染のギャルにたかられる: 6 chapters
  Chapter list saved; images require manual crawl
[1008/1866] 敗けサキュ×リリアの美味なる夜: 10 chapters
  Chapter list saved; images require manual crawl
[1009/1866] よあそびぐらしっ!: 14 chapters
  Chapter list saved; images require manual crawl
[1010/1866] 義妹新婚 距離感おかしい義理の妹がグイグイくるんだが！？: 5 chapters
  Chapter list saved; images require manual crawl
[1011/1866] 溢れたエロス: 42 chapters
  Chapter list saved; images require manual crawl
[1012/1866] 無人駅: 9 chapters
  Chapter list saved; images require manual crawl
[1013/1866] 教え子のいる性活: 18 chapters
  Chapter list saved; images require manual crawl
[1014/1866] かくして！マキナさん！！: 38 chapters
  Chapter list saved; images require manual crawl
[1015/1866] ガラスの女神: 27 chapters
  Chapter list saved; images require manual crawl
[1016/1866] 般聖者の救済戦線: 13 chapters
  Chapter list saved; images require manual crawl
[1017/1866] ドッグエンド: 44 chapters
  Chapter list saved; images require manual crawl
[1018/1866] 学級裁判デスゲーム: 40 chapters
  Chapter list saved; images require manual crawl
[1019/1866] 死神坊ちゃんと黒メイド: 52 chapters
  Chapter list saved; images require manual crawl
[1020/1866] バスの中で: 55 chapters
  Chapter list saved; images require manual crawl
[1021/1866] お姉ちゃんはゲームをすると人が変わるお姉ちゃん: 53 chapters
  Chapter list saved; images require manual crawl
[1022/1866] 今カノ元カノ: 4 chapters
  Chapter list saved; images require manual crawl
[1023/1866] ねーちゃんがAVデビューしやがった!ここ数年で見たAVの中でも断トツでエロくもう我慢の限界っ!!: 3 chapters
  Chapter list saved; images require manual crawl
[1024/1866] 奴隷戦士の異世界種馬生活 ～魔法も武術も最強だしハーレムまで！？～: 9 chapters
  Chapter list saved; images require manual crawl
[1025/1866] ヤりたい放題催眠療法-権藤保のイクまで徹底カウンセリング: 35 chapters
  Chapter list saved; images require manual crawl
[1026/1866] アンビバレント～童貞を捨てたら死ぬ世界～: 25 chapters
  Chapter list saved; images require manual crawl
[1027/1866] この春、彼女と一緒に卒業しました: 17 chapters
  Chapter list saved; images require manual crawl
[1028/1866] レベリング・マーダー ～週に一度人を殺さないと自分が死んでしまうので、それならいっそ勧善懲悪しようと思います～: 18 chapters
  Chapter list saved; images require manual crawl
[1029/1866] キャンパスのメギツネたち: 31 chapters
  Chapter list saved; images require manual crawl
[1030/1866] 「10回だけなら揉んでもいいよ…」幼馴染の予想外のトロ顔に思わずガチSEX: 51 chapters
  Chapter list saved; images require manual crawl
[1031/1866] 田中－年齢イコール彼女いない歴の魔法使い－: 21 chapters
  Chapter list saved; images require manual crawl
[1032/1866] 幼馴染はガマンができない: 17 chapters
  Chapter list saved; images require manual crawl
[1033/1866] 僕の可愛い歯医者さん～おっぱい麻酔で痴療中 ～: 5 chapters
  Chapter list saved; images require manual crawl
[1034/1866] 君は淫らな僕の女王: 2 chapters
  Chapter list saved; images require manual crawl
[1035/1866] 童貞上司とヤリ手部下のエンマン夫婦性活: 17 chapters
  Chapter list saved; images require manual crawl
[1036/1866] まもりママはお喚びじゃないの!?～異世界息子反抗記～: 41 chapters
  Chapter list saved; images require manual crawl
[1037/1866] 電マ一本で異世界ハーレム: 6 chapters
  Chapter list saved; images require manual crawl
[1038/1866] 嘘つきガールフレンド: 35 chapters
  Chapter list saved; images require manual crawl
[1039/1866] トモグイ: 16 chapters
  Chapter list saved; images require manual crawl
[1040/1866] 秘密の絵本 赤ずきんちゃん-いじわるしないで…: 36 chapters
  Chapter list saved; images require manual crawl
[1041/1866] まおきん～女子校教師の俺の金玉に魔王が宿った件～: 18 chapters
  Chapter list saved; images require manual crawl
[1042/1866] 秘密の催眠療法‐猥褻セラピストの手によって解放される牝の性…‐: 6 chapters
  Chapter list saved; images require manual crawl
[1043/1866] けもっ娘どーぶつえん!: 13 chapters
  Chapter list saved; images require manual crawl
[1044/1866] 学校ではダメよ♡〜教え子の母親は元カノだった～: 6 chapters
  Chapter list saved; images require manual crawl
[1045/1866] 「仕事中にそんな奥までっ…ダメっ！」～上司にヒミツの密着取材: 18 chapters
  Chapter list saved; images require manual crawl
[1046/1866] 修羅場でイキてるポルノ屋さん: 24 chapters
  Chapter list saved; images require manual crawl
[1047/1866] 推しは推せるときに推せ！: 48 chapters
  Chapter list saved; images require manual crawl
[1048/1866] 誘惑: 24 chapters
  Chapter list saved; images require manual crawl
[1049/1866] 狐のお嫁ちゃん: 43 chapters
  Chapter list saved; images require manual crawl
[1050/1866] 思春期のJKは「エッチ」のことで頭がいっぱいです: 12 chapters
  Chapter list saved; images require manual crawl
[1051/1866] 冒険に、ついてこないでお母さん！ 〜 超過保護な最強ドラゴンに育てられた息子、母親同伴で冒険者になる: 31 chapters
  Chapter list saved; images require manual crawl
[1052/1866] 俺のあしながお嬢さん: 48 chapters
  Chapter list saved; images require manual crawl
[1053/1866] 古書店の清楚お姉さんはエロコスレイヤー？！: 27 chapters
  Chapter list saved; images require manual crawl
[1054/1866] 僕の奥さんは人間だ: 33 chapters
  Chapter list saved; images require manual crawl
[1055/1866] いいなりっ娘: 6 chapters
  Chapter list saved; images require manual crawl
[1056/1866] 絶倫エッチ特待生～セレブな娘をぎゃくたま～: 3 chapters
  Chapter list saved; images require manual crawl
[1057/1866] 亜人シェアハウス: 21 chapters
  Chapter list saved; images require manual crawl
[1058/1866] 究極進化したフルダイブRPGが現実よりもクソゲーだったら: 12 chapters
  Chapter list saved; images require manual crawl
[1059/1866] デリヘルおとぎの国【フルカラー】: 18 chapters
  Chapter list saved; images require manual crawl
[1060/1866] ゆる妻～里香さんはスキだらけ: 12 chapters
  Chapter list saved; images require manual crawl
[1061/1866] 先輩、私を食べてください～ ゼリー化少女とトロ蜜エッチ～: 12 chapters
  Chapter list saved; images require manual crawl
[1062/1866] 誤解なんですっ！女に間違われた俺がトップアイドルのマネージャー！？: 8 chapters
  Chapter list saved; images require manual crawl
[1063/1866] お隣さんのとろ: 6 chapters
  Chapter list saved; images require manual crawl
[1064/1866] 負けませんからと言い張る顔のいい女の子を、全力で屈服させる百合のお話: 9 chapters
  Chapter list saved; images require manual crawl
[1065/1866] ヤレバトブ: 19 chapters
  Chapter list saved; images require manual crawl
[1066/1866] こう見えてＸＸだけは負けないんですけど？: 30 chapters
  Chapter list saved; images require manual crawl
[1067/1866] スライムにエッチなイタズラされちゃうアンソロジーコミック: 24 chapters
  Chapter list saved; images require manual crawl
[1068/1866] 贖罪キャンプ: 73 chapters
  Chapter list saved; images require manual crawl
[1069/1866] 彼女たちは穴をうめたい: 37 chapters
  Chapter list saved; images require manual crawl
[1070/1866] 美しすぎる友人の母に欲情してしまいました: 6 chapters
  Chapter list saved; images require manual crawl
[1071/1866] えらいえらい…もう何も考えなくていいんだよ～抜け出せないっ！全肯定バブみ幼稚園: 15 chapters
  Chapter list saved; images require manual crawl
[1072/1866] 二十歳: 23 chapters
  Chapter list saved; images require manual crawl
[1073/1866] ぬきたしR: 5 chapters
  Chapter list saved; images require manual crawl
[1074/1866] むちむちハーレム食堂: 23 chapters
  Chapter list saved; images require manual crawl
[1075/1866] 発情女子寮ハーレム ～そんなに出したら妊娠しちゃう!!～: 5 chapters
  Chapter list saved; images require manual crawl
[1076/1866] 「乳首、ビンビンですよ？」～温泉街のマッサージは挿入サービス付き: 26 chapters
  Chapter list saved; images require manual crawl
[1077/1866] 恋する乙女はエロマンガに夢をみる: 23 chapters
  Chapter list saved; images require manual crawl
[1078/1866] 精隷都市のエクスタス: 7 chapters
  Chapter list saved; images require manual crawl
[1079/1866] 弱者男子と魔法恥女（ソルシェール）: 11 chapters
  Chapter list saved; images require manual crawl
[1080/1866] みだりにみだらな黒雪姫 online: 27 chapters
  Chapter list saved; images require manual crawl
[1081/1866] 天使をイカせてアイテムゲット！！ 絶頂ガチャでダンジョン攻略！: 14 chapters
  Chapter list saved; images require manual crawl
[1082/1866] うっかり入っちゃった!?従姉妹と密着ゲーム中: 3 chapters
  Chapter list saved; images require manual crawl
[1083/1866] 僕と彼女のお母さん: 7 chapters
  Chapter list saved; images require manual crawl
[1084/1866] 異世界で30歳になった童貞勇者は魔法使いになりました。【タテヨミ】: 23 chapters
  Chapter list saved; images require manual crawl
[1085/1866] 異世界ソープランド輝夜: 19 chapters
  Chapter list saved; images require manual crawl
[1086/1866] ヒナミックス: 16 chapters
  Chapter list saved; images require manual crawl
[1087/1866] 奥さん､荷物が届いています｡～宅配男子に迫られる人妻～: 7 chapters
  Chapter list saved; images require manual crawl
[1088/1866] [ポン貴花田] 女子アナでもいーですか?: 24 chapters
  Chapter list saved; images require manual crawl
[1089/1866] ドクザクラ: 47 chapters
  Chapter list saved; images require manual crawl
[1090/1866] ワガママな女秘書: 30 chapters
  Chapter list saved; images require manual crawl
[1091/1866] チャラ男達にナンパ→即ハメかまされた地味妻～夫の隣で寝取られ3P温泉旅行～: 3 chapters
  Chapter list saved; images require manual crawl
[1092/1866] 魔女のスキャンダル: 43 chapters
  Chapter list saved; images require manual crawl
[1093/1866] おねーさんが侵略中!: 32 chapters
  Chapter list saved; images require manual crawl
[1094/1866] 極嬢マッサージ‐声の出せない状況でイカされる女たち: 11 chapters
  Chapter list saved; images require manual crawl
[1095/1866] オレはセーラー服を脱がない！: 11 chapters
  Chapter list saved; images require manual crawl
[1096/1866] 異世界温泉に転生した俺の効能がとんでもすぎる: 22 chapters
  Chapter list saved; images require manual crawl
[1097/1866] 大胆な人妻の誘惑セックス-ミラさんの密着スキンシップで興奮した俺の股間は…!?: 20 chapters
  Chapter list saved; images require manual crawl
[1098/1866] 夜画帳: 8 chapters
  Chapter list saved; images require manual crawl
[1099/1866] 裏でやんちゃな剛院田さん: 22 chapters
  Chapter list saved; images require manual crawl
[1100/1866] 生徒会長はベッドの上で全てを解く: 35 chapters
  Chapter list saved; images require manual crawl
[1101/1866] 風俗に行ったらクールで仕事の出来る受付嬢が相手になってくれて…!?: 6 chapters
  Chapter list saved; images require manual crawl
[1102/1866] 人妻 ふしだらな偽装体験: 6 chapters
  Chapter list saved; images require manual crawl
[1103/1866] 彼女が俺のセックスで壊れるまで～浮気の代償、狂った性愛: 1 chapters
  Chapter list saved; images require manual crawl
[1104/1866] はぐれ勇者の鬼畜美学: 18 chapters
  Chapter list saved; images require manual crawl
[1105/1866] 夜縛◆夜明曲: 47 chapters
  Chapter list saved; images require manual crawl
[1106/1866] おやすみシェヘラザード: 23 chapters
  Chapter list saved; images require manual crawl
[1107/1866] 「人妻の色気ヤバッ…止まんね」泥酔兄嫁に我慢できず何度も中で出し続け…: 2 chapters
  Chapter list saved; images require manual crawl
[1108/1866] 家出JKとペット生活〜家族にナイショでどこでもH〜: 5 chapters
  Chapter list saved; images require manual crawl
[1109/1866] サキュバスじゃないモン!: 9 chapters
  Chapter list saved; images require manual crawl
[1110/1866] 女神スタグラム: 30 chapters
  Chapter list saved; images require manual crawl
[1111/1866] 夫が寝ている隣で襲われて…～私、あなたの上司にハメられてます～: 4 chapters
  Chapter list saved; images require manual crawl
[1112/1866] ヘタレSPYの痴女寮日誌 ~こんな女子寮、 管理できません~: 5 chapters
  Chapter list saved; images require manual crawl
[1113/1866] 愛欲ゼミ〜ふらちなレッスン〜: 29 chapters
  Chapter list saved; images require manual crawl
[1114/1866] このあと滅茶苦茶ラブコメした 本当はあなたのこと大好きだけど、絶対バレてるわけないよね!!: 14 chapters
  Chapter list saved; images require manual crawl
[1115/1866] Hなおもちゃの作り方: 32 chapters
  Chapter list saved; images require manual crawl
[1116/1866] 現在、兄嫁と同居中です♡: 30 chapters
  Chapter list saved; images require manual crawl
[1117/1866] 女主任・岸見栄子: 14 chapters
  Chapter list saved; images require manual crawl
[1118/1866] 天下無双の乙女たちが俺の子種を奪い合っています!!!!!: 23 chapters
  Chapter list saved; images require manual crawl
[1119/1866] 血洗島カナコはなぜ〇〇するのか？: 25 chapters
  Chapter list saved; images require manual crawl
[1120/1866] 乙女戦争 ディーヴチー・ヴァールカ: 60 chapters
  Chapter list saved; images require manual crawl
[1121/1866] 酔いしれたい彼女〜兄嫁の内蜜な性事情〜: 7 chapters
  Chapter list saved; images require manual crawl
[1122/1866] 聖剣少女伝説 引退間際のおっさん冒険者、聖剣を抜いて英雄になる: 28 chapters
  Chapter list saved; images require manual crawl
[1123/1866] じょりく！: 64 chapters
  Chapter list saved; images require manual crawl
[1124/1866] 人妻特区: 5 chapters
  Chapter list saved; images require manual crawl
[1125/1866] 退魔士カグヤ～襲いかかる淫らな罠～: 25 chapters
  Chapter list saved; images require manual crawl
[1126/1866] メイのメイデン: 11 chapters
  Chapter list saved; images require manual crawl
[1127/1866] 淫蘭島―日本禁忌秘境列伝: 3 chapters
  Chapter list saved; images require manual crawl
[1128/1866] 連鎖～義母と俺のイケナイ関係～: 6 chapters
  Chapter list saved; images require manual crawl
[1129/1866] 異世界の女たちが俺の部屋に押しかけてくるんだが。～セックスLVってなんですか？～: 4 chapters
  Chapter list saved; images require manual crawl
[1130/1866] 生徒をかばって喘ぎイキ続ける女教師: 7 chapters
  Chapter list saved; images require manual crawl
[1131/1866] 人気コンカフェ秘密の裏オプ体験記: 5 chapters
  Chapter list saved; images require manual crawl
[1132/1866] ネクロマンサーはてんてこまい!!: 9 chapters
  Chapter list saved; images require manual crawl
[1133/1866] 最凶魔術師の異常なる逃亡生活 THE COMIC: 27 chapters
  Chapter list saved; images require manual crawl
[1134/1866] 凸感ロマンス: 13 chapters
  Chapter list saved; images require manual crawl
[1135/1866] えちキャン♥~ヤリモク野外活動部日誌~: 8 chapters
  Chapter list saved; images require manual crawl
[1136/1866] 弱気な僕がお嬢様の性執事～快楽堕ちするハーレム学園生活～: 4 chapters
  Chapter list saved; images require manual crawl
[1137/1866] イケメン家庭教師をペットにしちゃった件: 5 chapters
  Chapter list saved; images require manual crawl
[1138/1866] ライドオン！: 8 chapters
  Chapter list saved; images require manual crawl
[1139/1866] 異世界から来た女魔王はチャラ男の大学生に弄ばれ抵抗も出来ないままにイカされ続けた: 5 chapters
  Chapter list saved; images require manual crawl
[1140/1866] 群れなせ！シートン学園: 136 chapters
  Chapter list saved; images require manual crawl
[1141/1866] 死神娘はぺろぺろしたい: 21 chapters
  Chapter list saved; images require manual crawl
[1142/1866] クラフトオーガズム: 14 chapters
  Chapter list saved; images require manual crawl
[1143/1866] トロける快眠快楽絶頂～玄関先で爽やか配達員にイカされ続ける女子大生～: 6 chapters
  Chapter list saved; images require manual crawl
[1144/1866] 継続は魔力なり: 28 chapters
  Chapter list saved; images require manual crawl
[1145/1866] あの鬼教師が僕の姉になるんですか？: 21 chapters
  Chapter list saved; images require manual crawl
[1146/1866] 極上彼氏の執着愛 もっとあなたと淫らに愛し合いたい…: 6 chapters
  Chapter list saved; images require manual crawl
[1147/1866] ツノパンツ: 15 chapters
  Chapter list saved; images require manual crawl
[1148/1866] じけんじゃけん!: 91 chapters
  Chapter list saved; images require manual crawl
[1149/1866] エロ×ハラ: 7 chapters
  Chapter list saved; images require manual crawl
[1150/1866] 家賃滞納家出女子、元担任の巨〇に絶頂「そんなの絶対挿入らないぃ…」: 6 chapters
  Chapter list saved; images require manual crawl
[1151/1866] 幻想侵攻: 27 chapters
  Chapter list saved; images require manual crawl
[1152/1866] ハレ婚。おかわり！: 7 chapters
  Chapter list saved; images require manual crawl
[1153/1866] パーフェクトYES／NO枕～100発100中でヤれちゃう神器: 12 chapters
  Chapter list saved; images require manual crawl
[1154/1866] 裏オプ。【フルカラー】: 18 chapters
  Chapter list saved; images require manual crawl
[1155/1866] 従順な純愛〜今夜、私を抱いて～: 23 chapters
  Chapter list saved; images require manual crawl
[1156/1866] じょふう: 28 chapters
  Chapter list saved; images require manual crawl
[1157/1866] サクラ＊ナデシコ: 24 chapters
  Chapter list saved; images require manual crawl
[1158/1866] ナメ。: 12 chapters
  Chapter list saved; images require manual crawl
[1159/1866] カガクなヤツら: 35 chapters
  Chapter list saved; images require manual crawl
[1160/1866] 異種族巨少女セクステット！: 52 chapters
  Chapter list saved; images require manual crawl
[1161/1866] SEXポーズで開脚したままナマ挿入! ～疲れたOLの汗だく悶絶ヨガ: 11 chapters
  Chapter list saved; images require manual crawl
[1162/1866] スキャンダラ: 36 chapters
  Chapter list saved; images require manual crawl
[1163/1866] 放課後ビッチクラフト: 16 chapters
  Chapter list saved; images require manual crawl
[1164/1866] 贞操逆转世界: 19 chapters
  Chapter list saved; images require manual crawl
[1165/1866] ハメられ通学電車-いたずらしないで…: 104 chapters
  Chapter list saved; images require manual crawl
[1166/1866] BE MY GUEST〜うちなーの夏〜: 27 chapters
  Chapter list saved; images require manual crawl
[1167/1866] 絶対秘密の機械少女: 34 chapters
  Chapter list saved; images require manual crawl
[1168/1866] 人妻とJK: 21 chapters
  Chapter list saved; images require manual crawl
[1169/1866] 誘因セックスレス～不倫サイトを利用した人妻の末路～: 5 chapters
  Chapter list saved; images require manual crawl
[1170/1866] あの日、ずぶ濡れだったあの子と…: 10 chapters
  Chapter list saved; images require manual crawl
[1171/1866] ニー子はつらいよ: 43 chapters
  Chapter list saved; images require manual crawl
[1172/1866] らぶキョ ～家庭教師が××すぎて勉強どころじゃない～: 29 chapters
  Chapter list saved; images require manual crawl
[1173/1866] ボディ＋フレンド: 8 chapters
  Chapter list saved; images require manual crawl
[1174/1866] デキる女〜オンナ秘書の処世術〜: 84 chapters
  Chapter list saved; images require manual crawl
[1175/1866] 彼女たちは抑えられない！【連載】: 124 chapters
  Chapter list saved; images require manual crawl
[1176/1866] 騎士団長のエルフさんだって乙女がしたい。: 49 chapters
  Chapter list saved; images require manual crawl
[1177/1866] 自己中なカノジョ～初恋の呪い～: 22 chapters
  Chapter list saved; images require manual crawl
[1178/1866] アイカギ: 29 chapters
  Chapter list saved; images require manual crawl
[1179/1866] 再恋ライド: 8 chapters
  Chapter list saved; images require manual crawl
[1180/1866] [さのたかよし] 風見鶏★トライアングル: 53 chapters
  Chapter list saved; images require manual crawl
[1181/1866] 捨てられ最強王子は実力でどんな女も抱きまくる: 7 chapters
  Chapter list saved; images require manual crawl
[1182/1866] 甘々シンデレラ: 26 chapters
  Chapter list saved; images require manual crawl
[1183/1866] 桃色交換～カースト上位の女子とキスから先に進んだら～: 4 chapters
  Chapter list saved; images require manual crawl
[1184/1866] 乱したい戯谷さんと乱れないタダミチ: 18 chapters
  Chapter list saved; images require manual crawl
[1185/1866] ナカで深～いのシちゃう？温泉つかると挿入れたくてたまらない…: 12 chapters
  Chapter list saved; images require manual crawl
[1186/1866] 巷の上京事情～夢の都市性活!?～: 29 chapters
  Chapter list saved; images require manual crawl
[1187/1866] アンドロイドは経験人数に入りますか？？: 23 chapters
  Chapter list saved; images require manual crawl
[1188/1866] インキュバスだって純愛したい: 6 chapters
  Chapter list saved; images require manual crawl
[1189/1866] 搾精プリズン～脱出できなければ性処理ドール確定！？～: 4 chapters
  Chapter list saved; images require manual crawl
[1190/1866] 幼馴染のガテン農家は不器用な野獣～鍛えた身体とXLに守られ攻められ夢の絶倫生活～: 5 chapters
  Chapter list saved; images require manual crawl
[1191/1866] 俺の人生急上昇〜大逆転が今始まる〜: 19 chapters
  Chapter list saved; images require manual crawl
[1192/1866] マジックミラーで公開生イキッ！～あがり症な教え子と、感度マシマシ個人指導: 9 chapters
  Chapter list saved; images require manual crawl
[1193/1866] 勇者が召喚できません!: 23 chapters
  Chapter list saved; images require manual crawl
[1194/1866] 縛って見つめて: 18 chapters
  Chapter list saved; images require manual crawl
[1195/1866] ハーレム×マンション: 10 chapters
  Chapter list saved; images require manual crawl
[1196/1866] ダレカガワタシヲミテル～盗撮された女～: 8 chapters
  Chapter list saved; images require manual crawl
[1197/1866] 私のこと、寝取ってみせて: 4 chapters
  Chapter list saved; images require manual crawl
[1198/1866] 壁に挟まった女: 11 chapters
  Chapter list saved; images require manual crawl
[1199/1866] 触れて、その先へ、奥へ: 10 chapters
  Chapter list saved; images require manual crawl
[1200/1866] 御令嬢高嶋清乃は密かに嗜む。: 28 chapters
  Chapter list saved; images require manual crawl
[1201/1866] 村祀り: 87 chapters
  Chapter list saved; images require manual crawl
[1202/1866] セックスレッスン: 47 chapters
  Chapter list saved; images require manual crawl
[1203/1866] 賢者タイムだけ勇者: 17 chapters
  Chapter list saved; images require manual crawl
[1204/1866] 女教師〜先生の淫らな秘密〜: 64 chapters
  Chapter list saved; images require manual crawl
[1205/1866] 華麗なる復帰～妻と夫の二重生活～: 25 chapters
  Chapter list saved; images require manual crawl
[1206/1866] シークレット・秘蔵フォルダ: 18 chapters
  Chapter list saved; images require manual crawl
[1207/1866] 淫姦の血族: 3 chapters
  Chapter list saved; images require manual crawl
[1208/1866] 先代勇者は隠居したい: 12 chapters
  Chapter list saved; images require manual crawl
[1209/1866] ワケありな嫁〜誰にも言えない彼女の情事〜: 14 chapters
  Chapter list saved; images require manual crawl
[1210/1866] ほとんど裸で…年下男子に後ろから!?～お仕事中なのに挿入ってくるっ…: 7 chapters
  Chapter list saved; images require manual crawl
[1211/1866] 太陽くんは兄嫁三人とデキている【フルカラー】: 15 chapters
  Chapter list saved; images require manual crawl
[1212/1866] お江戸でエッチします: 14 chapters
  Chapter list saved; images require manual crawl
[1213/1866] 妻のヒメゴト: 6 chapters
  Chapter list saved; images require manual crawl
[1214/1866] 幽活。 ～オバケになった俺が憧れの女の子にイタズラする～: 15 chapters
  Chapter list saved; images require manual crawl
[1215/1866] 聖くんは清く生きたい: 74 chapters
  Chapter list saved; images require manual crawl
[1216/1866] 強気なギャルはバックが弱点！～そんなデカいの好き勝手に入れるなっ…: 17 chapters
  Chapter list saved; images require manual crawl
[1217/1866] やたらと近い姪っ子と、誰にも言えないヒミツが出来た。: 18 chapters
  Chapter list saved; images require manual crawl
[1218/1866] 契約夫婦〜1000日間の秘密〜: 48 chapters
  Chapter list saved; images require manual crawl
[1219/1866] Hentai – 清純お姫様のあまあま早漏改善特訓2 (甘城ブリリアントパーク): 18 chapters
  Chapter list saved; images require manual crawl
[1220/1866] でびちゅーばー!!～月城アルカはVtuberで魔王を目指す!～: 21 chapters
  Chapter list saved; images require manual crawl
[1221/1866] あやめ先輩は僕とヒミツの契約を: 20 chapters
  Chapter list saved; images require manual crawl
[1222/1866] 欲望の渦: 9 chapters
  Chapter list saved; images require manual crawl
[1223/1866] 人妻もみほぐし出張マッサージ～エステ師の太い指でナカイキしちゃう…っ！: 44 chapters
  Chapter list saved; images require manual crawl
[1224/1866] 脱がされ上手なメイさんの事件簿: 9 chapters
  Chapter list saved; images require manual crawl
[1225/1866] ほねぬきごはん　ウブで奥手な半キュバスにハートをください: 67 chapters
  Chapter list saved; images require manual crawl
[1226/1866] 鬼嫁うららはメロらせたい: 29 chapters
  Chapter list saved; images require manual crawl
[1227/1866] 狙えセールズ王！～枕営業でボロ儲け～: 32 chapters
  Chapter list saved; images require manual crawl
[1228/1866] シークレット・オフィス〜魅惑の香りにつられて〜: 14 chapters
  Chapter list saved; images require manual crawl
[1229/1866] 白魔導師シロップさん: 50 chapters
  Chapter list saved; images require manual crawl
[1230/1866] 勇者か魔王か選ばせて: 16 chapters
  Chapter list saved; images require manual crawl
[1231/1866] うぽって!!: 150 chapters
  Chapter list saved; images require manual crawl
[1232/1866] 月曜日の妻たちへ: 11 chapters
  Chapter list saved; images require manual crawl
[1233/1866] 秘匿夫婦～クピドの悪戯～: 20 chapters
  Chapter list saved; images require manual crawl
[1234/1866] 心にやさしい単行本～即オチ2コマ劇場～: 29 chapters
  Chapter list saved; images require manual crawl
[1235/1866] 童貞と処女でアダルト配信始めました。: 9 chapters
  Chapter list saved; images require manual crawl
[1236/1866] ギャルが陰キャと銭湯やるとか無理ゲーすぎて詰んでるし。: 6 chapters
  Chapter list saved; images require manual crawl
[1237/1866] 幼なじみ姉妹丼～ギャルな姉とエロ巨乳の妹とヤリまくり～: 3 chapters
  Chapter list saved; images require manual crawl
[1238/1866] オジによる優しい性教育: 5 chapters
  Chapter list saved; images require manual crawl
[1239/1866] ヘンタイ作家とヒミツの絵師: 4 chapters
  Chapter list saved; images require manual crawl
[1240/1866] 完ペキ嫁〜夜のお世話もバッチリ〜: 96 chapters
  Chapter list saved; images require manual crawl
[1241/1866] 結目ねむりはシテくれなくもない: 10 chapters
  Chapter list saved; images require manual crawl
[1242/1866] ギャル騎士アンジェリカ: 19 chapters
  Chapter list saved; images require manual crawl
[1243/1866] 転校生の席がオレの膝の上に決まったのでハメてみた: 7 chapters
  Chapter list saved; images require manual crawl
[1244/1866] ワンダーラビットガール: 27 chapters
  Chapter list saved; images require manual crawl
[1245/1866] 聖女セレスティアの経験値: 13 chapters
  Chapter list saved; images require manual crawl
[1246/1866] 怪猥談: 3 chapters
  Chapter list saved; images require manual crawl
[1247/1866] GODゲーム〜ヤらないと拗れる部屋〜: 8 chapters
  Chapter list saved; images require manual crawl
[1248/1866] 僕の生徒はオトナギャル: 33 chapters
  Chapter list saved; images require manual crawl
[1249/1866] 桃色サンドイッチ: 40 chapters
  Chapter list saved; images require manual crawl
[1250/1866] 白衣を脱いでシたいこと: 9 chapters
  Chapter list saved; images require manual crawl
[1251/1866] ずっぷん!!ダイエット【フルカラー】【タテヨミ】: 27 chapters
  Chapter list saved; images require manual crawl
[1252/1866] 淫らな邪教に巣喰うモノ: 9 chapters
  Chapter list saved; images require manual crawl
[1253/1866] 欲鬼: 104 chapters
  Chapter list saved; images require manual crawl
[1254/1866] 憧れの女教師とイチャエロできちゃうアンソロジーコミック: 6 chapters
  Chapter list saved; images require manual crawl
[1255/1866] ギャルゲーマーに褒められたい: 20 chapters
  Chapter list saved; images require manual crawl
[1256/1866] 風紀委員長はエッチな本を没収したい: 23 chapters
  Chapter list saved; images require manual crawl
[1257/1866] サキュバスなんかに負けない異世界生活: 32 chapters
  Chapter list saved; images require manual crawl
[1258/1866] ぎゃるのきもち。: 9 chapters
  Chapter list saved; images require manual crawl
[1259/1866] 恋はあえての逆バニー: 18 chapters
  Chapter list saved; images require manual crawl
[1260/1866] 異世界で静かに生きたい。: 6 chapters
  Chapter list saved; images require manual crawl
[1261/1866] 形代ミサヲの花嫁修業っ!?: 17 chapters
  Chapter list saved; images require manual crawl
[1262/1866] カノジョをキャラメイク！: 31 chapters
  Chapter list saved; images require manual crawl
[1263/1866] 忍者転生シノビキル: 13 chapters
  Chapter list saved; images require manual crawl
[1264/1866] 乃木坂明日夏の秘密: 18 chapters
  Chapter list saved; images require manual crawl
[1265/1866] お願い、ロボット先生！〜色イロ教えてね♡〜: 25 chapters
  Chapter list saved; images require manual crawl
[1266/1866] カンタンキス: 12 chapters
  Chapter list saved; images require manual crawl
[1267/1866] ゆき姉ちゃんの官能ごっこ: 30 chapters
  Chapter list saved; images require manual crawl
[1268/1866] ヨメガキッす: 25 chapters
  Chapter list saved; images require manual crawl
[1269/1866] スキだらけだよ山田さん!!: 16 chapters
  Chapter list saved; images require manual crawl
[1270/1866] リリス・コード: 93 chapters
  Chapter list saved; images require manual crawl
[1271/1866] 初モノ噺 ～これはとあるヤツの初体験の話なんだけど～: 9 chapters
  Chapter list saved; images require manual crawl
[1272/1866] ナナシの転生クイーンズブレイド: 16 chapters
  Chapter list saved; images require manual crawl
[1273/1866] 不倫に溺れた人妻たち～夫以外に身も心も奪われて～: 3 chapters
  Chapter list saved; images require manual crawl
[1274/1866] 甘く、激しく、紐解いて。: 7 chapters
  Chapter list saved; images require manual crawl
[1275/1866] 奴隷区 -GANG AGE: 2 chapters
  Chapter list saved; images require manual crawl
[1276/1866] 通常攻撃が全体攻撃で二回攻撃のお母さんは好きですか?: 48 chapters
  Chapter list saved; images require manual crawl
[1277/1866] エッチなお姉ちゃんとオモチャなぼく ～ふたりのラブあま同棲性活～: 4 chapters
  Chapter list saved; images require manual crawl
[1278/1866] 義姉とのえっちな同棲性活!～私のおっぱい、吸って!舐めて!～: 2 chapters
  Chapter list saved; images require manual crawl
[1279/1866] モテはるねえ蘆屋くん: 33 chapters
  Chapter list saved; images require manual crawl
[1280/1866] 人妻メデュサさんとのNTR生活: 14 chapters
  Chapter list saved; images require manual crawl
[1281/1866] ヤれちゃう下宿屋～男の住人はまさか僕だけ!?～: 12 chapters
  Chapter list saved; images require manual crawl
[1282/1866] 吉祥寺★パラダイス: 8 chapters
  Chapter list saved; images require manual crawl
[1283/1866] スキーターらびっと!!: 19 chapters
  Chapter list saved; images require manual crawl
[1284/1866] 異世界性活のススメ: 3 chapters
  Chapter list saved; images require manual crawl
[1285/1866] あなたの勇者浮気してますよ: 22 chapters
  Chapter list saved; images require manual crawl
[1286/1866] いただきDeepDrops ～オトナになってもいいですか？～: 8 chapters
  Chapter list saved; images require manual crawl
[1287/1866] 街で話題のおかし屋さん～極上スイーツで強制アクメ～: 5 chapters
  Chapter list saved; images require manual crawl
[1288/1866] ピンサロスナイパー: 24 chapters
  Chapter list saved; images require manual crawl
[1289/1866] シタイの♡カレンさん【連載】: 54 chapters
  Chapter list saved; images require manual crawl
[1290/1866] 大阪〜ワンナイトした彼女と再会してXXした俺〜: 2 chapters
  Chapter list saved; images require manual crawl
[1291/1866] ミリオンダラーディガー: 6 chapters
  Chapter list saved; images require manual crawl
[1292/1866] 妖艶くのいち～濡れた花弁: 9 chapters
  Chapter list saved; images require manual crawl
[1293/1866] オタクくん、同人誌即売会出てくんね！？: 4 chapters
  Chapter list saved; images require manual crawl
[1294/1866] 異形ヱステティック: 10 chapters
  Chapter list saved; images require manual crawl
[1295/1866] 一畳間まんきつ暮らし: 4 chapters
  Chapter list saved; images require manual crawl
[1296/1866] 別世界のキラキラ同期がエッチなイラストを描いている: 4 chapters
  Chapter list saved; images require manual crawl
[1297/1866] 小5な彼女とオトナの愛: 24 chapters
  Chapter list saved; images require manual crawl
[1298/1866] 「人妻なのに…夫以外のアレを…」～温泉旅行でビクビク美乳マッサージ～: 2 chapters
  Chapter list saved; images require manual crawl
[1299/1866] たたセン　～からめる先生の奇妙な課外授業～: 29 chapters
  Chapter list saved; images require manual crawl
[1300/1866] リバース・コンプレックス: 6 chapters
  Chapter list saved; images require manual crawl
[1301/1866] 僕の部屋がダンジョンの休憩所になってしまった件 放課後の異世界冒険部: 16 chapters
  Chapter list saved; images require manual crawl
[1302/1866] 雪だるまさん〜a Father's Name〜: 25 chapters
  Chapter list saved; images require manual crawl
[1303/1866] さっきはゴメン…: 11 chapters
  Chapter list saved; images require manual crawl
[1304/1866] どうきゅーせいと！: 27 chapters
  Chapter list saved; images require manual crawl
[1305/1866] ドスケベ勇者様！: 23 chapters
  Chapter list saved; images require manual crawl
[1306/1866] アスモデウスはあきらめない: 49 chapters
  Chapter list saved; images require manual crawl
[1307/1866] 私刑囚-異常犯罪者の末路: 4 chapters
  Chapter list saved; images require manual crawl
[1308/1866] セックス依存症になりました。: 1 chapters
  Chapter list saved; images require manual crawl
[1309/1866] ほしがりすぎでしょ!? 稲葉さん: 18 chapters
  Chapter list saved; images require manual crawl
[1310/1866] 虎子、あんまり壊しちゃだめだよ: 20 chapters
  Chapter list saved; images require manual crawl
[1311/1866] ルシフェルちゃんは堕天したい: 14 chapters
  Chapter list saved; images require manual crawl
[1312/1866] 総務の袴田君が実は肉食だった話聞く!?: 5 chapters
  Chapter list saved; images require manual crawl
[1313/1866] センシティブ：敏感な問題: 40 chapters
  Chapter list saved; images require manual crawl
[1314/1866] 恋活マッチングアイランド: 9 chapters
  Chapter list saved; images require manual crawl
[1315/1866] 腕撃のパンツァー: 11 chapters
  Chapter list saved; images require manual crawl
[1316/1866] 隣のアンドロイド: 58 chapters
  Chapter list saved; images require manual crawl
[1317/1866] 水面下の駆け引き: 24 chapters
  Chapter list saved; images require manual crawl
[1318/1866] 金のためなら言ってやる！: 3 chapters
  Chapter list saved; images require manual crawl
[1319/1866] ビキニ・サービス: 20 chapters
  Chapter list saved; images require manual crawl
[1320/1866] 事後っちゃいました。: 18 chapters
  Chapter list saved; images require manual crawl
[1321/1866] 癖サキュバスは×××がお嫌い: 14 chapters
  Chapter list saved; images require manual crawl
[1322/1866] マッチングアプリでパパ活したら: 4 chapters
  Chapter list saved; images require manual crawl
[1323/1866] はじめてだから…やさしくしてね…」トロ甘なイキ声で…何度も絶頂！: 5 chapters
  Chapter list saved; images require manual crawl
[1324/1866] 新妹魔王の契約者・嵐!: 30 chapters
  Chapter list saved; images require manual crawl
[1325/1866] 悩殺！パンティ教師乱丸: 90 chapters
  Chapter list saved; images require manual crawl
[1326/1866] 雪女のマヨヒガでイチャラブハーレム性活: 5 chapters
  Chapter list saved; images require manual crawl
[1327/1866] マッサージ中なのに…挿入ってる!? スゴ腕整体師のぐちゅぐちゅ敏感ツボ刺激: 1 chapters
  Chapter list saved; images require manual crawl
[1328/1866] 生徒会副会長矢上さゆりは頑張っている!: 21 chapters
  Chapter list saved; images require manual crawl
[1329/1866] ハーレム療法はいかがですか？【フルカラー】: 9 chapters
  Chapter list saved; images require manual crawl
[1330/1866] 絶倫オヤジが女子寮で～そんなに出したら妊娠しちゃう!!: 3 chapters
  Chapter list saved; images require manual crawl
[1331/1866] 足芸少女こむらさん: 57 chapters
  Chapter list saved; images require manual crawl
[1332/1866] 29とJK: 30 chapters
  Chapter list saved; images require manual crawl
[1333/1866] 彼なんかより、私のほうがいいでしょ: 7 chapters
  Chapter list saved; images require manual crawl
[1334/1866] 殺したい〜淫らな人妻の反抗〜: 34 chapters
  Chapter list saved; images require manual crawl
[1335/1866] 姫様それは聖水ですか？: 7 chapters
  Chapter list saved; images require manual crawl
[1336/1866] 性感霊感巫女少女みこまん: 24 chapters
  Chapter list saved; images require manual crawl
[1337/1866] グッバイ！異世界転生: 45 chapters
  Chapter list saved; images require manual crawl
[1338/1866] わからせ♥巨娘メイドちゃん: 20 chapters
  Chapter list saved; images require manual crawl
[1339/1866] 恋愛シミュレーションのチート能力が詐欺レベルな件について!: 6 chapters
  Chapter list saved; images require manual crawl
[1340/1866] すんどめ!!ミルキーウェイ ANOTHER END: 2 chapters
  Chapter list saved; images require manual crawl
[1341/1866] 呪殺聖女は愛を知らない: 9 chapters
  Chapter list saved; images require manual crawl
[1342/1866] シガーホリック: 13 chapters
  Chapter list saved; images require manual crawl
[1343/1866] シェアガールハウス ～皆にシェアされた僕の彼女～ デジタルコミカライズ 分冊版: 4 chapters
  Chapter list saved; images require manual crawl
[1344/1866] 勇者と紋章のラグナロク: 23 chapters
  Chapter list saved; images require manual crawl
[1345/1866] 明けの女医と宵の魔女～僕と彼女のみだらなカルテ～: 29 chapters
  Chapter list saved; images require manual crawl
[1346/1866] 赫のグリモア: 25 chapters
  Chapter list saved; images require manual crawl
[1347/1866] 外れスキル『予報』が進化して『言ったら実現』になる件☆ レンガ・レンガ・レンガ!でスローライフしてます: 2 chapters
  Chapter list saved; images require manual crawl
[1348/1866] 風紀違反すぎるメイドと♂♀つくって人類救済!?: 7 chapters
  Chapter list saved; images require manual crawl
[1349/1866] GODゲーム〜ヤらないと取れる部屋〜: 9 chapters
  Chapter list saved; images require manual crawl
[1350/1866] ドクムシTHE RUINS HOTEL: 15 chapters
  Chapter list saved; images require manual crawl
[1351/1866] 小林さんちのメイドラゴン ルコアは僕の××です。: 33 chapters
  Chapter list saved; images require manual crawl
[1352/1866] こう見えて生えてます。: 2 chapters
  Chapter list saved; images require manual crawl
[1353/1866] Uterus of the Blackgoat 黒山羊の仔袋: 9 chapters
  Chapter list saved; images require manual crawl
[1354/1866] この世界で9番目ぐらいな俺、異世界人の監視役に駆り出されました: 12 chapters
  Chapter list saved; images require manual crawl
[1355/1866] 私が復讐の道具にされるまで～報復は連続絶頂！？優しかったカレに快楽責めで支配される～: 5 chapters
  Chapter list saved; images require manual crawl
[1356/1866] やたらと察しのいい俺は、毒舌クーデレ美少女の小さなデレも見逃さずにぐいぐいいく: 17 chapters
  Chapter list saved; images require manual crawl
[1357/1866] チートスペルマ～転生ヒロインは俺の股間で無双する: 4 chapters
  Chapter list saved; images require manual crawl
[1358/1866] KILLER-GAME-キラーゲーム: 10 chapters
  Chapter list saved; images require manual crawl
[1359/1866] 痴女リズム: 2 chapters
  Chapter list saved; images require manual crawl
[1360/1866] 私、エリート天使ですが難攻不落なJKに困ってます！: 36 chapters
  Chapter list saved; images require manual crawl
[1361/1866] ピックアップ: 10 chapters
  Chapter list saved; images require manual crawl
[1362/1866] レディーガーデン～楽園の警備員～: 77 chapters
  Chapter list saved; images require manual crawl
[1363/1866] 謝罪ハメ！～虐めた分だけイカされる…屈辱の性接待～: 3 chapters
  Chapter list saved; images require manual crawl
[1364/1866] 乙女のはらわた星の色: 14 chapters
  Chapter list saved; images require manual crawl
[1365/1866] KURENAITSUBAKI – 紅椿: 6 chapters
  Chapter list saved; images require manual crawl
[1366/1866] Hentai – クローン育成物語-ゼリーガール凌辱: 6 chapters
  Chapter list saved; images require manual crawl
[1367/1866] リネンの春: 27 chapters
  Chapter list saved; images require manual crawl
[1368/1866] 地味子がヒミツのセックス裏配信！？～おクチでイカせてあげる!～: 1 chapters
  Chapter list saved; images require manual crawl
[1369/1866] ここ♥グルメ店ですね: 2 chapters
  Chapter list saved; images require manual crawl
[1370/1866] アイドル牧場: 30 chapters
  Chapter list saved; images require manual crawl
[1371/1866] 玉森部長の妄想はとまらない: 86 chapters
  Chapter list saved; images require manual crawl
[1372/1866] 神聖騎士ディアンナの贖罪: 10 chapters
  Chapter list saved; images require manual crawl
[1373/1866] あまえないでよっ！！: 42 chapters
  Chapter list saved; images require manual crawl
[1374/1866] 異世界風俗アンソロジーコミック: 6 chapters
  Chapter list saved; images require manual crawl
[1375/1866] 紅殻のパンドラ: 101 chapters
  Chapter list saved; images require manual crawl
[1376/1866] 二人のイブ〜壁に閉じ込められた女〜: 20 chapters
  Chapter list saved; images require manual crawl
[1377/1866] 思わせぶり女～カモの事情について～: 12 chapters
  Chapter list saved; images require manual crawl
[1378/1866] さわらぬふたりはナニをする: 15 chapters
  Chapter list saved; images require manual crawl
[1379/1866] ヤる兄貴: 2 chapters
  Chapter list saved; images require manual crawl
[1380/1866] 職業：女〜元​アイドル27歳、枕営業も限界なのでパパ婚活します〜: 2 chapters
  Chapter list saved; images require manual crawl
[1381/1866] BAR Flowers: 8 chapters
  Chapter list saved; images require manual crawl
[1382/1866] オークにエッチなイタズラされちゃうアンソロジーコミック: 7 chapters
  Chapter list saved; images require manual crawl
[1383/1866] 旅館に棲み付くおっぱいちゃん～にごり湯の中だしエッチしてもバレないよね～（フルカラー）: 1 chapters
  Chapter list saved; images require manual crawl
[1384/1866] たとえば、あの子と一線を越えたなら: 7 chapters
  Chapter list saved; images require manual crawl
[1385/1866] この学校の保険医はエロすぎ摂精サキュバス: 3 chapters
  Chapter list saved; images require manual crawl
[1386/1866] 純愛契約〜月100万で飼われた妻〜: 22 chapters
  Chapter list saved; images require manual crawl
[1387/1866] ワルい女: 21 chapters
  Chapter list saved; images require manual crawl
[1388/1866] エロントロピーが止まらない！～ＪＫ巫女のラブレッスン～: 20 chapters
  Chapter list saved; images require manual crawl
[1389/1866] 妄筆ハルシネーション: 19 chapters
  Chapter list saved; images require manual crawl
[1390/1866] ハーレム少年〜膨らむ妄想、弾ける快感、夢の下宿性活〜: 19 chapters
  Chapter list saved; images require manual crawl
[1391/1866] 大正夜伽浪漫～金曜日の花嫁～: 7 chapters
  Chapter list saved; images require manual crawl
[1392/1866] ロングアイランド・アイスティー〜ほろ苦い恋のカクテル〜: 5 chapters
  Chapter list saved; images require manual crawl
[1393/1866] ピンクフィクション: 15 chapters
  Chapter list saved; images require manual crawl
[1394/1866] めざせ豪華客船!! ～船召喚スキルで異世界リッチライフを手に入れろ～: 1 chapters
  Chapter list saved; images require manual crawl
[1395/1866] ナイトメア・ファンク: 16 chapters
  Chapter list saved; images require manual crawl
[1396/1866] 「今日は帰りが遅くなります…。」妻がパート先のヤリ〇ン大学生に堕ちた理由: 1 chapters
  Chapter list saved; images require manual crawl
[1397/1866] 残念女幹部ブラックジェネラルさん: 99 chapters
  Chapter list saved; images require manual crawl
[1398/1866] 秘密の関係 ～純情オンナが堕ちるまで～(フルカラー): 30 chapters
  Chapter list saved; images require manual crawl
[1399/1866] クソゲー・オンライン(仮): 17 chapters
  Chapter list saved; images require manual crawl
[1400/1866] スポーツガールが好き！: 3 chapters
  Chapter list saved; images require manual crawl
[1401/1866] いやん♡ここでヤッちゃう？: 8 chapters
  Chapter list saved; images require manual crawl
[1402/1866] 都会のメギツネたち: 31 chapters
  Chapter list saved; images require manual crawl
[1403/1866] 異世界AV撮影隊: 14 chapters
  Chapter list saved; images require manual crawl
[1404/1866] ハイキャリア女子は黒歴史を葬りたい！: 1 chapters
  Chapter list saved; images require manual crawl
[1405/1866] 「ダメっ、それ以上深く挿入れないで!」 結婚式場で夫の友人と不同意: 1 chapters
  Chapter list saved; images require manual crawl
[1406/1866] 緋弾のアリア　Gの血族: 23 chapters
  Chapter list saved; images require manual crawl
[1407/1866] モネさんのマジメすぎるつき合い方: 24 chapters
  Chapter list saved; images require manual crawl
[1408/1866] 変な知識に詳しい彼女 高床式草子さん: 84 chapters
  Chapter list saved; images require manual crawl
[1409/1866] セメルパルス: 4 chapters
  Chapter list saved; images require manual crawl
[1410/1866] ヒーローのマネージャー: 20 chapters
  Chapter list saved; images require manual crawl
[1411/1866] ご主人様、お勃てしましょうか？: 44 chapters
  Chapter list saved; images require manual crawl
[1412/1866] ボクと彼女のピュアハンド: 8 chapters
  Chapter list saved; images require manual crawl
[1413/1866] レッドマン・プリンセス 悪霊皇女: 9 chapters
  Chapter list saved; images require manual crawl
[1414/1866] おくさん: 30 chapters
  Chapter list saved; images require manual crawl
[1415/1866] GODゲーム〜ヤらないと消える部屋〜: 9 chapters
  Chapter list saved; images require manual crawl
[1416/1866] うちのメイドがウザすぎる！: 47 chapters
  Chapter list saved; images require manual crawl
[1417/1866] 歳と魔法はキス次第: 43 chapters
  Chapter list saved; images require manual crawl
[1418/1866] イキ♡霊〜壁に隠れた女〜: 17 chapters
  Chapter list saved; images require manual crawl
[1419/1866] 勇者くんは旅立てない～: 4 chapters
  Chapter list saved; images require manual crawl
[1420/1866] 美鳥の日々: 86 chapters
  Chapter list saved; images require manual crawl
[1421/1866] 君は008: 297 chapters
  Chapter list saved; images require manual crawl
[1422/1866] 里見☆八犬伝REBOOT: 31 chapters
  Chapter list saved; images require manual crawl
[1423/1866] 自転車のおねえさん: 13 chapters
  Chapter list saved; images require manual crawl
[1424/1866] ぼうやとあくま: 8 chapters
  Chapter list saved; images require manual crawl
[1425/1866] パラサイト・ドール: 7 chapters
  Chapter list saved; images require manual crawl
[1426/1866] 英雄その後のセカンドライフ: 7 chapters
  Chapter list saved; images require manual crawl
[1427/1866] 部食べていい？ 農業男子は不器用な猛獣: 12 chapters
  Chapter list saved; images require manual crawl
[1428/1866] 姉ロイド: 4 chapters
  Chapter list saved; images require manual crawl
[1429/1866] 彼女のチャンネル: 60 chapters
  Chapter list saved; images require manual crawl
[1430/1866] 妄想区間: 47 chapters
  Chapter list saved; images require manual crawl
[1431/1866] 快感レクチャー: 10 chapters
  Chapter list saved; images require manual crawl
[1432/1866] 愛の備忘録～男になったから色々ヤってみた～: 14 chapters
  Chapter list saved; images require manual crawl
[1433/1866] オヤマ！キクノスケさん: 18 chapters
  Chapter list saved; images require manual crawl
[1434/1866] 妻の中身は子供のままだったのである。: 22 chapters
  Chapter list saved; images require manual crawl
[1435/1866] 頭を使ったセックス: 1 chapters
  Chapter list saved; images require manual crawl
[1436/1866] ボクたちはみんな大人になれなかった: 9 chapters
  Chapter list saved; images require manual crawl
[1437/1866] 恋したので配信してみた: 10 chapters
  Chapter list saved; images require manual crawl
[1438/1866] 紙山さんの紙袋の中には: 26 chapters
  Chapter list saved; images require manual crawl
[1439/1866] 先生、放課後ラブホでＨしよ…？: 1 chapters
  Chapter list saved; images require manual crawl
[1440/1866] イカすゥせぇるすまん: 6 chapters
  Chapter list saved; images require manual crawl
[1441/1866] 落とし堕とされ推し押され: 13 chapters
  Chapter list saved; images require manual crawl
[1442/1866] ジャーマン・コンプレックス: 18 chapters
  Chapter list saved; images require manual crawl
[1443/1866] ミスミスティック: 96 chapters
  Chapter list saved; images require manual crawl
[1444/1866] Seven Brides~王子争奪求婚サバイバル~: 10 chapters
  Chapter list saved; images require manual crawl
[1445/1866] ギャング・オブ・ユウシャ 回復薬中毒者とパーシベルの工房: 4 chapters
  Chapter list saved; images require manual crawl
[1446/1866] 高飛車令嬢の堕とし方: 1 chapters
  Chapter list saved; images require manual crawl
[1447/1866] 世界に一つだけのR: 17 chapters
  Chapter list saved; images require manual crawl
[1448/1866] てんぱいっ！: 18 chapters
  Chapter list saved; images require manual crawl
[1449/1866] シークレット・キャンパス: 20 chapters
  Chapter list saved; images require manual crawl
[1450/1866] シティーハンター: 3 chapters
  Chapter list saved; images require manual crawl
[1451/1866] 黒天の魔王～魔物の言葉がわかる俺、虐げられた魔物たちの救世主となり最強国家を作り上げる～: 27 chapters
  Chapter list saved; images require manual crawl
[1452/1866] オレは妻のことをよく知らない: 15 chapters
  Chapter list saved; images require manual crawl
[1453/1866] バレット×ファング: 26 chapters
  Chapter list saved; images require manual crawl
[1454/1866] 隣の部屋から喘ぎ声がするんですけど…: 16 chapters
  Chapter list saved; images require manual crawl
[1455/1866] 職場でトロけちゃダメですか?: 1 chapters
  Chapter list saved; images require manual crawl
[1456/1866] 清純可憐: 108 chapters
  Chapter list saved; images require manual crawl
[1457/1866] 年上お姉さんハーレム～僕は女子寮のシェアち●ちん～: 1 chapters
  Chapter list saved; images require manual crawl
[1458/1866] 神さまの恋人: 41 chapters
  Chapter list saved; images require manual crawl
[1459/1866] いわかける! ―CLIMBING GIRLS―: 43 chapters
  Chapter list saved; images require manual crawl
[1460/1866] エロチカの星: 37 chapters
  Chapter list saved; images require manual crawl
[1461/1866] 漆黒のジギィ: 15 chapters
  Chapter list saved; images require manual crawl
[1462/1866] サキュバスな委員長にお断りされまして: 17 chapters
  Chapter list saved; images require manual crawl
[1463/1866] フォックスの威: 5 chapters
  Chapter list saved; images require manual crawl
[1464/1866] 異邦ノ乙女シリーズ: 1 chapters
  Chapter list saved; images require manual crawl
[1465/1866] ノイパちゃんはアブナイ！: 6 chapters
  Chapter list saved; images require manual crawl
[1466/1866] 龍神エロティックウェディング: 10 chapters
  Chapter list saved; images require manual crawl
[1467/1866] 淫魔ですが、堅物騎士団長の妄想だけでお腹いっぱいです！: 1 chapters
  Chapter list saved; images require manual crawl
[1468/1866] 悪魔と人との間: 17 chapters
  Chapter list saved; images require manual crawl
[1469/1866] 大蜘蛛ちゃんフラッシュ・バック: 33 chapters
  Chapter list saved; images require manual crawl
[1470/1866] 花嫁のひみつ: 10 chapters
  Chapter list saved; images require manual crawl
[1471/1866] 黒焔の戦乙女: 21 chapters
  Chapter list saved; images require manual crawl
[1472/1866] 女子校だからセーフ: 4 chapters
  Chapter list saved; images require manual crawl
[1473/1866] 羽衣先生は今日もカンヅメ: 24 chapters
  Chapter list saved; images require manual crawl
[1474/1866] SEX EDUCATION　セックス・エデュケーション: 5 chapters
  Chapter list saved; images require manual crawl
[1475/1866] スエゼンくんはいつもお預け: 10 chapters
  Chapter list saved; images require manual crawl
[1476/1866] ヨメクラ: 44 chapters
  Chapter list saved; images require manual crawl
[1477/1866] 近所のジムで寝取られ汗だくSEX: 1 chapters
  Chapter list saved; images require manual crawl
[1478/1866] 快感ストリーミング: 10 chapters
  Chapter list saved; images require manual crawl
[1479/1866] On Air’s オンエアーズ: 4 chapters
  Chapter list saved; images require manual crawl
[1480/1866] 窓香さんの天然なゆーわく: 10 chapters
  Chapter list saved; images require manual crawl
[1481/1866] マギ シンドバッドの冒険: 1 chapters
  Chapter list saved; images require manual crawl
[1482/1866] おねえさんと猫を飼う: 13 chapters
  Chapter list saved; images require manual crawl
[1483/1866] お試し結婚だったハズですがっ？: 5 chapters
  Chapter list saved; images require manual crawl
[1484/1866] くだんの彼女と未来交歓: 10 chapters
  Chapter list saved; images require manual crawl
[1485/1866] 魔族のペットになりまして: 21 chapters
  Chapter list saved; images require manual crawl
[1486/1866] シークレットカノジョ: 10 chapters
  Chapter list saved; images require manual crawl
[1487/1866] 僕ペット～僕は彼女のペット～: 1 chapters
  Chapter list saved; images require manual crawl
[1488/1866] 異世界パーティークラッシャーズ ～推しの魔王に召喚されたのでブラック勤めのストレスを内輪揉めで発散します。～: 21 chapters
  Chapter list saved; images require manual crawl
[1489/1866] 沈清と竜王～私竜王様とヤりたいです！～: 4 chapters
  Chapter list saved; images require manual crawl
[1490/1866] 『男と女のここだけの話 週末愛』: 9 chapters
  Chapter list saved; images require manual crawl
[1491/1866] 浅海さんと死んでもイキたい。: 14 chapters
  Chapter list saved; images require manual crawl
[1492/1866] 先生のこと、くすぐってあげる: 39 chapters
  Chapter list saved; images require manual crawl
[1493/1866] 世話焼きキナコの××管理: 19 chapters
  Chapter list saved; images require manual crawl
[1494/1866] 俺ン家の怪物: 17 chapters
  Chapter list saved; images require manual crawl
[1495/1866] エクソシストは不浄に抗う: 1 chapters
  Chapter list saved; images require manual crawl
[1496/1866] 手品先輩: 130 chapters
  Chapter list saved; images require manual crawl
[1497/1866] 異世界サイハテ温泉紀行: 7 chapters
  Chapter list saved; images require manual crawl
[1498/1866] ちえりの恋は8メートル: 65 chapters
  Chapter list saved; images require manual crawl
[1499/1866] 純愛とろとりっぷ: 1 chapters
  Chapter list saved; images require manual crawl
[1500/1866] 時をトめる処刑人はギソウ妻: 15 chapters
  Chapter list saved; images require manual crawl
[1501/1866] 天使たちは人類繁殖担当になりました: 1 chapters
  Chapter list saved; images require manual crawl
[1502/1866] 夢うつつの花の園: 40 chapters
  Chapter list saved; images require manual crawl
[1503/1866] いわゆるそういう関係: 51 chapters
  Chapter list saved; images require manual crawl
[1504/1866] V-idolにモテ過ぎて狂った僕の日常: 14 chapters
  Chapter list saved; images require manual crawl
[1505/1866] 貴方は猫（わたし）の下僕です ～ねことげぼくのヒミツのカンケイ～: 1 chapters
  Chapter list saved; images require manual crawl
[1506/1866] 成瀬ちゆりはコスりたい！: 24 chapters
  Chapter list saved; images require manual crawl
[1507/1866] まるゆの湯: 19 chapters
  Chapter list saved; images require manual crawl
[1508/1866] 彼女のあだ名は: 29 chapters
  Chapter list saved; images require manual crawl
[1509/1866] 赤い瞳のヴィクトルカ 乙女戦争外伝Ⅰ: 5 chapters
  Chapter list saved; images require manual crawl
[1510/1866] 異世界に転生したら聖少女にされた: 5 chapters
  Chapter list saved; images require manual crawl
[1511/1866] 絶頂のゼット: 48 chapters
  Chapter list saved; images require manual crawl
[1512/1866] 世界迷宮のオーパーツ: 7 chapters
  Chapter list saved; images require manual crawl
[1513/1866] このＳを、見よ！: 1 chapters
  Chapter list saved; images require manual crawl
[1514/1866] ポンコツお嬢様と陰キャ世話係: 25 chapters
  Chapter list saved; images require manual crawl
[1515/1866] TOKYO異世界不動産: 9 chapters
  Chapter list saved; images require manual crawl
[1516/1866] おしかけメイドの白雪さん: 12 chapters
  Chapter list saved; images require manual crawl
[1517/1866] 新人ナースのエッチなお仕事: 2 chapters
  Chapter list saved; images require manual crawl
[1518/1866] GODゲーム〜ヤらないと上がる部屋〜: 9 chapters
  Chapter list saved; images require manual crawl
[1519/1866] 謀略のパンツァー: 35 chapters
  Chapter list saved; images require manual crawl
[1520/1866] 初恋ゾンビ: 168 chapters
  Chapter list saved; images require manual crawl
[1521/1866] 早乙女選手、ひたかくす: 12 chapters
  Chapter list saved; images require manual crawl
[1522/1866] ラブハウス〜年下君にイカされる絶倫生活〜: 16 chapters
  Chapter list saved; images require manual crawl
[1523/1866] あいるエンカウント!: 13 chapters
  Chapter list saved; images require manual crawl
[1524/1866] ニードレス: 2 chapters
  Chapter list saved; images require manual crawl
[1525/1866] 夢の中のご主人様: 158 chapters
  Chapter list saved; images require manual crawl
[1526/1866] 明星のジェニィ: 26 chapters
  Chapter list saved; images require manual crawl
[1527/1866] 非常階段〜快楽への裏口〜: 31 chapters
  Chapter list saved; images require manual crawl
[1528/1866] 健全美少女はシゴきたい!!: 6 chapters
  Chapter list saved; images require manual crawl
[1529/1866] ヴァージン†メイデン: 12 chapters
  Chapter list saved; images require manual crawl
[1530/1866] 影繰姫譚: 1 chapters
  Chapter list saved; images require manual crawl
[1531/1866] ペストが明けたら遊びましょう！ ～中世ヨーロッパ世界と現代文明スローライフ～: 10 chapters
  Chapter list saved; images require manual crawl
[1532/1866] 僕の人生にもついに春が〜この三角関係、会社のみんなには秘密です〜: 13 chapters
  Chapter list saved; images require manual crawl
[1533/1866] 異世界ドラッグ-薬学知識でモンスター娘たちを虜にして成り上がる: 9 chapters
  Chapter list saved; images require manual crawl
[1534/1866] AMANE: 103 chapters
  Chapter list saved; images require manual crawl
[1535/1866] 君は私のＸＸ: 3 chapters
  Chapter list saved; images require manual crawl
[1536/1866] 私たちだけが知る世界: 14 chapters
  Chapter list saved; images require manual crawl
[1537/1866] 導国の魔術師 -BRAVE&CHICKEN: 9 chapters
  Chapter list saved; images require manual crawl
[1538/1866] 勇者様、湯加減はいかがですか？: 9 chapters
  Chapter list saved; images require manual crawl
[1539/1866] 女アサシンさんは奪われたい: 1 chapters
  Chapter list saved; images require manual crawl
[1540/1866] 異世界で最強の杖に転生した俺が嫌がる少女をムリヤリ魔法少女にPする!: 36 chapters
  Chapter list saved; images require manual crawl
[1541/1866] 拘束乙女の聖歌隊: 15 chapters
  Chapter list saved; images require manual crawl
[1542/1866] 怪滅王と12人の星の巫女: 31 chapters
  Chapter list saved; images require manual crawl
[1543/1866] THE・GIRLS・SCHOOL: 18 chapters
  Chapter list saved; images require manual crawl
[1544/1866] ツボネノツバメ～3rd～season: 3 chapters
  Chapter list saved; images require manual crawl
[1545/1866] 戦国†恋姫~乙女絢爛☆戦国絵巻~ ば~さす!: 13 chapters
  Chapter list saved; images require manual crawl
[1546/1866] ライセカミカ: 29 chapters
  Chapter list saved; images require manual crawl
[1547/1866] インフルエンサーにストーカーされています: 43 chapters
  Chapter list saved; images require manual crawl
[1548/1866] 転性パンデみっく: 19 chapters
  Chapter list saved; images require manual crawl
[1549/1866] 恋愛経験がゼロな男: 9 chapters
  Chapter list saved; images require manual crawl
[1550/1866] レムシータ・ブレイブス・オンライン: 14 chapters
  Chapter list saved; images require manual crawl
[1551/1866] 好きにして、させて？: 23 chapters
  Chapter list saved; images require manual crawl
[1552/1866] 6号警備: 15 chapters
  Chapter list saved; images require manual crawl
[1553/1866] とある暗部の少女共棲: 18 chapters
  Chapter list saved; images require manual crawl
[1554/1866] 制服少女未征服: 1 chapters
  Chapter list saved; images require manual crawl
[1555/1866] きょうも黒咲さんのターン！: 40 chapters
  Chapter list saved; images require manual crawl
[1556/1866] スライム転生。大賢者が養女エルフに抱きしめられてます: 11 chapters
  Chapter list saved; images require manual crawl
[1557/1866] コスプレガール〜視られて駆け巡るエクスタシー〜: 34 chapters
  Chapter list saved; images require manual crawl
[1558/1866] 常勝魔王のやりなおし ～俺はまだ一割も本気を出していないんだが～: 22 chapters
  Chapter list saved; images require manual crawl
[1559/1866] 全裸勇者: 27 chapters
  Chapter list saved; images require manual crawl
[1560/1866] 一万倍の聖女が教える聖教育: 26 chapters
  Chapter list saved; images require manual crawl
[1561/1866] みはらし荘の５人の花嫁: 6 chapters
  Chapter list saved; images require manual crawl
[1562/1866] 12BEAST トゥエルヴ ビースト: 35 chapters
  Chapter list saved; images require manual crawl
[1563/1866] 蟲毒の雀士: 62 chapters
  Chapter list saved; images require manual crawl
[1564/1866] あくまで風紀のタメですから: 19 chapters
  Chapter list saved; images require manual crawl
[1565/1866] アリスの感じる♥ラジオ: 21 chapters
  Chapter list saved; images require manual crawl
[1566/1866] 魔帝教師と従属少女の背徳契約: 10 chapters
  Chapter list saved; images require manual crawl
[1567/1866] RPG W(・∀・)RLD ‐ろーぷれ・わーるど‐: 17 chapters
  Chapter list saved; images require manual crawl
[1568/1866] 離れてください、冥仙さん: 1 chapters
  Chapter list saved; images require manual crawl
[1569/1866] 天晴納涼!! ふんどし刑事: 12 chapters
  Chapter list saved; images require manual crawl
[1570/1866] アスラクライン: 25 chapters
  Chapter list saved; images require manual crawl
[1571/1866] うちの居候が世界を掌握している!: 10 chapters
  Chapter list saved; images require manual crawl
[1572/1866] ボーンコレクション: 15 chapters
  Chapter list saved; images require manual crawl
[1573/1866] ひきこもりSEと秘蜜のおしごと: 4 chapters
  Chapter list saved; images require manual crawl
[1574/1866] モトカノミーツボーイ: 4 chapters
  Chapter list saved; images require manual crawl
[1575/1866] 赤い鳩 ～アピル～: 34 chapters
  Chapter list saved; images require manual crawl
[1576/1866] 契約夫婦２〜ソウルメイト〜: 69 chapters
  Chapter list saved; images require manual crawl
[1577/1866] 未来遊戯LSV: 5 chapters
  Chapter list saved; images require manual crawl
[1578/1866] ちょろいですよ鬼殺さん！: 16 chapters
  Chapter list saved; images require manual crawl
[1579/1866] モンスターの婚活屋さん: 20 chapters
  Chapter list saved; images require manual crawl
[1580/1866] 霊愛: 63 chapters
  Chapter list saved; images require manual crawl
[1581/1866] こちら異世界でよろしかったでしょうか？: 1 chapters
  Chapter list saved; images require manual crawl
[1582/1866] ランジェリー事業部: 24 chapters
  Chapter list saved; images require manual crawl
[1583/1866] マジェスティックプリンス: 87 chapters
  Chapter list saved; images require manual crawl
[1584/1866] くノ一桃果食べごろです?: 19 chapters
  Chapter list saved; images require manual crawl
[1585/1866] 女神様のひだりて: 14 chapters
  Chapter list saved; images require manual crawl
[1586/1866] HITMAN THE SHITMAN: 14 chapters
  Chapter list saved; images require manual crawl
[1587/1866] お湯でほころぶ雪芽先輩: 19 chapters
  Chapter list saved; images require manual crawl
[1588/1866] 京アミ！＋ [Kyou Ami!＋]: 9 chapters
  Chapter list saved; images require manual crawl
[1589/1866] 恋する魔弾と戦姫のアカデミア　～Another Story of the Lord Marksman and Vanadis～: 25 chapters
  Chapter list saved; images require manual crawl
[1590/1866] 淫魔の天敵: 1 chapters
  Chapter list saved; images require manual crawl
[1591/1866] 電撃ネコミミ侍: 17 chapters
  Chapter list saved; images require manual crawl
[1592/1866] 学園1の美少女は××絵師の俺に惚れている!?: 33 chapters
  Chapter list saved; images require manual crawl
[1593/1866] ぼくたちの離婚: 0 chapters
  Chapter list saved; images require manual crawl
[1594/1866] 俺の友達♂♀が可愛すぎて困る！: 0 chapters
  Chapter list saved; images require manual crawl
[1595/1866] イケない人妻レッスン ～人妻学園で教わる男の悦ばせ方～ 分冊版: 0 chapters
  Chapter list saved; images require manual crawl
[1596/1866] 愛されてもいいんだよ: 0 chapters
  Chapter list saved; images require manual crawl
[1597/1866] ニンジャスレイヤー キョート・ヘル・オン・アース: 0 chapters
  Chapter list saved; images require manual crawl
[1598/1866] 八雲さんは餌づけがしたい。: 0 chapters
  Chapter list saved; images require manual crawl
[1599/1866] カイカンドウキ: 0 chapters
  Chapter list saved; images require manual crawl
[1600/1866] 夢見る編集者と無気力小説家: 0 chapters
  Chapter list saved; images require manual crawl
[1601/1866] ポンコツ女神の異世界創世録: 0 chapters
  Chapter list saved; images require manual crawl
[1602/1866] 上野さんは不器用: 0 chapters
  Chapter list saved; images require manual crawl
[1603/1866] 異世界ひとっ娘動物園: 0 chapters
  Chapter list saved; images require manual crawl
[1604/1866] こえでおしごと!!: 0 chapters
  Chapter list saved; images require manual crawl
[1605/1866] 勇者妻 勇者がシてくれなくても、聖女はケダモノ魔王に、貪られてます: 26 chapters
  Chapter list saved; images require manual crawl
[1606/1866] ロクでなし魔術講師と禁忌教典: 0 chapters
  Chapter list saved; images require manual crawl
[1607/1866] 超可動ガールズ: 33 chapters
  Chapter list saved; images require manual crawl
[1608/1866] 賢者の孫SP: 0 chapters
  Chapter list saved; images require manual crawl
[1609/1866] 戦×恋（ヴァルラヴ）: 0 chapters
  Chapter list saved; images require manual crawl
[1610/1866] 清く正しくふしだらに: 0 chapters
  Chapter list saved; images require manual crawl
[1611/1866] 年下の先輩: 0 chapters
  Chapter list saved; images require manual crawl
[1612/1866] エロスの種子: 0 chapters
  Chapter list saved; images require manual crawl
[1613/1866] 今まで一度も女扱いされたことがない女騎士を女扱いする漫画: 0 chapters
  Chapter list saved; images require manual crawl
[1614/1866] ××が嫌いな女子なんかいません！: 0 chapters
  Chapter list saved; images require manual crawl
[1615/1866] 勇者が死んだ!: 0 chapters
  Chapter list saved; images require manual crawl
[1616/1866] こんちゅき: 0 chapters
  Chapter list saved; images require manual crawl
[1617/1866] 来世ではちゃんとします: 0 chapters
  Chapter list saved; images require manual crawl
[1618/1866] ロロッロ！: 130 chapters
  Chapter list saved; images require manual crawl
[1619/1866] 俺はロリコンじゃない！: 0 chapters
  Chapter list saved; images require manual crawl
[1620/1866] 異世界でもおっぱいから目が離せないッ!!: 0 chapters
  Chapter list saved; images require manual crawl
[1621/1866] 春輝: 0 chapters
  Chapter list saved; images require manual crawl
[1622/1866] 煩悩☆西遊記: 0 chapters
  Chapter list saved; images require manual crawl
[1623/1866] 鉄拳チンミLegends: 0 chapters
  Chapter list saved; images require manual crawl
[1624/1866] 物理的に孤立している俺の高校生活: 0 chapters
  Chapter list saved; images require manual crawl
[1625/1866] キャンパス・ラブ: 49 chapters
  Chapter list saved; images require manual crawl
[1626/1866] うちのメイドと結婚するためなら俺はハーレムを作る: 0 chapters
  Chapter list saved; images require manual crawl
[1627/1866] ヒトミ先生の保健室: 47 chapters
  Chapter list saved; images require manual crawl
[1628/1866] 百合ラブスレイブ　ふたりだけの放課後: 0 chapters
  Chapter list saved; images require manual crawl
[1629/1866] 私、都合のいい女でいいです。: 0 chapters
  Chapter list saved; images require manual crawl
[1630/1866] 終の退魔師 ―エンダーガイスター―: 0 chapters
  Chapter list saved; images require manual crawl
[1631/1866] きるる KILL ME: 0 chapters
  Chapter list saved; images require manual crawl
[1632/1866] 異世界出版の編集さん: 17 chapters
  Chapter list saved; images require manual crawl
[1633/1866] 放課後の拷問少女: 0 chapters
  Chapter list saved; images require manual crawl
[1634/1866] カジテツ王子: 0 chapters
  Chapter list saved; images require manual crawl
[1635/1866] 終末のハーレム After World: 0 chapters
  Chapter list saved; images require manual crawl
[1636/1866] ド級編隊エグゼロス セミカラー版: 0 chapters
  Chapter list saved; images require manual crawl
[1637/1866] 事件はスカートの中で: 0 chapters
  Chapter list saved; images require manual crawl
[1638/1866] 魔法少年は、愛液で世界を救う。: 0 chapters
  Chapter list saved; images require manual crawl
[1639/1866] 軍オタが魔法世界に転生したら、現代兵器で軍隊ハーレムを作っちゃいました!?: 0 chapters
  Chapter list saved; images require manual crawl
[1640/1866] ゴブリンはもう十分に強い: 0 chapters
  Chapter list saved; images require manual crawl
[1641/1866] Blooming Cafe〜大人の味に咲き乱れて〜: 2 chapters
  Chapter list saved; images require manual crawl
[1642/1866] 関西弁お姉さんと純真少年: 0 chapters
  Chapter list saved; images require manual crawl
[1643/1866] 女同士とかありえないでしょと言い張る女の子を、百日間で徹底的に落とす百合のお話: 0 chapters
  Chapter list saved; images require manual crawl
[1644/1866] 異世界の役所でアルバイト始めました: 0 chapters
  Chapter list saved; images require manual crawl
[1645/1866] 小山内夫妻はいとなみたい: 0 chapters
  Chapter list saved; images require manual crawl
[1646/1866] 先生、俺にかまわずイッてください！！: 0 chapters
  Chapter list saved; images require manual crawl
[1647/1866] 早乙女姉妹は漫画のためなら!?: 0 chapters
  Chapter list saved; images require manual crawl
[1648/1866] こいつらの正体が女だと俺だけが知っている: 0 chapters
  Chapter list saved; images require manual crawl
[1649/1866] 親愛なる僕へ殺意をこめて: 0 chapters
  Chapter list saved; images require manual crawl
[1650/1866] アンダー３: 30 chapters
  Chapter list saved; images require manual crawl
[1651/1866] ゴゴゴゴーゴーゴースト: 0 chapters
  Chapter list saved; images require manual crawl
[1652/1866] キスシス: 0 chapters
  Chapter list saved; images require manual crawl
[1653/1866] デリ恋〜好きになったのはイケメンドライバーでした〜: 0 chapters
  Chapter list saved; images require manual crawl
[1654/1866] 聖なる騎士の暗黒道: 0 chapters
  Chapter list saved; images require manual crawl
[1655/1866] アサシン ‐ichiyo‐: 0 chapters
  Chapter list saved; images require manual crawl
[1656/1866] アルカフス: 0 chapters
  Chapter list saved; images require manual crawl
[1657/1866] ぼくたちのリメイク: 0 chapters
  Chapter list saved; images require manual crawl
[1658/1866] サキュバス先生と呼ばないで: 0 chapters
  Chapter list saved; images require manual crawl
[1659/1866] ヒマチの嬢王: 0 chapters
  Chapter list saved; images require manual crawl
[1660/1866] 転生隠者はほくそ笑む: 0 chapters
  Chapter list saved; images require manual crawl
[1661/1866] 鉄機のダン: 4 chapters
  Chapter list saved; images require manual crawl
[1662/1866] 女騎士ゴブリン: 0 chapters
  Chapter list saved; images require manual crawl
[1663/1866] 異世界で最強魔王の子供達10人のママになっちゃいました。: 0 chapters
  Chapter list saved; images require manual crawl
[1664/1866] 劣等眼の転生魔術師 ～虐げられた元勇者は未来の世界を余裕で生き抜く～: 0 chapters
  Chapter list saved; images require manual crawl
[1665/1866] 四畳半異世界交流記: 0 chapters
  Chapter list saved; images require manual crawl
[1666/1866] 二度目の人生を異世界で: 0 chapters
  Chapter list saved; images require manual crawl
[1667/1866] マグロ少女: 0 chapters
  Chapter list saved; images require manual crawl
[1668/1866] 恋するテーマパーク: 32 chapters
  Chapter list saved; images require manual crawl
[1669/1866] つむじまがり×すぷりんぐ: 0 chapters
  Chapter list saved; images require manual crawl
[1670/1866] 女の子が抱いちゃだめですか？: 0 chapters
  Chapter list saved; images require manual crawl
[1671/1866] 触手魔術師の成り上がり: 0 chapters
  Chapter list saved; images require manual crawl
[1672/1866] 神装魔法少女ハウリングムーン: 0 chapters
  Chapter list saved; images require manual crawl
[1673/1866] バレてる！カクテルナイト: 0 chapters
  Chapter list saved; images require manual crawl
[1674/1866] 有栖ツバサの探偵奇譚: 3 chapters
  Chapter list saved; images require manual crawl
[1675/1866] 女には3年に一度どうにかされたい日がある: 0 chapters
  Chapter list saved; images require manual crawl
[1676/1866] お姉ちゃんは恋妖怪: 35 chapters
  Chapter list saved; images require manual crawl
[1677/1866] グレイプニル: 0 chapters
  Chapter list saved; images require manual crawl
[1678/1866] 若者の黒魔法離れが深刻ですが、就職してみたら待遇いいし、社長も使い魔もかわいくて最高です!: 0 chapters
  Chapter list saved; images require manual crawl
[1679/1866] ふりむけばアザラシ: 0 chapters
  Chapter list saved; images require manual crawl
[1680/1866] 魔王学園の反逆者: 0 chapters
  Chapter list saved; images require manual crawl
[1681/1866] ゴールデンカムイ: 0 chapters
  Chapter list saved; images require manual crawl
[1682/1866] アダマスの魔女たち: 0 chapters
  Chapter list saved; images require manual crawl
[1683/1866] 騒々　RE-BOOT!: 6 chapters
  Chapter list saved; images require manual crawl
[1684/1866] 僕と悪夢とおねえさん: 0 chapters
  Chapter list saved; images require manual crawl
[1685/1866] ガンバレッド×シスターズ: 0 chapters
  Chapter list saved; images require manual crawl
[1686/1866] ド級編隊エグゼロス: 0 chapters
  Chapter list saved; images require manual crawl
[1687/1866] 女子高生と結婚したので爆発します。: 0 chapters
  Chapter list saved; images require manual crawl
[1688/1866] こちらから入れましょうか、その。。。アレを: 0 chapters
  Chapter list saved; images require manual crawl
[1689/1866] 俺だけ入れる隠しダンジョン ～こっそり鍛えて世界最強～: 0 chapters
  Chapter list saved; images require manual crawl
[1690/1866] 友達として大好き: 0 chapters
  Chapter list saved; images require manual crawl
[1691/1866] 秘密の社内恋愛で危ないイタズラ: 0 chapters
  Chapter list saved; images require manual crawl
[1692/1866] 社畜サキュバスの話: 0 chapters
  Chapter list saved; images require manual crawl
[1693/1866] JKハルは異世界で娼婦になった: 0 chapters
  Chapter list saved; images require manual crawl
[1694/1866] GTO パラダイス・ロスト: 0 chapters
  Chapter list saved; images require manual crawl
[1695/1866] 妖狐はB専を落とせない！: 1 chapters
  Chapter list saved; images require manual crawl
[1696/1866] ヒットマン: 0 chapters
  Chapter list saved; images require manual crawl
[1697/1866] 銀のケルベロス: 0 chapters
  Chapter list saved; images require manual crawl
[1698/1866] 恋する淫魔の禁欲生活: 0 chapters
  Chapter list saved; images require manual crawl
[1699/1866] 中にたっぷりちょうだい〜魔力チャージの仕方がアレだった!?〜: 0 chapters
  Chapter list saved; images require manual crawl
[1700/1866] 祓魔師な嫁ですが。: 0 chapters
  Chapter list saved; images require manual crawl
[1701/1866] 武装少女マキャヴェリズム 漫画: 0 chapters
  Chapter list saved; images require manual crawl
[1702/1866] 結婚が前提のラブコメ: 0 chapters
  Chapter list saved; images require manual crawl
[1703/1866] 転生王女の私、異世界サラ金王子にお買い上げされて愛玩奴隷になりました。 ～ブラック実家が買い戻そうにももう遅い～: 0 chapters
  Chapter list saved; images require manual crawl
[1704/1866] お願い、脱がシて。: 0 chapters
  Chapter list saved; images require manual crawl
[1705/1866] ものカノ　もののけ彼女たちとマッチングした主食の俺: 6 chapters
  Chapter list saved; images require manual crawl
[1706/1866] 姫騎士さんとオーク: 18 chapters
  Chapter list saved; images require manual crawl
[1707/1866] デスティニーラバーズ: 0 chapters
  Chapter list saved; images require manual crawl
[1708/1866] 世界で一番おっぱいが好き！: 0 chapters
  Chapter list saved; images require manual crawl
[1709/1866] 夫を噛む: 0 chapters
  Chapter list saved; images require manual crawl
[1710/1866] 僕の部屋がダンジョンの休憩所になってしまった件: 0 chapters
  Chapter list saved; images require manual crawl
[1711/1866] 再臨勇者の復讐譚: 0 chapters
  Chapter list saved; images require manual crawl
[1712/1866] オトしてください！ 女神様！！: 0 chapters
  Chapter list saved; images require manual crawl
[1713/1866] 魔王を倒した俺に待っていたのは、世話好きなヨメとのイチャイチャ錬金生活だった。: 0 chapters
  Chapter list saved; images require manual crawl
[1714/1866] 仲が悪すぎる幼馴染が、俺が5年以上ハマっているFPSゲームのフレンドだった件について。: 0 chapters
  Chapter list saved; images require manual crawl
[1715/1866] 異世界で身代わり姫になり覇王に奪われました: 0 chapters
  Chapter list saved; images require manual crawl
[1716/1866] 犬になったら好きな人に拾われた。: 0 chapters
  Chapter list saved; images require manual crawl
[1717/1866] プランダラ: 0 chapters
  Chapter list saved; images require manual crawl
[1718/1866] 前略。ねこと天使と同居はじめました。: 0 chapters
  Chapter list saved; images require manual crawl
[1719/1866] 捕食者: 4 chapters
  Chapter list saved; images require manual crawl
[1720/1866] 異世界黒服: 5 chapters
  Chapter list saved; images require manual crawl
[1721/1866] 画皮ちゃん！: 0 chapters
  Chapter list saved; images require manual crawl
[1722/1866] JK竜王雛形さん: 3 chapters
  Chapter list saved; images require manual crawl
[1723/1866] 金の糸: 0 chapters
  Chapter list saved; images require manual crawl
[1724/1866] ウィッチギルド ファンタジア: 16 chapters
  Chapter list saved; images require manual crawl
[1725/1866] 1/10の花嫁 漫画: 0 chapters
  Chapter list saved; images require manual crawl
[1726/1866] 異世界先輩-手品先輩はこの世界でもポンコツなようです: 3 chapters
  Chapter list saved; images require manual crawl
[1727/1866] テフレ。: 0 chapters
  Chapter list saved; images require manual crawl
[1728/1866] 男殺しの音頃さん: 0 chapters
  Chapter list saved; images require manual crawl
[1729/1866] リリReカスタマイズ モデラーも異世界では錬金術師!?: 7 chapters
  Chapter list saved; images require manual crawl
[1730/1866] 暑がり生徒会長と冷え性ギャルが僕に迫る: 0 chapters
  Chapter list saved; images require manual crawl
[1731/1866] EX-ARM Another Code エクスアーム アナザーコード: 0 chapters
  Chapter list saved; images require manual crawl
[1732/1866] イキ死ニ 令和少女狂奇譚: 0 chapters
  Chapter list saved; images require manual crawl
[1733/1866] ジクラット: 49 chapters
  Chapter list saved; images require manual crawl
[1734/1866] シルバーポールフラワーズ: 0 chapters
  Chapter list saved; images require manual crawl
[1735/1866] 徳川の猿: 0 chapters
  Chapter list saved; images require manual crawl
[1736/1866] すのはら荘の管理人さん: 0 chapters
  Chapter list saved; images require manual crawl
[1737/1866] 壊れスキルで始める現代ダンジョン攻略: 0 chapters
  Chapter list saved; images require manual crawl
[1738/1866] 最弱無能が玉座へ至る ～人間社会の落ちこぼれ、亜人の眷属になって成り上がる～: 0 chapters
  Chapter list saved; images require manual crawl
[1739/1866] 遊び人は賢者に転職できるって知ってました？　～勇者パーティを追放されたLV99道化師、【大賢者】になる～: 0 chapters
  Chapter list saved; images require manual crawl
[1740/1866] 魔法少女の使い魔なのに今日も怪人が誘惑してくる: 4 chapters
  Chapter list saved; images require manual crawl
[1741/1866] 獣人騎士の敬愛: 1 chapters
  Chapter list saved; images require manual crawl
[1742/1866] 神さまの怨結び: 0 chapters
  Chapter list saved; images require manual crawl
[1743/1866] 毒舌少女はあまのじゃく ～壁越しなら素直に好きって言えるもん！～: 0 chapters
  Chapter list saved; images require manual crawl
[1744/1866] 口止めのご褒美は男装乙女とイチャエロです!: 0 chapters
  Chapter list saved; images require manual crawl
[1745/1866] クレイジーフードトラック: 0 chapters
  Chapter list saved; images require manual crawl
[1746/1866] めいしす!!! トラブルメイドシスターズ: 0 chapters
  Chapter list saved; images require manual crawl
[1747/1866] 女神のスプリンター: 0 chapters
  Chapter list saved; images require manual crawl
[1748/1866] タイツで癒してくれる嫁: 0 chapters
  Chapter list saved; images require manual crawl
[1749/1866] 三大陸英雄記: 0 chapters
  Chapter list saved; images require manual crawl
[1750/1866] 黒ギャルさんが来る！: 0 chapters
  Chapter list saved; images require manual crawl
[1751/1866] 私刑囚 ～異常犯罪者の末路～: 0 chapters
  Chapter list saved; images require manual crawl
[1752/1866] 天野めぐみはスキだらけ!: 0 chapters
  Chapter list saved; images require manual crawl
[1753/1866] 童貞噺: 0 chapters
  Chapter list saved; images require manual crawl
[1754/1866] 田中のアトリエ ～年齢=彼女いない歴の魔法使い～: 0 chapters
  Chapter list saved; images require manual crawl
[1755/1866] ナリカワリ: 50 chapters
  Chapter list saved; images require manual crawl
[1756/1866] 夫のちんぽが入らない: 27 chapters
  Chapter list saved; images require manual crawl
[1757/1866] 囮捜査官キョウカ-絶対に感じなかった女が性的な快感を感じるようになったら…: 91 chapters
  Chapter list saved; images require manual crawl
[1758/1866] 欲求不満の人妻は温泉旅館で激しく悶える: 81 chapters
  Chapter list saved; images require manual crawl
[1759/1866] 裸のるーくん: 24 chapters
  Chapter list saved; images require manual crawl
[1760/1866] 押しに弱いOL、手ワザでナカから凄イキ! ほぐれる絶頂ガニ股マッサージ: 18 chapters
  Chapter list saved; images require manual crawl
[1761/1866] 秘め妻: 44 chapters
  Chapter list saved; images require manual crawl
[1762/1866] サキュバス・リップ～復讐の口づけ～: 7 chapters
  Chapter list saved; images require manual crawl
[1763/1866] 子宝島～島民の容赦ない妊活ピストンでイキ狂う妻～: 6 chapters
  Chapter list saved; images require manual crawl
[1764/1866] 魔法女学園で働く俺は異世界から召喚された『ハーレム奴隷』です。: 12 chapters
  Chapter list saved; images require manual crawl
[1765/1866] ふわふわハコマンション: 33 chapters
  Chapter list saved; images require manual crawl
[1766/1866] シークレット・ワイフ: 5 chapters
  Chapter list saved; images require manual crawl
[1767/1866] 隣人の自堕落お姉さんたちは無防備です！？: 4 chapters
  Chapter list saved; images require manual crawl
[1768/1866] パパ活相手がママの再婚相手～どこでもヤレれるオトナの溺愛SEX～: 1 chapters
  Chapter list saved; images require manual crawl
[1769/1866] 魔王と俺の叛逆記: 57 chapters
  Chapter list saved; images require manual crawl
[1770/1866] ノブナガ先生の幼な妻: 28 chapters
  Chapter list saved; images require manual crawl
[1771/1866] 冒険者ギルドの万能アドバイザー: 0 chapters
  Chapter list saved; images require manual crawl
[1772/1866] キミと僕の最後の戦場、あるいは世界が始まる聖戦: 0 chapters
  Chapter list saved; images require manual crawl
[1773/1866] 姉なるもの: 0 chapters
  Chapter list saved; images require manual crawl
[1774/1866] ラストギアス: 0 chapters
  Chapter list saved; images require manual crawl
[1775/1866] とりま、風呂いかね？: 20 chapters
  Chapter list saved; images require manual crawl
[1776/1866] おら、嫁っこさ行くだ！～コスプレJKの秘密の愛情～: 0 chapters
  Chapter list saved; images require manual crawl
[1777/1866] 先輩、パンツはいてますか？: 0 chapters
  Chapter list saved; images require manual crawl
[1778/1866] 清楚なフリをしてますが: 0 chapters
  Chapter list saved; images require manual crawl
[1779/1866] 無職転生 ~ロキシーだって本気です~: 0 chapters
  Chapter list saved; images require manual crawl
[1780/1866] 男子高校生が魔法少女になる話: 0 chapters
  Chapter list saved; images require manual crawl
[1781/1866] 不思議なゆうなぎ: 6 chapters
  Chapter list saved; images require manual crawl
[1782/1866] 東京ネオンスキャンダル: 0 chapters
  Chapter list saved; images require manual crawl
[1783/1866] ストーカー行為がバレて人生終了男: 0 chapters
  Chapter list saved; images require manual crawl
[1784/1866] 魔法使いマナと叡痴の扉: 0 chapters
  Chapter list saved; images require manual crawl
[1785/1866] 魔拳のデイドリーマー: 0 chapters
  Chapter list saved; images require manual crawl
[1786/1866] 食べるだけでレベルアップ！　～駄女神といっしょに異世界無双～: 0 chapters
  Chapter list saved; images require manual crawl
[1787/1866] 人狼機ウィンヴルガ: 0 chapters
  Chapter list saved; images require manual crawl
[1788/1866] Double Face：ダブル・フェイス: 30 chapters
  Chapter list saved; images require manual crawl
[1789/1866] 魔王を圧倒する大魔導士ですが、家では彼に押されています。: 0 chapters
  Chapter list saved; images require manual crawl
[1790/1866] ウチのJSは魔を断つ剣なり!: 1 chapters
  Chapter list saved; images require manual crawl
[1791/1866] 可愛ければ変態でも好きになってくれますか？: 0 chapters
  Chapter list saved; images require manual crawl
[1792/1866] 惰性67パーセント: 0 chapters
  Chapter list saved; images require manual crawl
[1793/1866] タマロワ ～100％金目当て 資産35億のイケメンを巡る訳アリ女達の玉の輿バトルロワイヤル～: 0 chapters
  Chapter list saved; images require manual crawl
[1794/1866] ラララ – 漫画: 0 chapters
  Chapter list saved; images require manual crawl
[1795/1866] あそびあそばせ: 0 chapters
  Chapter list saved; images require manual crawl
[1796/1866] 転生ごときで逃げられるとでも、兄さん？: 0 chapters
  Chapter list saved; images require manual crawl
[1797/1866] 渇望する果実: 0 chapters
  Chapter list saved; images require manual crawl
[1798/1866] キス×デス – KISS×DEATH: 0 chapters
  Chapter list saved; images require manual crawl
[1799/1866] 乙女アシスタントは漫画家がちゅき: 25 chapters
  Chapter list saved; images require manual crawl
[1800/1866] グランジェリー 漫画: 22 chapters
  Chapter list saved; images require manual crawl
[1801/1866] 彼女召喚しました!?: 0 chapters
  Chapter list saved; images require manual crawl
[1802/1866] ブレイブスター☆ロマンティクス: 31 chapters
  Chapter list saved; images require manual crawl
[1803/1866] 恋結び: 0 chapters
  Chapter list saved; images require manual crawl
[1804/1866] 三姉妹が俺をユウワクしてくる!!: 0 chapters
  Chapter list saved; images require manual crawl
[1805/1866] 全裸監督 村西とおる伝: 0 chapters
  Chapter list saved; images require manual crawl
[1806/1866] おたくの隣りはエルフですか？: 0 chapters
  Chapter list saved; images require manual crawl
[1807/1866] 松山くんと小林さんの3メートル: 26 chapters
  Chapter list saved; images require manual crawl
[1808/1866] ケモノな私と酔いませんか？: 0 chapters
  Chapter list saved; images require manual crawl
[1809/1866] 我が弟子が最も強くてカワイイのである: 0 chapters
  Chapter list saved; images require manual crawl
[1810/1866] 見せたがりの露乃ちゃん: 0 chapters
  Chapter list saved; images require manual crawl
[1811/1866] 皆様の玩具です: 0 chapters
  Chapter list saved; images require manual crawl
[1812/1866] どらコン！: 34 chapters
  Chapter list saved; images require manual crawl
[1813/1866] ストライク・オア・ガター: 0 chapters
  Chapter list saved; images require manual crawl
[1814/1866] 魔法少女特殊戦あすか: 0 chapters
  Chapter list saved; images require manual crawl
[1815/1866] エロマンガ先生: 0 chapters
  Chapter list saved; images require manual crawl
[1816/1866] 口移しの魔女たち: 0 chapters
  Chapter list saved; images require manual crawl
[1817/1866] ぼくは悪でいい、おまえを殺せるなら。: 0 chapters
  Chapter list saved; images require manual crawl
[1818/1866] プリティマイティドール: 0 chapters
  Chapter list saved; images require manual crawl
[1819/1866] 異世界に転生したら全裸にされた: 0 chapters
  Chapter list saved; images require manual crawl
[1820/1866] 兄ヨメさんの世話を焼く: 0 chapters
  Chapter list saved; images require manual crawl
[1821/1866] 恋するパンティストッキング: 0 chapters
  Chapter list saved; images require manual crawl
[1822/1866] ラストジェンダー ～何者でもない私たち～: 0 chapters
  Chapter list saved; images require manual crawl
[1823/1866] はぐれ精霊医の診察記録 ～聖女騎士団と癒やしの神業～: 0 chapters
  Chapter list saved; images require manual crawl
[1824/1866] 異世界の迷宮都市で治癒魔法使いやってます: 0 chapters
  Chapter list saved; images require manual crawl
[1825/1866] いろはにほエロ！: 0 chapters
  Chapter list saved; images require manual crawl
[1826/1866] あの愚か者にも脚光を！: 9 chapters
  Chapter list saved; images require manual crawl
[1827/1866] 歯医者さん、あタってます！: 0 chapters
  Chapter list saved; images require manual crawl
[1828/1866] 英語××センセイ（仮）: 0 chapters
  Chapter list saved; images require manual crawl
[1829/1866] あやかしトライアングル: 0 chapters
  Chapter list saved; images require manual crawl
[1830/1866] 社畜DTPオペレーターの僕が異世界で技術革新してもいいですか？: 0 chapters
  Chapter list saved; images require manual crawl
[1831/1866] 魔物の国と裁縫使い～凍える国の裁縫師、伝説の狼に懐かれる～: 0 chapters
  Chapter list saved; images require manual crawl
[1832/1866] グリザイア:ファントムトリガー -世界の果て: 0 chapters
  Chapter list saved; images require manual crawl
[1833/1866] 童貞絶滅列島: 0 chapters
  Chapter list saved; images require manual crawl
[1834/1866] 秘密のミヅキ先生: 3 chapters
  Chapter list saved; images require manual crawl
[1835/1866] さまよえる転生者たちのリライブゲーム: 0 chapters
  Chapter list saved; images require manual crawl
[1836/1866] 異世界最強の大魔王、転生し冒険者になる: 0 chapters
  Chapter list saved; images require manual crawl
[1837/1866] コール★オブ★ギャル: 0 chapters
  Chapter list saved; images require manual crawl
[1838/1866] ふぉとく: 0 chapters
  Chapter list saved; images require manual crawl
[1839/1866] サキュバス学園の犬ッ!!: 0 chapters
  Chapter list saved; images require manual crawl
[1840/1866] 絶対聖域のチェリオン: 0 chapters
  Chapter list saved; images require manual crawl
[1841/1866] 秘密のレプタイルズ: 0 chapters
  Chapter list saved; images require manual crawl
[1842/1866] サイコ×パスト 猟奇殺人潜入捜査: 49 chapters
  Chapter list saved; images require manual crawl
[1843/1866] 血を這う亡国の王女: 80 chapters
  Chapter list saved; images require manual crawl
[1844/1866] 巨蟲列島: 24 chapters
  Chapter list saved; images require manual crawl
[1845/1866] 催眠アプリ～いいなり女がチ×ポでイキまくり～: 12 chapters
  Chapter list saved; images require manual crawl
[1846/1866] つれないほど青くて あざといくらいに赤いい: 88 chapters
  Chapter list saved; images require manual crawl
[1847/1866] 「責任…取ってくれるよね？」幼なじみは糸を引くほどびしょ濡れにイキ喘ぐ: 18 chapters
  Chapter list saved; images require manual crawl
[1848/1866] エロマンス: 22 chapters
  Chapter list saved; images require manual crawl
[1849/1866] 岸辺露伴は動かない: 9 chapters
  Chapter list saved; images require manual crawl
[1850/1866] チート×セックス アンソロジーコミック: 13 chapters
  Chapter list saved; images require manual crawl
[1851/1866] 妻の姉～みえない関係～: 27 chapters
  Chapter list saved; images require manual crawl
[1852/1866] やけ酒をしたら女嫌いの公爵に溺愛されました: 18 chapters
  Chapter list saved; images require manual crawl
[1853/1866] 溺れる子宮: 12 chapters
  Chapter list saved; images require manual crawl
[1854/1866] βの憂鬱: 9 chapters
  Chapter list saved; images require manual crawl
[1855/1866] ニュースの現場から！: 10 chapters
  Chapter list saved; images require manual crawl
[1856/1866] 女はいつまで女ですか？ 莉子の結論: 26 chapters
  Chapter list saved; images require manual crawl
[1857/1866] ラストサマー・バケーション: 3 chapters
  Chapter list saved; images require manual crawl
[1858/1866] ムギとペス　～モンスターズダイアリー～: 6 chapters
  Chapter list saved; images require manual crawl
[1859/1866] カタリカ ―語り禍―: 17 chapters
  Chapter list saved; images require manual crawl
[1860/1866] じしょへん: 113 chapters
  Chapter list saved; images require manual crawl
[1861/1866] 29時の朝ごはん～味噌汁屋あさげ～: 0 chapters
  Chapter list saved; images require manual crawl
[1862/1866] たとえばこんな恋愛様式　恋愛ショートアンソロジーコミック: 25 chapters
  Chapter list saved; images require manual crawl
[1863/1866] 鈍色の瞳で申し述べる土留色の提言 ～しんどいオカマのお悩み相談: 20 chapters
  Chapter list saved; images require manual crawl
[1864/1866] 我が寵愛に溺れよ　異世界でエルフになりましたが皇帝陛下の甘やかしＨが止まりません！: 0 chapters
  Chapter list saved; images require manual crawl
[1865/1866] テスカトリポカ: 3 chapters
  Chapter list saved; images require manual crawl
[1866/1866] はなものがたり: 10 chapters
  Chapter list saved; images require manual crawl
Crawler finished
Mon Jun 15 12:57:42 AM GMT 2026 - crawler finished
Mon Jun 15 01:43:35 AM GMT 2026 - crawler started
Manga details to crawl: 1
[1/1] 歯医者さん、あタってます！: 0 chapters
  All chapter images crawled
Crawler finished
Mon Jun 15 01:43:36 AM GMT 2026 - crawler finished
Mon Jun 15 01:43:49 AM GMT 2026 - crawler started
Manga details to crawl: 1
[1/1] コール★オブ★ギャル: 0 chapters
  All chapter images crawled
Crawler finished
Mon Jun 15 01:43:49 AM GMT 2026 - crawler finished
Mon Jun 15 01:43:53 AM GMT 2026 - crawler started
Manga details to crawl: 1
[1/1] ふぉとく: 0 chapters
  All chapter images crawled
Crawler finished
Mon Jun 15 01:43:53 AM GMT 2026 - crawler finished
Mon Jun 15 01:43:54 AM GMT 2026 - crawler started
Manga details to crawl: 1
[1/1] サキュバス学園の犬ッ!!: 0 chapters
  All chapter images crawled
Crawler finished
Mon Jun 15 01:43:55 AM GMT 2026 - crawler finished
Mon Jun 15 01:43:56 AM GMT 2026 - crawler started
Manga details to crawl: 1
[1/1] 秘密のレプタイルズ: 0 chapters
  All chapter images crawled
Crawler finished
Mon Jun 15 01:43:57 AM GMT 2026 - crawler finished
Mon Jun 15 01:44:03 AM GMT 2026 - crawler started
Manga details to crawl: 1
[1/1] 煩悩☆西遊記: 0 chapters
  All chapter images crawled
Crawler finished
Mon Jun 15 01:44:04 AM GMT 2026 - crawler finished
Mon Jun 15 03:27:42 AM GMT 2026 - crawler started
Manga details to crawl: 1
[1/1] 私刑囚 ～異常犯罪者の末路～: 0 chapters
  All chapter images crawled
Crawler finished
Mon Jun 15 03:27:42 AM GMT 2026 - crawler finished
Mon Jun 15 03:27:45 AM GMT 2026 - crawler started
Manga details to crawl: 1
[1/1] ド級編隊エグゼロス: 0 chapters
  All chapter images crawled
Crawler finished
Mon Jun 15 03:27:46 AM GMT 2026 - crawler finished
Mon Jun 15 06:00:10 AM GMT 2026 - crawler started
第71.1話: saved 19 images
Mon Jun 15 06:00:10 AM GMT 2026 - crawler finished
Mon Jun 15 06:07:40 GMT 2026 - crawler started
Manga details to crawl: 1
[1/1] ウチのJSは魔を断つ剣なり!: 1 chapters
  [1/1] 第1話: saved 48 images
  Full title crawl completed: 1 chapters
Crawler finished
Mon Jun 15 06:07:41 GMT 2026 - crawler finished
Mon Jun 15 06:19:04 AM GMT 2026 - crawler started
Manga details to crawl: 1
[1/1] 彼女、お借りします: 426 chapters
  [1/426] 第428話: saved 20 images
  [2/426] 第427話: saved 22 images
  [3/426] 第426話: saved 20 images
  [4/426] 第425話: saved 20 images
  [5/426] 第424話: saved 20 images
  [6/426] 第423話: saved 20 images
  [7/426] 第422話: saved 20 images
  [8/426] 第421話: saved 20 images
  [9/426] 第420話: saved 21 images
  [10/426] 第419話: saved 20 images
  [11/426] 第418話: saved 20 images
  [12/426] 第417話: saved 20 images
  [13/426] 第416話: saved 20 images
  [14/426] 第415話: saved 20 images
  [15/426] 第414話: saved 20 images
  [16/426] 第413話: saved 20 images
  [17/426] 第412話: saved 24 images
  [18/426] 第411話: saved 20 images
  [19/426] 第410話: saved 20 images
  [20/426] 第409話: saved 20 images
  [21/426] 第408話: saved 20 images
  [22/426] 第407話: saved 20 images
  [23/426] 第406話: saved 20 images
  [24/426] 第405話: saved 20 images
  [25/426] 第404話: saved 20 images
  [26/426] 第403話: saved 20 images
  [27/426] 第402話: saved 20 images
  [28/426] 第401話: saved 20 images
  [29/426] 第400話: saved 20 images
  [30/426] 第399話: saved 21 images
  [31/426] 第398話: saved 20 images
  [32/426] 第397話: saved 20 images
  [33/426] 第396話: saved 20 images
  [34/426] 第395話: saved 20 images
  [35/426] 第394話: saved 20 images
  [36/426] 第393話: saved 20 images
  [37/426] 第392話: saved 20 images
  [38/426] 第391話: saved 20 images
  [39/426] 第390話: saved 20 images
  [40/426] 第389話: saved 20 images
  [41/426] 第388話: saved 20 images
  [42/426] 第387話: saved 20 images
  [43/426] 第386話: saved 20 images
  [44/426] 第385話: saved 20 images
  [45/426] 第384話: saved 20 images
  [46/426] 第383話: saved 20 images
  [47/426] 第382話: saved 22 images
  [48/426] 第381話: saved 20 images
  [49/426] 第380話: saved 20 images
  [50/426] 第379話: saved 20 images
  [51/426] 第378話: saved 20 images
  [52/426] 第377話: saved 20 images
  [53/426] 第376話: saved 20 images
  [54/426] 第375話: saved 20 images
  [55/426] 第374話: saved 20 images
  [56/426] 第373話: saved 20 images
  [57/426] 第372話: saved 20 images
  [58/426] 第371話: saved 20 images
  [59/426] 第370話: saved 20 images
  [60/426] 第369話: saved 20 images
  [61/426] 第368話: saved 20 images
  [62/426] 第367話: saved 20 images
  [63/426] 第366話: saved 20 images
  [64/426] 第365話: saved 20 images
  [65/426] 第364話: saved 23 images
  [66/426] 第363話: saved 20 images
  [67/426] 第362話: saved 22 images
  [68/426] 第361話: saved 20 images
  [69/426] 第360話: saved 20 images
  [70/426] 第359話: saved 20 images
  [71/426] 第358話: saved 20 images
  [72/426] 第357話: saved 20 images
  [73/426] 第356話: saved 20 images
  [74/426] 第355話: saved 20 images
  [75/426] 第354話: saved 20 images
  [76/426] 第353話: saved 20 images
  [77/426] 第352話: saved 20 images
  [78/426] 第351話: saved 21 images
  [79/426] 第350話: saved 20 images
  [80/426] 第349話: saved 20 images
  [81/426] 第348話: saved 20 images
  [82/426] 第347話: saved 20 images
  [83/426] 第346話: saved 20 images
  [84/426] 第345話: saved 22 images
  [85/426] 第344話: saved 20 images
  [86/426] 第343話: saved 20 images
  [87/426] 第342話: saved 20 images
  [88/426] 第341話: saved 20 images
  [89/426] 第340話: saved 20 images
  [90/426] 第339話: saved 20 images
  [91/426] 第338話: saved 22 images
  [92/426] 第337話: saved 20 images
  [93/426] 第336話: saved 22 images
  [94/426] 第335話: saved 20 images
  [95/426] 第334話: saved 20 images
  [96/426] 第333話: saved 20 images
  [97/426] 第332話: saved 20 images
  [98/426] 第331話: saved 20 images
  [99/426] 第330話: saved 20 images
  [100/426] 第329話: saved 20 images
  [101/426] 第328話: saved 20 images
  [102/426] 第327話: saved 20 images
  [103/426] 第326話: saved 20 images
  [104/426] 第325話: saved 20 images
  [105/426] 第324話: saved 20 images
  [106/426] 第323話: saved 20 images
  [107/426] 第322話: saved 24 images
  [108/426] 第321話: saved 20 images
  [109/426] 第317話: saved 20 images
  [110/426] 第316話: saved 20 images
  [111/426] 第315話: saved 20 images
  [112/426] 第314話: saved 20 images
  [113/426] 第313話: saved 20 images
  [114/426] 第312話: saved 20 images
  [115/426] 第311話: saved 20 images
  [116/426] 第310話: saved 20 images
  [117/426] 第309話: saved 20 images
  [118/426] 第308話: saved 19 images
  [119/426] 第307話: saved 20 images
  [120/426] 第306話: saved 20 images
  [121/426] 第305話: saved 22 images
  [122/426] 第304話: saved 20 images
  [123/426] 第303話: saved 20 images
  [124/426] 第302話: saved 19 images
  [125/426] 第301話: saved 20 images
  [126/426] 第300話: saved 21 images
  [127/426] 第299話: saved 21 images
  [128/426] 第298話: saved 20 images
  [129/426] 第297話: saved 20 images
  [130/426] 第296話: saved 20 images
  [131/426] 第295話: saved 20 images
  [132/426] 第294話: saved 22 images
  [133/426] 第293話: saved 20 images
  [134/426] 第292話: saved 20 images
  [135/426] 第291話: saved 20 images
  [136/426] 第290話: saved 20 images
  [137/426] 第289話: saved 23 images
  [138/426] 第288話: saved 20 images
  [139/426] 第287話: saved 22 images
  [140/426] 第286話: saved 20 images
  [141/426] 第285話: saved 20 images
  [142/426] 第284話: saved 20 images
  [143/426] 第283話: saved 20 images
  [144/426] 第282話: saved 20 images
  [145/426] 第281話: saved 20 images
  [146/426] 第280話: saved 20 images
  [147/426] 第279話: saved 19 images
  [148/426] 第278話: saved 20 images
  [149/426] 第277話: saved 20 images
  [150/426] 第276話: saved 20 images
  [151/426] 第275話: saved 20 images
  [152/426] 第274話: saved 22 images
  [153/426] 第273話: saved 20 images
  [154/426] 第272話: saved 20 images
  [155/426] 第271話: saved 20 images
  [156/426] 第270話: saved 20 images
  [157/426] 第269話: saved 20 images
  [158/426] 第268話: saved 20 images
  [159/426] 第267話: saved 20 images
  [160/426] 第266話: saved 20 images
  [161/426] 第265話: saved 22 images
  [162/426] 第264話: saved 24 images
  [163/426] 第263話: saved 22 images
  [164/426] 第262話: saved 20 images
  [165/426] 第261話: saved 20 images
  [166/426] 第260話: saved 20 images
  [167/426] 第259話: saved 20 images
  [168/426] 第258話: saved 20 images
  [169/426] 第257話: saved 20 images
  [170/426] 第256話: saved 20 images
  [171/426] 第255話: saved 20 images
  [172/426] 第254話: saved 20 images
  [173/426] 第253話: saved 20 images
  [174/426] 第252話: saved 23 images
  [175/426] 第251話: saved 26 images
  [176/426] 第250話: saved 20 images
  [177/426] 第249話: saved 20 images
  [178/426] 第248話: saved 20 images
  [179/426] 第247話: saved 20 images
  [180/426] 第246話: saved 20 images
  [181/426] 第245話: saved 20 images
  [182/426] 第244話: saved 20 images
  [183/426] 第243話: saved 20 images
  [184/426] 第242話: saved 20 images
  [185/426] 第241話: saved 20 images
  [186/426] 第240話: saved 22 images
  [187/426] 第239話: saved 22 images
  [188/426] 第238話: saved 20 images
  [189/426] 第237話: saved 22 images
  [190/426] 第236話: saved 21 images
  [191/426] 第235話: saved 20 images
  [192/426] 第234話: saved 20 images
  [193/426] 第233話: saved 20 images
  [194/426] 第232話: saved 20 images
  [195/426] 第231話: saved 20 images
  [196/426] 第230話: saved 20 images
  [197/426] 第229話: saved 20 images
  [198/426] 第228話: saved 20 images
  [199/426] 第227話: saved 20 images
  [200/426] 第226話: saved 25 images
  [201/426] 第225話: saved 24 images
  [202/426] 第224話: saved 20 images
  [203/426] 第223話: saved 22 images
  [204/426] 第222話: saved 22 images
  [205/426] 第221話: saved 22 images
  [206/426] 第220話: saved 20 images
  [207/426] 第219話: saved 20 images
  [208/426] 第218話: saved 26 images
  [209/426] 第217話: saved 20 images
  [210/426] 第216話: saved 20 images
  [211/426] 第215話: saved 20 images
  [212/426] 第214話: saved 22 images
  [213/426] 第213話: saved 20 images
  [214/426] 第212話: saved 20 images
  [215/426] 第211話: saved 23 images
  [216/426] 第210話: saved 20 images
  [217/426] 第209話: saved 20 images
  [218/426] 第208話: saved 20 images
  [219/426] 第207話: saved 20 images
  [220/426] 第206話: saved 20 images
  [221/426] 第205話: saved 20 images
  [222/426] 第204話: saved 20 images
  [223/426] 第203話: saved 20 images
  [224/426] 第202話: saved 22 images
  [225/426] 第201話: saved 16 images
  [226/426] 第200話: saved 21 images
  [227/426] 第199話: saved 22 images
  [228/426] 第198話: saved 20 images
  [229/426] 第197話: saved 20 images
  [230/426] 第196話: saved 22 images
  [231/426] 第195話: saved 20 images
  [232/426] 第194話: saved 20 images
  [233/426] 第193話: saved 20 images
  [234/426] 第192話: saved 20 images
  [235/426] 第191話: saved 20 images
  [236/426] 第190話: saved 20 images
  [237/426] 第189話: saved 21 images
  [238/426] 第188話: saved 20 images
  [239/426] 第187話: saved 20 images
  [240/426] 第186話: saved 22 images
  [241/426] 第185話: saved 20 images
  [242/426] 第184話: saved 20 images
  [243/426] 第183話: saved 22 images
  [244/426] 第182話: saved 20 images
  [245/426] 第181話: saved 20 images
  [246/426] 第180話: saved 20 images
  [247/426] 第179話: saved 20 images
  [248/426] 第178話: saved 20 images
  [249/426] 第177話: saved 20 images
  [250/426] 第176話: saved 20 images
  [251/426] 第175話: saved 22 images
  [252/426] 第174話: saved 22 images
  [253/426] 第173話: saved 22 images
  [254/426] 第172話: saved 20 images
  [255/426] 第171話: saved 20 images
  [256/426] 第170話: saved 20 images
  [257/426] 第169話: saved 20 images
  [258/426] 第168話: saved 20 images
  [259/426] 第167話: saved 20 images
  [260/426] 第166話: saved 20 images
  [261/426] 第165話: saved 20 images
  [262/426] 第164話: saved 24 images
  [263/426] 第163話: saved 22 images
  [264/426] 第162話: saved 22 images
  [265/426] 第161話: saved 20 images
  [266/426] 第160話: saved 20 images
  [267/426] 第159話: saved 20 images
  [268/426] 第158話: saved 20 images
  [269/426] 第157話: saved 21 images
  [270/426] 第156話: saved 20 images
  [271/426] 第155話: saved 20 images
  [272/426] 第154話: saved 20 images
  [273/426] 第153話: saved 20 images
  [274/426] 第152.5話: saved 38 images
  [275/426] 第152話: saved 22 images
  [276/426] 第151話: saved 20 images
  [277/426] 第150話: saved 20 images
  [278/426] 第149話: saved 22 images
  [279/426] 第148話: saved 20 images
  [280/426] 第147話: saved 25 images
  [281/426] 第146話: saved 20 images
  [282/426] 第145話: saved 20 images
  [283/426] 第144話: saved 20 images
  [284/426] 第143話: saved 21 images
  [285/426] 第142話: saved 20 images
  [286/426] 第141話: saved 22 images
  [287/426] 第140話: saved 22 images
  [288/426] 第139話: saved 22 images
  [289/426] 第138話: saved 20 images
  [290/426] 第137話: saved 20 images
  [291/426] 第136話: saved 20 images
  [292/426] 第135話: saved 20 images
  [293/426] 第134話: saved 22 images
  [294/426] 第133話: saved 20 images
  [295/426] 第132話: saved 20 images
  [296/426] 第131話: saved 22 images
  [297/426] 第130話: saved 20 images
  [298/426] 第129話: saved 19 images
  [299/426] 第128話: saved 20 images
  [300/426] 第127話: saved 20 images
  [301/426] 第126話: saved 20 images
  [302/426] 第125話: saved 20 images
  [303/426] 第124話: saved 20 images
  [304/426] 第123話: saved 20 images
  [305/426] 第122話: saved 20 images
  [306/426] 第121話: saved 21 images
  [307/426] 第120話: saved 20 images
  [308/426] 第119話: saved 22 images
  [309/426] 第118話: saved 22 images
  [310/426] 第117話: saved 20 images
  [311/426] 第116話: saved 20 images
  [312/426] 第115話: saved 20 images
  [313/426] 第114話: saved 20 images
  [314/426] 第113話: saved 21 images
  [315/426] 第112話: saved 22 images
  [316/426] 第111話: saved 20 images
  [317/426] 第110話: saved 20 images
  [318/426] 第109話: saved 20 images
  [319/426] 第108話: saved 20 images
  [320/426] 第107話: saved 20 images
  [321/426] 第106話: saved 22 images
  [322/426] 第105話: saved 20 images
  [323/426] 第104話: saved 19 images
  [324/426] 第103話: saved 22 images
  [325/426] 第102話: saved 20 images
  [326/426] 第101話: saved 19 images
  [327/426] 第100話: saved 23 images
  [328/426] 第99話: saved 22 images
  [329/426] 第98話: saved 19 images
  [330/426] 第97話: saved 20 images
  [331/426] 第96話: saved 20 images
  [332/426] 第95話: saved 20 images
  [333/426] 第94話: saved 20 images
  [334/426] 第93話: saved 20 images
  [335/426] 第92話: saved 20 images
  [336/426] 第91話: saved 20 images
  [337/426] 第90話: saved 20 images
  [338/426] 第89話: saved 22 images
  [339/426] 第88話: saved 20 images
  [340/426] 第87話: saved 22 images
  [341/426] 第86話: saved 22 images
  [342/426] 第85話: saved 20 images
  [343/426] 第84話: saved 20 images
  [344/426] 第83話: saved 20 images
  [345/426] 第82話: saved 20 images
  [346/426] 第81話: saved 20 images
  [347/426] 第80話: saved 20 images
  [348/426] 第79話: saved 22 images
  [349/426] 第78話: saved 20 images
  [350/426] 第77話: saved 20 images
  [351/426] 第76話: saved 22 images
  [352/426] 第75話: saved 20 images
  [353/426] 第74話: saved 20 images
  [354/426] 第73話: saved 20 images
  [355/426] 第72話: saved 22 images
  [356/426] 第71話: saved 20 images
  [357/426] 第70話: saved 19 images
  [358/426] 第69話: saved 22 images
  [359/426] 第68話: saved 20 images
  [360/426] 第67話: saved 20 images
  [361/426] 第66話: saved 20 images
  [362/426] 第65話: saved 20 images
  [363/426] 第64話: saved 19 images
  [364/426] 第63話: saved 20 images
  [365/426] 第62話: saved 20 images
  [366/426] 第61話: saved 22 images
  [367/426] 第60話: saved 20 images
  [368/426] 第59話: saved 23 images
  [369/426] 第58話: saved 20 images
  [370/426] 第57話: saved 20 images
  [371/426] 第56話: saved 22 images
  [372/426] 第55話: saved 20 images
  [373/426] 第54話: saved 20 images
  [374/426] 第53話: saved 22 images
  [375/426] 第52話: saved 24 images
  [376/426] 第51話: saved 20 images
  [377/426] 第50話: saved 21 images
  [378/426] 第49話: saved 20 images
  [379/426] 第48話: saved 20 images
  [380/426] 第47話: saved 22 images
  [381/426] 第46話: saved 20 images
  [382/426] 第45話: saved 22 images
  [383/426] 第44話: saved 23 images
  [384/426] 第43話: saved 20 images
  [385/426] 第42話: saved 24 images
  [386/426] 第41話: saved 18 images
  [387/426] 第40話: saved 23 images
  [388/426] 第39話: saved 21 images
  [389/426] 第38話: saved 20 images
  [390/426] 第37話: saved 20 images
  [391/426] 第36話: saved 21 images
  [392/426] 第35話: saved 23 images
  [393/426] 第34話: saved 20 images
  [394/426] 第33話: saved 24 images
  [395/426] 第32話: saved 19 images
  [396/426] 第31話: saved 29 images
  [397/426] 第30話: saved 22 images
  [398/426] 第29話: saved 18 images
  [399/426] 第28話: saved 21 images
  [400/426] 第27話: saved 21 images
  [401/426] 第26話: saved 19 images
  [402/426] 第25話: saved 21 images
  [403/426] 第24話: saved 20 images
  [404/426] 第23話: saved 24 images
  [405/426] 第22話: saved 22 images
  [406/426] 第21話: saved 22 images
  [407/426] 第20話: saved 20 images
  [408/426] 第19話: saved 18 images
  [409/426] 第18話: saved 22 images
  [410/426] 第17話: saved 19 images
  [411/426] 第16話: saved 22 images
  [412/426] 第15話: saved 21 images
  [413/426] 第14話: saved 22 images
  [414/426] 第13話: saved 22 images
  [415/426] 第12話: saved 20 images
  [416/426] 第11話: saved 28 images
  [417/426] 第10話: saved 19 images
  [418/426] 第9話: saved 20 images
  [419/426] 第8話: saved 20 images
  [420/426] 第7話: saved 21 images
  [421/426] 第6話: saved 26 images
  [422/426] 第5話: saved 25 images
  [423/426] 第4話: saved 24 images
  [424/426] 第3話: saved 36 images
  [425/426] 第2話: saved 51 images
  [426/426] 第1話: saved 56 images
  Full title crawl completed: 426 chapters
Crawler finished
Mon Jun 15 06:21:18 AM GMT 2026 - crawler finished
Mon Jun 15 06:21:24 AM GMT 2026 - crawler started
Manga details to crawl: 1
[1/1] 彼女、お借りします: 426 chapters
  [1/426] 第428話: saved 20 images
  [2/426] 第427話: saved 22 images
  [3/426] 第426話: saved 20 images
  [4/426] 第425話: saved 20 images
  [5/426] 第424話: saved 20 images
  [6/426] 第423話: saved 20 images
  [7/426] 第422話: saved 20 images
  [8/426] 第421話: saved 20 images
  [9/426] 第420話: saved 21 images
  [10/426] 第419話: saved 20 images
  [11/426] 第418話: saved 20 images
  [12/426] 第417話: saved 20 images
  [13/426] 第416話: saved 20 images
  [14/426] 第415話: saved 20 images
  [15/426] 第414話: saved 20 images
  [16/426] 第413話: saved 20 images
  [17/426] 第412話: saved 24 images
  [18/426] 第411話: saved 20 images
  [19/426] 第410話: saved 20 images
  [20/426] 第409話: saved 20 images
  [21/426] 第408話: saved 20 images
  [22/426] 第407話: saved 20 images
  [23/426] 第406話: saved 20 images
  [24/426] 第405話: saved 20 images
  [25/426] 第404話: saved 20 images
  [26/426] 第403話: saved 20 images
  [27/426] 第402話: saved 20 images
  [28/426] 第401話: saved 20 images
  [29/426] 第400話: saved 20 images
  [30/426] 第399話: saved 21 images
  [31/426] 第398話: saved 20 images
  [32/426] 第397話: saved 20 images
  [33/426] 第396話: saved 20 images
  [34/426] 第395話: saved 20 images
  [35/426] 第394話: saved 20 images
  [36/426] 第393話: saved 20 images
  [37/426] 第392話: saved 20 images
  [38/426] 第391話: saved 20 images
  [39/426] 第390話: saved 20 images
  [40/426] 第389話: saved 20 images
  [41/426] 第388話: saved 20 images
  [42/426] 第387話: saved 20 images
  [43/426] 第386話: saved 20 images
  [44/426] 第385話: saved 20 images
  [45/426] 第384話: saved 20 images
  [46/426] 第383話: saved 20 images
  [47/426] 第382話: saved 22 images
  [48/426] 第381話: saved 20 images
  [49/426] 第380話: saved 20 images
  [50/426] 第379話: saved 20 images
  [51/426] 第378話: saved 20 images
  [52/426] 第377話: saved 20 images
  [53/426] 第376話: saved 20 images
  [54/426] 第375話: saved 20 images
  [55/426] 第374話: saved 20 images
  [56/426] 第373話: saved 20 images
  [57/426] 第372話: saved 20 images
  [58/426] 第371話: saved 20 images
  [59/426] 第370話: saved 20 images
  [60/426] 第369話: saved 20 images
  [61/426] 第368話: saved 20 images
  [62/426] 第367話: saved 20 images
  [63/426] 第366話: saved 20 images
  [64/426] 第365話: saved 20 images
  [65/426] 第364話: saved 23 images
  [66/426] 第363話: saved 20 images
  [67/426] 第362話: saved 22 images
  [68/426] 第361話: saved 20 images
  [69/426] 第360話: saved 20 images
  [70/426] 第359話: saved 20 images
  [71/426] 第358話: saved 20 images
  [72/426] 第357話: saved 20 images
  [73/426] 第356話: saved 20 images
  [74/426] 第355話: saved 20 images
  [75/426] 第354話: saved 20 images
  [76/426] 第353話: saved 20 images
  [77/426] 第352話: saved 20 images
  [78/426] 第351話: saved 21 images
  [79/426] 第350話: saved 20 images
  [80/426] 第349話: saved 20 images
  [81/426] 第348話: saved 20 images
  [82/426] 第347話: saved 20 images
  [83/426] 第346話: saved 20 images
  [84/426] 第345話: saved 22 images
  [85/426] 第344話: saved 20 images
  [86/426] 第343話: saved 20 images
  [87/426] 第342話: saved 20 images
  [88/426] 第341話: saved 20 images
  [89/426] 第340話: saved 20 images
  [90/426] 第339話: saved 20 images
  [91/426] 第338話: saved 22 images
  [92/426] 第337話: saved 20 images
  [93/426] 第336話: saved 22 images
  [94/426] 第335話: saved 20 images
  [95/426] 第334話: saved 20 images
  [96/426] 第333話: saved 20 images
  [97/426] 第332話: saved 20 images
  [98/426] 第331話: saved 20 images
  [99/426] 第330話: saved 20 images
  [100/426] 第329話: saved 20 images
  [101/426] 第328話: saved 20 images
  [102/426] 第327話: saved 20 images
  [103/426] 第326話: saved 20 images
  [104/426] 第325話: saved 20 images
  [105/426] 第324話: saved 20 images
  [106/426] 第323話: saved 20 images
  [107/426] 第322話: saved 24 images
  [108/426] 第321話: saved 20 images
  [109/426] 第317話: saved 20 images
  [110/426] 第316話: saved 20 images
  [111/426] 第315話: saved 20 images
  [112/426] 第314話: saved 20 images
  [113/426] 第313話: saved 20 images
  [114/426] 第312話: saved 20 images
  [115/426] 第311話: saved 20 images
  [116/426] 第310話: saved 20 images
  [117/426] 第309話: saved 20 images
  [118/426] 第308話: saved 19 images
  [119/426] 第307話: saved 20 images
  [120/426] 第306話: saved 20 images
  [121/426] 第305話: saved 22 images
  [122/426] 第304話: saved 20 images
  [123/426] 第303話: saved 20 images
  [124/426] 第302話: saved 19 images
  [125/426] 第301話: saved 20 images
  [126/426] 第300話: saved 21 images
  [127/426] 第299話: saved 21 images
  [128/426] 第298話: saved 20 images
  [129/426] 第297話: saved 20 images
  [130/426] 第296話: saved 20 images
  [131/426] 第295話: saved 20 images
  [132/426] 第294話: saved 22 images
  [133/426] 第293話: saved 20 images
  [134/426] 第292話: saved 20 images
  [135/426] 第291話: saved 20 images
  [136/426] 第290話: saved 20 images
  [137/426] 第289話: saved 23 images
  [138/426] 第288話: saved 20 images
  [139/426] 第287話: saved 22 images
  [140/426] 第286話: saved 20 images
  [141/426] 第285話: saved 20 images
  [142/426] 第284話: saved 20 images
  [143/426] 第283話: saved 20 images
  [144/426] 第282話: saved 20 images
  [145/426] 第281話: saved 20 images
  [146/426] 第280話: saved 20 images
  [147/426] 第279話: saved 19 images
  [148/426] 第278話: saved 20 images
  [149/426] 第277話: saved 20 images
  [150/426] 第276話: saved 20 images
  [151/426] 第275話: saved 20 images
  [152/426] 第274話: saved 22 images
  [153/426] 第273話: saved 20 images
  [154/426] 第272話: saved 20 images
  [155/426] 第271話: saved 20 images
  [156/426] 第270話: saved 20 images
  [157/426] 第269話: saved 20 images
  [158/426] 第268話: saved 20 images
  [159/426] 第267話: saved 20 images
  [160/426] 第266話: saved 20 images
  [161/426] 第265話: saved 22 images
  [162/426] 第264話: saved 24 images
  [163/426] 第263話: saved 22 images
  [164/426] 第262話: saved 20 images
  [165/426] 第261話: saved 20 images
  [166/426] 第260話: saved 20 images
  [167/426] 第259話: saved 20 images
  [168/426] 第258話: saved 20 images
  [169/426] 第257話: saved 20 images
  [170/426] 第256話: saved 20 images
  [171/426] 第255話: saved 20 images
  [172/426] 第254話: saved 20 images
  [173/426] 第253話: saved 20 images
  [174/426] 第252話: saved 23 images
  [175/426] 第251話: saved 26 images
  [176/426] 第250話: saved 20 images
  [177/426] 第249話: saved 20 images
  [178/426] 第248話: saved 20 images
  [179/426] 第247話: saved 20 images
  [180/426] 第246話: saved 20 images
  [181/426] 第245話: saved 20 images
  [182/426] 第244話: saved 20 images
  [183/426] 第243話: saved 20 images
  [184/426] 第242話: saved 20 images
  [185/426] 第241話: saved 20 images
  [186/426] 第240話: saved 22 images
  [187/426] 第239話: saved 22 images
  [188/426] 第238話: saved 20 images
  [189/426] 第237話: saved 22 images
  [190/426] 第236話: saved 21 images
  [191/426] 第235話: saved 20 images
  [192/426] 第234話: saved 20 images
  [193/426] 第233話: saved 20 images
  [194/426] 第232話: saved 20 images
  [195/426] 第231話: saved 20 images
  [196/426] 第230話: saved 20 images
  [197/426] 第229話: saved 20 images
  [198/426] 第228話: saved 20 images
  [199/426] 第227話: saved 20 images
  [200/426] 第226話: saved 25 images
  [201/426] 第225話: saved 24 images
  [202/426] 第224話: saved 20 images
  [203/426] 第223話: saved 22 images
  [204/426] 第222話: saved 22 images
  [205/426] 第221話: saved 22 images
  [206/426] 第220話: saved 20 images
  [207/426] 第219話: saved 20 images
  [208/426] 第218話: saved 26 images
  [209/426] 第217話: saved 20 images
  [210/426] 第216話: saved 20 images
  [211/426] 第215話: saved 20 images
  [212/426] 第214話: saved 22 images
  [213/426] 第213話: saved 20 images
  [214/426] 第212話: saved 20 images
  [215/426] 第211話: saved 23 images
  [216/426] 第210話: saved 20 images
  [217/426] 第209話: saved 20 images
  [218/426] 第208話: saved 20 images
  [219/426] 第207話: saved 20 images
  [220/426] 第206話: saved 20 images
  [221/426] 第205話: saved 20 images
  [222/426] 第204話: saved 20 images
  [223/426] 第203話: saved 20 images
  [224/426] 第202話: saved 22 images
  [225/426] 第201話: saved 16 images
  [226/426] 第200話: saved 21 images
  [227/426] 第199話: saved 22 images
  [228/426] 第198話: saved 20 images
  [229/426] 第197話: saved 20 images
  [230/426] 第196話: saved 22 images
  [231/426] 第195話: saved 20 images
  [232/426] 第194話: saved 20 images
  [233/426] 第193話: saved 20 images
  [234/426] 第192話: saved 20 images
  [235/426] 第191話: saved 20 images
  [236/426] 第190話: saved 20 images
  [237/426] 第189話: saved 21 images
  [238/426] 第188話: saved 20 images
  [239/426] 第187話: saved 20 images
  [240/426] 第186話: saved 22 images
  [241/426] 第185話: saved 20 images
  [242/426] 第184話: saved 20 images
  [243/426] 第183話: saved 22 images
  [244/426] 第182話: saved 20 images
  [245/426] 第181話: saved 20 images
  [246/426] 第180話: saved 20 images
  [247/426] 第179話: saved 20 images
  [248/426] 第178話: saved 20 images
  [249/426] 第177話: saved 20 images
  [250/426] 第176話: saved 20 images
  [251/426] 第175話: saved 22 images
  [252/426] 第174話: saved 22 images
  [253/426] 第173話: saved 22 images
  [254/426] 第172話: saved 20 images
  [255/426] 第171話: saved 20 images
  [256/426] 第170話: saved 20 images
  [257/426] 第169話: saved 20 images
  [258/426] 第168話: saved 20 images
  [259/426] 第167話: saved 20 images
  [260/426] 第166話: saved 20 images
  [261/426] 第165話: saved 20 images
  [262/426] 第164話: saved 24 images
  [263/426] 第163話: saved 22 images
  [264/426] 第162話: saved 22 images
  [265/426] 第161話: saved 20 images
  [266/426] 第160話: saved 20 images
  [267/426] 第159話: saved 20 images
  [268/426] 第158話: saved 20 images
  [269/426] 第157話: saved 21 images
  [270/426] 第156話: saved 20 images
  [271/426] 第155話: saved 20 images
  [272/426] 第154話: saved 20 images
  [273/426] 第153話: saved 20 images
  [274/426] 第152.5話: saved 38 images
  [275/426] 第152話: saved 22 images
  [276/426] 第151話: saved 20 images
  [277/426] 第150話: saved 20 images
  [278/426] 第149話: saved 22 images
  [279/426] 第148話: saved 20 images
  [280/426] 第147話: saved 25 images
  [281/426] 第146話: saved 20 images
  [282/426] 第145話: saved 20 images
  [283/426] 第144話: saved 20 images
  [284/426] 第143話: saved 21 images
  [285/426] 第142話: saved 20 images
  [286/426] 第141話: saved 22 images
  [287/426] 第140話: saved 22 images
  [288/426] 第139話: saved 22 images
  [289/426] 第138話: saved 20 images
  [290/426] 第137話: saved 20 images
  [291/426] 第136話: saved 20 images
  [292/426] 第135話: saved 20 images
  [293/426] 第134話: saved 22 images
  [294/426] 第133話: saved 20 images
  [295/426] 第132話: saved 20 images
  [296/426] 第131話: saved 22 images
  [297/426] 第130話: saved 20 images
  [298/426] 第129話: saved 19 images
  [299/426] 第128話: saved 20 images
  [300/426] 第127話: saved 20 images
  [301/426] 第126話: saved 20 images
  [302/426] 第125話: saved 20 images
  [303/426] 第124話: saved 20 images
  [304/426] 第123話: saved 20 images
  [305/426] 第122話: saved 20 images
  [306/426] 第121話: saved 21 images
  [307/426] 第120話: saved 20 images
  [308/426] 第119話: saved 22 images
  [309/426] 第118話: saved 22 images
  [310/426] 第117話: saved 20 images
  [311/426] 第116話: saved 20 images
  [312/426] 第115話: saved 20 images
  [313/426] 第114話: saved 20 images
  [314/426] 第113話: saved 21 images
  [315/426] 第112話: saved 22 images
  [316/426] 第111話: saved 20 images
  [317/426] 第110話: saved 20 images
  [318/426] 第109話: saved 20 images
  [319/426] 第108話: saved 20 images
  [320/426] 第107話: saved 20 images
  [321/426] 第106話: saved 22 images
  [322/426] 第105話: saved 20 images
  [323/426] 第104話: saved 19 images
  [324/426] 第103話: saved 22 images
  [325/426] 第102話: saved 20 images
  [326/426] 第101話: saved 19 images
  [327/426] 第100話: saved 23 images
  [328/426] 第99話: saved 22 images
  [329/426] 第98話: saved 19 images
  [330/426] 第97話: saved 20 images
  [331/426] 第96話: saved 20 images
  [332/426] 第95話: saved 20 images
  [333/426] 第94話: saved 20 images
Mon Jun 15 06:23:09 AM GMT 2026 - crawler already running
  [334/426] 第93話: saved 20 images
  [335/426] 第92話: saved 20 images
  [336/426] 第91話: saved 20 images
  [337/426] 第90話: saved 20 images
  [338/426] 第89話: saved 22 images
  [339/426] 第88話: saved 20 images
  [340/426] 第87話: saved 22 images
  [341/426] 第86話: saved 22 images
  [342/426] 第85話: saved 20 images
  [343/426] 第84話: saved 20 images
  [344/426] 第83話: saved 20 images
  [345/426] 第82話: saved 20 images
  [346/426] 第81話: saved 20 images
  [347/426] 第80話: saved 20 images
  [348/426] 第79話: saved 22 images
  [349/426] 第78話: saved 20 images
  [350/426] 第77話: saved 20 images
  [351/426] 第76話: saved 22 images
  [352/426] 第75話: saved 20 images
  [353/426] 第74話: saved 20 images
  [354/426] 第73話: saved 20 images
  [355/426] 第72話: saved 22 images
  [356/426] 第71話: saved 20 images
  [357/426] 第70話: saved 19 images
  [358/426] 第69話: saved 22 images
  [359/426] 第68話: saved 20 images
  [360/426] 第67話: saved 20 images
  [361/426] 第66話: saved 20 images
  [362/426] 第65話: saved 20 images
  [363/426] 第64話: saved 19 images
  [364/426] 第63話: saved 20 images
  [365/426] 第62話: saved 20 images
  [366/426] 第61話: saved 22 images
  [367/426] 第60話: saved 20 images
  [368/426] 第59話: saved 23 images
  [369/426] 第58話: saved 20 images
  [370/426] 第57話: saved 20 images
  [371/426] 第56話: saved 22 images
  [372/426] 第55話: saved 20 images
  [373/426] 第54話: saved 20 images
  [374/426] 第53話: saved 22 images
  [375/426] 第52話: saved 24 images
  [376/426] 第51話: saved 20 images
  [377/426] 第50話: saved 21 images
  [378/426] 第49話: saved 20 images
  [379/426] 第48話: saved 20 images
  [380/426] 第47話: saved 22 images
  [381/426] 第46話: saved 20 images
  [382/426] 第45話: saved 22 images
  [383/426] 第44話: saved 23 images
  [384/426] 第43話: saved 20 images
  [385/426] 第42話: saved 24 images
  [386/426] 第41話: saved 18 images
  [387/426] 第40話: saved 23 images
  [388/426] 第39話: saved 21 images
  [389/426] 第38話: saved 20 images
  [390/426] 第37話: saved 20 images
  [391/426] 第36話: saved 21 images
  [392/426] 第35話: saved 23 images
  [393/426] 第34話: saved 20 images
  [394/426] 第33話: saved 24 images
  [395/426] 第32話: saved 19 images
  [396/426] 第31話: saved 29 images
  [397/426] 第30話: saved 22 images
  [398/426] 第29話: saved 18 images
  [399/426] 第28話: saved 21 images
  [400/426] 第27話: saved 21 images
  [401/426] 第26話: saved 19 images
  [402/426] 第25話: saved 21 images
  [403/426] 第24話: saved 20 images
  [404/426] 第23話: saved 24 images
  [405/426] 第22話: saved 22 images
  [406/426] 第21話: saved 22 images
  [407/426] 第20話: saved 20 images
  [408/426] 第19話: saved 18 images
  [409/426] 第18話: saved 22 images
  [410/426] 第17話: saved 19 images
  [411/426] 第16話: saved 22 images
  [412/426] 第15話: saved 21 images
  [413/426] 第14話: saved 22 images
  [414/426] 第13話: saved 22 images
  [415/426] 第12話: saved 20 images
  [416/426] 第11話: saved 28 images
  [417/426] 第10話: saved 19 images
  [418/426] 第9話: saved 20 images
  [419/426] 第8話: saved 20 images
  [420/426] 第7話: saved 21 images
  [421/426] 第6話: saved 26 images
  [422/426] 第5話: saved 25 images
  [423/426] 第4話: saved 24 images
  [424/426] 第3話: saved 36 images
  [425/426] 第2話: saved 51 images
  [426/426] 第1話: saved 56 images
  Full title crawl completed: 426 chapters
Crawler finished
Mon Jun 15 06:23:39 AM GMT 2026 - crawler finished
Mon Jun 15 06:26:03 AM GMT 2026 - crawler started
Manga details to crawl: 1
[1/1] EROSサバイバル: 343 chapters
  [1/343] 第343話: saved 12 images
  [2/343] 第342話: saved 12 images
  [3/343] 第341話: saved 12 images
  [4/343] 第340話: saved 12 images
  [5/343] 第339話: saved 12 images
  [6/343] 第338話: saved 12 images
  [7/343] 第337話: saved 12 images
  [8/343] 第336話: saved 12 images
  [9/343] 第335話: saved 12 images
  [10/343] 第334話: saved 12 images
  [11/343] 第333話: saved 12 images
  [12/343] 第332話: saved 12 images
  [13/343] 第331話: saved 12 images
  [14/343] 第330話: saved 12 images
  [15/343] 第329話: saved 12 images
  [16/343] 第328話: saved 12 images
  [17/343] 第327話: saved 12 images
  [18/343] 第326話: saved 12 images
  [19/343] 第325話: saved 12 images
  [20/343] 第324話: saved 12 images
  [21/343] 第323話: saved 12 images
  [22/343] 第322話: saved 12 images
  [23/343] 第321話: saved 12 images
  [24/343] 第320話: saved 12 images
  [25/343] 第319話: saved 12 images
  [26/343] 第318話: saved 12 images
  [27/343] 第317話: saved 12 images
  [28/343] 第316話: saved 12 images
  [29/343] 第315話: saved 12 images
  [30/343] 第314話: saved 12 images
  [31/343] 第313話: saved 12 images
  [32/343] 第312話: saved 12 images
  [33/343] 第311話: saved 12 images
  [34/343] 第310話: saved 12 images
  [35/343] 第309話: saved 12 images
  [36/343] 第308話: saved 12 images
  [37/343] 第307話: saved 12 images
  [38/343] 第306話: saved 12 images
  [39/343] 第305話: saved 12 images
  [40/343] 第304話: saved 12 images
  [41/343] 第303話: saved 12 images
  [42/343] 第302話: saved 12 images
  [43/343] 第301話: saved 12 images
  [44/343] 第300話: saved 12 images
  [45/343] 第299話: saved 12 images
  [46/343] 第298話: saved 12 images
  [47/343] 第297話: saved 12 images
  [48/343] 第296話: saved 12 images
  [49/343] 第295話: saved 12 images
  [50/343] 第294話: saved 12 images
  [51/343] 第293話: saved 12 images
  [52/343] 第292話: saved 12 images
  [53/343] 第291話: saved 12 images
  [54/343] 第290話: saved 12 images
  [55/343] 第289話: saved 12 images
  [56/343] 第288話: saved 12 images
  [57/343] 第287話: saved 12 images
  [58/343] 第286話: saved 12 images
  [59/343] 第285話: saved 12 images
  [60/343] 第284話: saved 12 images
  [61/343] 第283話: saved 12 images
  [62/343] 第282話: saved 12 images
  [63/343] 第281話: saved 12 images
  [64/343] 第280話: saved 12 images
  [65/343] 第279話: saved 12 images
  [66/343] 第278話: saved 12 images
  [67/343] 第277話: saved 12 images
  [68/343] 第276話: saved 12 images
  [69/343] 第275話: saved 12 images
  [70/343] 第274話: saved 12 images
  [71/343] 第273話: saved 12 images
  [72/343] 第272話: saved 12 images
  [73/343] 第271話: saved 12 images
  [74/343] 第270話: saved 12 images
  [75/343] 第269話: saved 12 images
  [76/343] 第268話: saved 12 images
  [77/343] 第267話: saved 12 images
  [78/343] 第266話: saved 12 images
  [79/343] 第265話: saved 12 images
  [80/343] 第264話: saved 12 images
  [81/343] 第263話: saved 12 images
  [82/343] 第262話: saved 12 images
  [83/343] 第261話: saved 12 images
  [84/343] 第260話: saved 12 images
  [85/343] 第259話: saved 12 images
  [86/343] 第258話: saved 12 images
  [87/343] 第257話: saved 12 images
  [88/343] 第256話: saved 12 images
  [89/343] 第255話: saved 12 images
  [90/343] 第254話: saved 12 images
  [91/343] 第253話: saved 12 images
  [92/343] 第252話: saved 12 images
  [93/343] 第251話: saved 12 images
  [94/343] 第250話: saved 12 images
  [95/343] 第249話: saved 12 images
  [96/343] 第248話: saved 12 images
  [97/343] 第247話: saved 12 images
  [98/343] 第246話: saved 12 images
  [99/343] 第245話: saved 12 images
  [100/343] 第244話: saved 12 images
  [101/343] 第243話: saved 12 images
  [102/343] 第242話: saved 12 images
  [103/343] 第241話: saved 12 images
  [104/343] 第240話: saved 12 images
  [105/343] 第239話: saved 12 images
  [106/343] 第238話: saved 12 images
  [107/343] 第237話: saved 12 images
  [108/343] 第236話: saved 12 images
  [109/343] 第235話: saved 12 images
  [110/343] 第234話: saved 12 images
  [111/343] 第233話: saved 12 images
  [112/343] 第232話: saved 12 images
  [113/343] 第231話: saved 12 images
  [114/343] 第230話: saved 12 images
  [115/343] 第229話: saved 12 images
  [116/343] 第228話: saved 12 images
  [117/343] 第227話: saved 12 images
  [118/343] 第226話: saved 12 images
  [119/343] 第225話: saved 12 images
  [120/343] 第224話: saved 12 images
  [121/343] 第223話: saved 12 images
  [122/343] 第222話: saved 12 images
  [123/343] 第221話: saved 12 images
  [124/343] 第220話: saved 12 images
  [125/343] 第219話: saved 12 images
  [126/343] 第218話: saved 12 images
  [127/343] 第217話: saved 12 images
  [128/343] 第216話: saved 12 images
  [129/343] 第215話: saved 12 images
  [130/343] 第214話: saved 12 images
  [131/343] 第213話: saved 12 images
  [132/343] 第212話: saved 12 images
  [133/343] 第211話: saved 12 images
  [134/343] 第210話: saved 12 images
  [135/343] 第209話: saved 12 images
  [136/343] 第208話: saved 12 images
  [137/343] 第207話: saved 12 images
  [138/343] 第206話: saved 12 images
  [139/343] 第205話: saved 12 images
  [140/343] 第204話: saved 12 images
  [141/343] 第203話: saved 12 images
  [142/343] 第202話: saved 12 images
  [143/343] 第201話: saved 12 images
  [144/343] 第200話: saved 12 images
  [145/343] 第199話: saved 12 images
  [146/343] 第198話: saved 12 images
  [147/343] 第197話: saved 12 images
  [148/343] 第196話: saved 12 images
  [149/343] 第195話: saved 12 images
  [150/343] 第194話: saved 12 images
  [151/343] 第193話: saved 12 images
  [152/343] 第192話: saved 12 images
  [153/343] 第191話: saved 12 images
  [154/343] 第190話: saved 12 images
  [155/343] 第189話: saved 12 images
  [156/343] 第188話: saved 13 images
  [157/343] 第187話: saved 12 images
  [158/343] 第186話: saved 12 images
  [159/343] 第185話: saved 12 images
  [160/343] 第184話: saved 12 images
  [161/343] 第183話: saved 12 images
  [162/343] 第182話: saved 12 images
  [163/343] 第181話: saved 12 images
  [164/343] 第180話: saved 12 images
  [165/343] 第179話: saved 12 images
  [166/343] 第178話: saved 12 images
  [167/343] 第177話: saved 12 images
  [168/343] 第176話: saved 12 images
  [169/343] 第175話: saved 12 images
  [170/343] 第174話: saved 12 images
  [171/343] 第173話: saved 12 images
  [172/343] 第172話: saved 13 images
  [173/343] 第171話: saved 12 images
  [174/343] 第170話: saved 12 images
Mon Jun 15 06:27:31 AM GMT 2026 - crawler already running
  [175/343] 第169話: saved 12 images
  [176/343] 第168話: saved 12 images
  [177/343] 第167話: saved 12 images
  [178/343] 第166話: saved 12 images
  [179/343] 第165話: saved 12 images
  [180/343] 第164話: saved 12 images
  [181/343] 第163話: saved 12 images
  [182/343] 第162話: saved 12 images
  [183/343] 第161話: saved 12 images
  [184/343] 第160話: saved 12 images
  [185/343] 第159話: saved 12 images
  [186/343] 第158話: saved 12 images
  [187/343] 第157話: saved 12 images
  [188/343] 第156話: saved 13 images
  [189/343] 第155話: saved 12 images
  [190/343] 第154話: saved 12 images
  [191/343] 第153話: saved 12 images
  [192/343] 第152話: saved 12 images
  [193/343] 第151話: saved 12 images
  [194/343] 第150話: saved 12 images
  [195/343] 第149話: saved 12 images
  [196/343] 第148話: saved 11 images
  [197/343] 第147話: saved 12 images
  [198/343] 第146話: saved 12 images
  [199/343] 第145話: saved 12 images
  [200/343] 第144話: saved 12 images
  [201/343] 第143話: saved 12 images
  [202/343] 第142話: saved 12 images
  [203/343] 第141話: saved 12 images
  [204/343] 第140話: saved 13 images
  [205/343] 第139話: saved 12 images
  [206/343] 第138話: saved 12 images
  [207/343] 第137話: saved 12 images
  [208/343] 第136話: saved 12 images
  [209/343] 第135話: saved 12 images
  [210/343] 第134話: saved 12 images
  [211/343] 第133話: saved 12 images
  [212/343] 第132話: saved 12 images
  [213/343] 第131話: saved 12 images
  [214/343] 第130話: saved 12 images
  [215/343] 第129話: saved 12 images
  [216/343] 第128話: saved 12 images
  [217/343] 第127話: saved 12 images
  [218/343] 第126話: saved 12 images
  [219/343] 第125話: saved 12 images
  [220/343] 第124話: saved 13 images
  [221/343] 第123話: saved 12 images
  [222/343] 第122話: saved 12 images
  [223/343] 第121話: saved 12 images
  [224/343] 第120話: saved 12 images
  [225/343] 第119話: saved 12 images
  [226/343] 第118話: saved 12 images
  [227/343] 第117話: saved 12 images
  [228/343] 第116話: saved 12 images
  [229/343] 第115話: saved 12 images
  [230/343] 第114話: saved 12 images
  [231/343] 第113話: saved 12 images
  [232/343] 第112話: saved 12 images
  [233/343] 第111話: saved 12 images
  [234/343] 第110話: saved 12 images
  [235/343] 第109話: saved 12 images
  [236/343] 第108話: saved 13 images
  [237/343] 第107話: saved 12 images
  [238/343] 第106話: saved 12 images
  [239/343] 第105話: saved 12 images
  [240/343] 第104話: saved 12 images
  [241/343] 第103話: saved 12 images
  [242/343] 第102話: saved 12 images
  [243/343] 第101話: saved 12 images
  [244/343] 第100話: saved 12 images
  [245/343] 第99話: saved 12 images
  [246/343] 第98話: saved 22 images
  [247/343] 第97話: saved 24 images
  [248/343] 第96話: saved 12 images
  [249/343] 第95話: saved 12 images
  [250/343] 第94話: saved 13 images
  [251/343] 第93話: saved 12 images
  [252/343] 第92話: saved 12 images
  [253/343] 第91話: saved 12 images
  [254/343] 第90話: saved 12 images
  [255/343] 第89話: saved 12 images
  [256/343] 第88話: saved 12 images
  [257/343] 第87話: saved 12 images
  [258/343] 第86話: saved 12 images
  [259/343] 第85話: saved 12 images
  [260/343] 第84話: saved 12 images
  [261/343] 第83話: saved 12 images
  [262/343] 第82話: saved 12 images
  [263/343] 第81話: saved 12 images
  [264/343] 第80話: saved 12 images
  [265/343] 第79話: saved 12 images
  [266/343] 第78話: saved 13 images
  [267/343] 第77話: saved 12 images
  [268/343] 第76話: saved 12 images
  [269/343] 第75話: saved 12 images
  [270/343] 第74話: saved 12 images
  [271/343] 第73話: saved 12 images
  [272/343] 第72話: saved 14 images
  [273/343] 第71話: saved 12 images
  [274/343] 第70話: saved 12 images
  [275/343] 第69話: saved 12 images
  [276/343] 第68話: saved 12 images
  [277/343] 第67話: saved 12 images
  [278/343] 第66話: saved 12 images
  [279/343] 第65話: saved 12 images
  [280/343] 第64話: saved 12 images
  [281/343] 第63話: saved 12 images
  [282/343] 第62話: saved 13 images
  [283/343] 第61話: saved 12 images
  [284/343] 第60話: saved 12 images
  [285/343] 第59話: saved 12 images
  [286/343] 第58話: saved 12 images
  [287/343] 第57話: saved 12 images
  [288/343] 第56話: saved 12 images
  [289/343] 第55話: saved 12 images
  [290/343] 第54話: saved 12 images
  [291/343] 第53話: saved 12 images
  [292/343] 第52話: saved 12 images
  [293/343] 第51話: saved 12 images
  [294/343] 第50話: saved 12 images
  [295/343] 第49話: saved 12 images
  [296/343] 第48話: saved 12 images
  [297/343] 第47話: saved 12 images
  [298/343] 第46話: saved 13 images
  [299/343] 第45話: saved 12 images
  [300/343] 第44話: saved 12 images
  [301/343] 第43話: saved 12 images
  [302/343] 第42話: saved 12 images
  [303/343] 第41話: saved 14 images
  [304/343] 第40話: saved 12 images
  [305/343] 第39話: saved 12 images
  [306/343] 第38話: saved 12 images
  [307/343] 第37話: saved 12 images
  [308/343] 第36話: saved 12 images
  [309/343] 第35話: saved 12 images
  [310/343] 第34話: saved 12 images
  [311/343] 第33話: saved 12 images
  [312/343] 第32話: saved 12 images
  [313/343] 第31話: saved 12 images
  [314/343] 第30話: saved 13 images
  [315/343] 第29話: saved 12 images
  [316/343] 第28話: saved 12 images
  [317/343] 第27話: saved 12 images
  [318/343] 第26話: saved 12 images
  [319/343] 第25話: saved 12 images
  [320/343] 第24話: saved 12 images
  [321/343] 第23話: saved 12 images
  [322/343] 第22話: saved 12 images
  [323/343] 第21話: saved 12 images
  [324/343] 第20話: saved 12 images
  [325/343] 第19話: saved 12 images
  [326/343] 第18話: saved 12 images
  [327/343] 第17話: saved 12 images
  [328/343] 第16話: saved 12 images
  [329/343] 第15話: saved 12 images
  [330/343] 第14話: saved 15 images
  [331/343] 第13話: saved 14 images
  [332/343] 第12話: saved 11 images
  [333/343] 第11話: saved 13 images
  [334/343] 第10話: saved 12 images
  [335/343] 第9話: saved 12 images
  [336/343] 第8話: saved 12 images
  [337/343] 第7話: saved 14 images
  [338/343] 第6話: saved 16 images
  [339/343] 第5話: saved 16 images
  [340/343] 第4話: saved 16 images
  [341/343] 第3話: saved 17 images
  [342/343] 第2話: saved 17 images
  [343/343] 第1話: saved 22 images
  Incremental title crawl completed: 343 crawled, 0 skipped
Crawler finished
Mon Jun 15 06:29:01 AM GMT 2026 - crawler finished
Mon Jun 15 06:30:03 GMT 2026 - crawler started
Manga details to crawl: 1
[1/1] ウチのJSは魔を断つ剣なり!: 1 chapters
  [1/1] 第1話: skipped (images already exist)
  Incremental title crawl completed: 0 crawled, 1 skipped
Crawler finished
Mon Jun 15 06:30:03 GMT 2026 - crawler finished
Mon Jun 15 06:30:39 AM GMT 2026 - crawler started
Manga details to crawl: 1
[1/1] パパ活相手がママの再婚相手～どこでもヤレれるオトナの溺愛SEX～: 1 chapters
  [1/1] 第1話: saved 29 images
  Incremental title crawl completed: 1 crawled, 0 skipped
Crawler finished
Mon Jun 15 06:30:40 AM GMT 2026 - crawler finished
Mon Jun 15 06:34:53 AM GMT 2026 - crawler started
Manga details to crawl: 1
[1/1] よくわからないけれど異世界に転生していたようです: 342 chapters
  [1/342] 第154.5話: saved 14 images
  [2/342] 第154話: saved 16 images
  [3/342] 第153.2話: saved 16 images
  [4/342] 第153.1話: saved 14 images
  [5/342] 第152.5話: saved 15 images
  [6/342] 第152話: saved 14 images
  [7/342] 第151.2話: saved 16 images
  [8/342] 第151.1話: saved 16 images
  [9/342] 第150.5話: saved 15 images
  [10/342] 第150.1話: saved 15 images
  [11/342] 第149.2話: saved 13 images
  [12/342] 第149.1話: saved 17 images
  [13/342] 第148.2話: saved 15 images
  [14/342] 第148.1話: saved 15 images
  [15/342] 第147.2話: saved 16 images
  [16/342] 第147.1話: saved 15 images
  [17/342] 第146.2話: saved 12 images
  [18/342] 第146.1話: saved 18 images
  [19/342] 第145.2話: saved 15 images
  [20/342] 第145.1話: saved 15 images
  [21/342] 第144.2話: saved 15 images
  [22/342] 第144.1話: saved 15 images
  [23/342] 第143.2話: saved 13 images
Mon Jun 15 06:35:02 AM GMT 2026 - crawler started
  [24/342] 第143.1話: saved 19 images
Manga details to crawl: 1
  [25/342] 第142.2話: saved 15 images
[1/1] 男子高校生を養いたいお姉さんの話: 338 chapters
  [26/342] 第142.1話: saved 15 images
  [27/342] 第141.2話: saved 14 images
  [28/342] 第141.1話: saved 16 images
  [29/342] 第140.2話: saved 15 images
  [1/338] 第337話: saved 3 images
  [30/342] 第140.1話: saved 16 images
  [2/338] 第336話: saved 4 images
  [31/342] 第139.2話: saved 15 images
  [3/338] 第335話: saved 4 images
  [32/342] 第139.1話: saved 16 images
  [33/342] 第138.2話: saved 13 images
  [34/342] 第138.1話: saved 17 images
  [35/342] 第137.2話: saved 17 images
  [36/342] 第137.1話: saved 15 images
  [4/338] 第334話: saved 4 images
  [37/342] 第136.2話: saved 16 images
  [5/338] 第333話: saved 4 images
  [38/342] 第136.1話: saved 16 images
  [6/338] 第332話: saved 4 images
  [39/342] 第135.2話: saved 13 images
  [7/338] 第331話: saved 4 images
  [40/342] 第135.1話: saved 19 images
  [41/342] 第134.2話: saved 16 images
  [8/338] 第330話: saved 8 images
  [42/342] 第134.1話: saved 15 images
  [9/338] 第329話: saved 4 images
  [43/342] 第133.2話: saved 12 images
  [10/338] 第328話: saved 4 images
  [44/342] 第133.1話: saved 18 images
  [11/338] 第327話: saved 4 images
  [45/342] 第132.2話: saved 16 images
  [46/342] 第132話: saved 15 images
  [12/338] 第326話: saved 4 images
  [47/342] 第131.2話: saved 14 images
  [13/338] 第325話: saved 8 images
  [48/342] 第131.1話: saved 16 images
  [14/338] 第324話: saved 4 images
  [49/342] 第130.2話: saved 12 images
  [15/338] 第323話: saved 4 images
  [50/342] 第130.1話: saved 18 images
  [51/342] 第129.2話: saved 14 images
  [16/338] 第322話: saved 4 images
  [52/342] 第129.1話: saved 16 images
  [17/338] 第321話: saved 4 images
  [18/338] 第320話: saved 4 images
  [53/342] 第128.2話: saved 15 images
  [54/342] 第128.1話: saved 15 images
  [19/338] 第319話: saved 4 images
  [55/342] 第127.2話: saved 14 images
  [56/342] 第127.1話: saved 17 images
  [57/342] 第126.2話: saved 16 images
  [58/342] 第126.1話: saved 16 images
  [59/342] 第125.2話: saved 14 images
  [20/338] 第318話: saved 4 images
  [60/342] 第125.1話: saved 16 images
  [61/342] 第124.2話: saved 16 images
  [62/342] 第124.1話: saved 14 images
  [63/342] 第123.2話: saved 15 images
  [64/342] 第123.1話: saved 15 images
  [65/342] 第122.2話: saved 14 images
  [21/338] 第317話: saved 4 images
  [66/342] 第122.1話: saved 16 images
  [22/338] 第316話: saved 4 images
Mon Jun 15 06:35:15 AM GMT 2026 - crawler started
  [67/342] 第121.2話: saved 13 images
  [23/338] 第315話: saved 4 images
Manga details to crawl: 1
  [68/342] 第121.1話: saved 17 images
  [24/338] 第314話: saved 4 images
[1/1] 異世界魔王と召喚少女の奴隷魔術: 335 chapters
  [69/342] 第120.2話: saved 13 images
  [25/338] 第313話: saved 4 images
  [70/342] 第120.1話: saved 18 images
  [26/338] 第312話: saved 4 images
  [71/342] 第119.2話: saved 14 images
  [72/342] 第119.1話: saved 17 images
  [1/335] 第137.2話: saved 8 images
  [27/338] 第311話: saved 4 images
  [2/335] 第137.1話: saved 11 images
  [73/342] 第118.2話: saved 15 images
  [28/338] 第310話: saved 8 images
  [3/335] 第136.3話: saved 12 images
  [74/342] 第118.1話: saved 15 images
  [4/335] 第136.2話: saved 12 images
  [75/342] 第117.2話: saved 15 images
  [5/335] 第136.1話: saved 17 images
  [76/342] 第117.1話: saved 15 images
  [6/335] 第135.3話: saved 12 images
  [77/342] 第116.2話: saved 12 images
  [29/338] 第309話: saved 4 images
  [7/335] 第135.2話: saved 13 images
  [78/342] 第116.1話: saved 18 images
  [8/335] 第135.1話: saved 18 images
  [79/342] 第115.2話: saved 13 images
  [30/338] 第308話: saved 4 images
  [9/335] 第134.2話: saved 10 images
  [80/342] 第115.1話: saved 18 images
  [31/338] 第307話: saved 4 images
  [10/335] 第134.1話: saved 12 images
  [81/342] 第114.2話: saved 16 images
  [82/342] 第114.1話: saved 14 images
  [32/338] 第306話: saved 4 images
  [11/335] 第133.3話: saved 20 images
  [83/342] 第113.2話: saved 18 images
  [33/338] 第305話: saved 4 images
  [12/335] 第133.2話: saved 13 images
  [84/342] 第113話: saved 13 images
  [34/338] 第304話: saved 4 images
  [13/335] 第133.1話: saved 12 images
  [85/342] 第112.2話: saved 14 images
  [35/338] 第303話: saved 4 images
  [86/342] 第112.1話: saved 16 images
  [14/335] 第132.3話: saved 15 images
  [36/338] 第302話: saved 8 images
  [87/342] 第111.2話: saved 15 images
  [15/335] 第132.2話: saved 12 images
  [37/338] 第301話: saved 8 images
  [88/342] 第111.1話: saved 15 images
  [16/335] 第132.1話: saved 17 images
  [89/342] 第110.2話: saved 15 images
  [17/335] 第131.6話: saved 15 images
  [38/338] 第300話: saved 4 images
  [90/342] 第110.1話: saved 17 images
  [18/335] 第131.2話: saved 10 images
  [39/338] 第299話: saved 4 images
  [91/342] 第109.2話: saved 17 images
  [19/335] 第131.1話: saved 17 images
  [40/338] 第298話: saved 4 images
  [92/342] 第109.1話: saved 14 images
  [20/335] 第130.3話: saved 12 images
  [93/342] 第108.2話: saved 12 images
  [21/335] 第130.2話: saved 12 images
  [41/338] 第297話: saved 4 images
  [94/342] 第108.1話: saved 16 images
  [22/335] 第130.1話: saved 12 images
  [95/342] 第107.2話: saved 15 images
  [23/335] 第129.3話: saved 14 images
  [96/342] 第107.1話: saved 15 images
  [24/335] 第129.2話: saved 13 images
  [97/342] 第106.2話: saved 14 images
  [25/335] 第129.1話: saved 15 images
  [42/338] 第296話: saved 8 images
  [98/342] 第106.1話: saved 16 images
  [26/335] 第128.3話: saved 15 images
  [27/335] 第128.2話: saved 11 images
  [99/342] 第105.2話: saved 14 images
  [43/338] 第295話: saved 4 images
  [28/335] 第128.1話: saved 11 images
  [100/342] 第105.1話: saved 18 images
  [29/335] 第127.3話: saved 20 images
  [101/342] 第104.2話: saved 15 images
  [44/338] 第294話: saved 4 images
  [30/335] 第127.2話: saved 13 images
  [45/338] 第293話: saved 4 images
  [102/342] 第104.1話: saved 16 images
  [31/335] 第127.1話: saved 13 images
  [46/338] 第292話: saved 4 images
  [103/342] 第103.2話: saved 14 images
  [32/335] 第126.3話: saved 13 images
  [47/338] 第291話: saved 4 images
  [104/342] 第103.1話: saved 18 images
  [33/335] 第126.2話: saved 16 images
  [48/338] 第290話: saved 4 images
  [105/342] 第102.2話: saved 15 images
  [49/338] 第289話: saved 4 images
  [34/335] 第126.1話: saved 13 images
  [106/342] 第102.1話: saved 15 images
  [50/338] 第288話: saved 4 images
  [35/335] 第125.3話: saved 13 images
  [107/342] 第101.2話: saved 12 images
  [51/338] 第287話: saved 4 images
  [36/335] 第125.2話: saved 11 images
  [108/342] 第101.1話: saved 16 images
  [52/338] 第286話: saved 4 images
  [37/335] 第125.1話: saved 9 images
  [109/342] 第100.2話: saved 15 images
  [53/338] 第285話: saved 4 images
  [38/335] 第124.3話: saved 9 images
  [110/342] 第100.1話: saved 15 images
  [54/338] 第284話: saved 4 images
  [39/335] 第124.2話: saved 11 images
  [111/342] 第99.3話: saved 12 images
  [55/338] 第283話: saved 4 images
  [40/335] 第124.1話: saved 12 images
  [112/342] 第99.2話: saved 10 images
  [56/338] 第282話: saved 4 images
  [41/335] 第123.3話: saved 13 images
  [113/342] 第99.1話: saved 9 images
  [57/338] 第281話: saved 4 images
  [42/335] 第123.2話: saved 14 images
  [114/342] 第98.2話: saved 16 images
  [58/338] 第280話: saved 4 images
  [43/335] 第123.1話: saved 17 images
  [115/342] 第98.1話: saved 16 images
  [59/338] 第279話: saved 4 images
  [44/335] 第122.3話: saved 15 images
  [116/342] 第97.2話: saved 17 images
  [60/338] 第278話: saved 8 images
  [45/335] 第122.2話: saved 9 images
  [117/342] 第97.1話: saved 14 images
  [61/338] 第277話: saved 4 images
  [46/335] 第122話: saved 14 images
  [118/342] 第96.2話: saved 15 images
  [62/338] 第276話: saved 8 images
  [47/335] 第121.3話: saved 14 images
  [119/342] 第96.1話: saved 15 images
  [63/338] 第275話: saved 4 images
  [48/335] 第121.2話: saved 13 images
  [120/342] 第95.2話: saved 15 images
  [64/338] 第274話: saved 4 images
  [49/335] 第121話: saved 12 images
  [121/342] 第95.1話: saved 16 images
  [65/338] 第273話: saved 4 images
  [50/335] 第120.3話: saved 11 images
  [66/338] 第272話: saved 4 images
  [122/342] 第94.2話: saved 18 images
  [51/335] 第120.2話: saved 12 images
  [67/338] 第271話: saved 4 images
  [123/342] 第94.1話: saved 14 images
  [52/335] 第120話: saved 19 images
  [68/338] 第270話: saved 8 images
  [124/342] 第93.2話: saved 17 images
  [53/335] 第119.3話: saved 14 images
  [69/338] 第269話: saved 4 images
  [125/342] 第93.1話: saved 13 images
  [54/335] 第119.2話: saved 12 images
  [70/338] 第268話: saved 4 images
  [126/342] 第92.2話: saved 15 images
  [71/338] 第267話: saved 8 images
  [55/335] 第119.1話: saved 22 images
  [127/342] 第92.1話: saved 15 images
  [72/338] 第266話: saved 4 images
  [56/335] 第118.5話: saved 6 images
  [128/342] 第91.3話: saved 10 images
  [73/338] 第265話: saved 4 images
  [57/335] 第118.3話: saved 16 images
  [129/342] 第91.2話: saved 10 images
  [74/338] 第264話: saved 4 images
  [58/335] 第118.2話: saved 14 images
  [130/342] 第91.1話: saved 11 images
  [75/338] 第263話: saved 4 images
  [59/335] 第118話: saved 15 images
  [131/342] 第90.2話: saved 15 images
  [76/338] 第262話: saved 4 images
  [60/335] 第117.3話: saved 15 images
  [132/342] 第90.1話: saved 16 images
  [77/338] 第261話: saved 4 images
  [61/335] 第117.2話: saved 15 images
  [133/342] 第89.2話: saved 16 images
  [78/338] 第260話: saved 4 images
  [62/335] 第117.1話: saved 11 images
  [134/342] 第89.1話: saved 16 images
  [79/338] 第259話: saved 4 images
  [63/335] 第116.3話: saved 18 images
  [135/342] 第88.2話: saved 16 images
  [80/338] 第258話: saved 4 images
  [64/335] 第116.2話: saved 11 images
  [136/342] 第88.1話: saved 15 images
  [81/338] 第257話: saved 4 images
  [65/335] 第116.1話: saved 13 images
  [137/342] 第87.2話: saved 15 images
  [82/338] 第256話: saved 4 images
  [66/335] 第115.3話: saved 15 images
  [138/342] 第87.1話: saved 17 images
  [83/338] 第255話: saved 4 images
  [67/335] 第115.2話: saved 14 images
  [139/342] 第86.1話: saved 15 images
  [84/338] 第254話: saved 4 images
  [68/335] 第115.1話: saved 16 images
  [140/342] 第85.2話: saved 15 images
  [85/338] 第253話: saved 4 images
  [69/335] 第114.3話: saved 11 images
  [86/338] 第252話: saved 4 images
  [141/342] 第85.1話: saved 15 images
  [70/335] 第114.2話: saved 14 images
  [87/338] 第251話: saved 4 images
  [142/342] 第84.2話: saved 16 images
  [71/335] 第114.1話: saved 11 images
  [88/338] 第250話: saved 4 images
  [143/342] 第84.1話: saved 15 images
  [72/335] 第113.3話: saved 11 images
  [89/338] 第249話: saved 4 images
  [144/342] 第83.2話: saved 15 images
  [73/335] 第113.2話: saved 15 images
  [90/338] 第248話: saved 4 images
  [145/342] 第83.1話: saved 15 images
  [74/335] 第113.1話: saved 12 images
  [91/338] 第247話: saved 4 images
  [146/342] 第82.2話: saved 16 images
  [75/335] 第112.3話: saved 16 images
  [92/338] 第246話: saved 4 images
  [147/342] 第82.1話: saved 15 images
  [76/335] 第112.2話: saved 12 images
  [93/338] 第245話: saved 4 images
  [148/342] 第81.2話: saved 17 images
  [77/335] 第112.1話: saved 12 images
  [94/338] 第244話: saved 4 images
  [149/342] 第81.1話: saved 15 images
  [78/335] 第111.3話: saved 14 images
  [95/338] 第243話: saved 4 images
  [150/342] 第80.2話: saved 17 images
  [79/335] 第111.2話: saved 17 images
  [96/338] 第242話: saved 4 images
  [151/342] 第80.1話: saved 15 images
  [80/335] 第111.1話: saved 11 images
  [97/338] 第241話: saved 4 images
  [152/342] 第79.2話: saved 15 images
  [81/335] 第110.3話: saved 14 images
  [98/338] 第240話: saved 4 images
  [153/342] 第79.1話: saved 15 images
  [82/335] 第110.2話: saved 10 images
  [99/338] 第239話: saved 4 images
  [154/342] 第78.2話: saved 15 images
  [83/335] 第110.1話: saved 15 images
  [100/338] 第238話: saved 4 images
  [155/342] 第78.1話: saved 15 images
  [84/335] 第109.3話: saved 9 images
  [101/338] 第237話: saved 4 images
  [156/342] 第77.2話: saved 16 images
  [85/335] 第109.2話: saved 16 images
  [102/338] 第236話: saved 4 images
  [157/342] 第77.1話: saved 14 images
  [103/338] 第235話: saved 4 images
  [86/335] 第109.1話: saved 12 images
  [158/342] 第76.2話: saved 17 images
  [104/338] 第234話: saved 4 images
  [87/335] 第108.4話: saved 13 images
  [159/342] 第76.1話: saved 15 images
  [105/338] 第233話: saved 4 images
  [88/335] 第108.3話: saved 11 images
  [160/342] 第75.2話: saved 14 images
  [106/338] 第232話: saved 4 images
  [89/335] 第108.2話: saved 11 images
  [161/342] 第75.1話: saved 16 images
  [107/338] 第231話: saved 4 images
  [90/335] 第108.1話: saved 12 images
  [162/342] 第74.2話: saved 17 images
  [108/338] 第230話: saved 4 images
  [91/335] 第107.3話: saved 12 images
  [163/342] 第74.1話: saved 15 images
  [109/338] 第229話: saved 3 images
  [92/335] 第107.2話: saved 12 images
  [164/342] 第73.2話: saved 15 images
  [110/338] 第228話: saved 4 images
  [93/335] 第107.1話: saved 10 images
  [165/342] 第73.1話: saved 15 images
  [111/338] 第227話: saved 8 images
  [94/335] 第106.4話: saved 10 images
  [166/342] 第72.2話: saved 15 images
  [112/338] 第226話: saved 4 images
  [95/335] 第106.3話: saved 11 images
  [167/342] 第72.1話: saved 16 images
  [113/338] 第225話: saved 4 images
  [96/335] 第106.2話: saved 13 images
  [168/342] 第71.2話: saved 17 images
  [114/338] 第224話: saved 4 images
  [97/335] 第106.1話: saved 15 images
  [169/342] 第71.1話: saved 15 images
  [115/338] 第223話: saved 4 images
  [98/335] 第105.3話: saved 15 images
  [116/338] 第222話: saved 4 images
  [170/342] 第70.2話: saved 14 images
  [99/335] 第105.2話: saved 12 images
  [117/338] 第221話: saved 4 images
  [171/342] 第70.1話: saved 16 images
  [100/335] 第105.1話: saved 14 images
  [118/338] 第220話: saved 4 images
  [172/342] 第69.2話: saved 16 images
  [101/335] 第104.3話: saved 14 images
  [119/338] 第219話: saved 4 images
  [173/342] 第69.1話: saved 16 images
  [102/335] 第104.2話: saved 15 images
  [120/338] 第218話: saved 4 images
  [174/342] 第68.2話: saved 16 images
  [103/335] 第104.1話: saved 15 images
  [121/338] 第217話: saved 4 images
  [175/342] 第68.1話: saved 16 images
  [104/335] 第103.3話: saved 12 images
  [122/338] 第216話: saved 4 images
  [176/342] 第67.2話: saved 15 images
  [105/335] 第103.2話: saved 12 images
  [123/338] 第215話: saved 4 images
  [177/342] 第67.1話: saved 15 images
  [106/335] 第103.1話: saved 14 images
  [124/338] 第214話: saved 4 images
  [178/342] 第66.2話: saved 15 images
  [107/335] 第102.3話: saved 14 images
  [125/338] 第213話: saved 8 images
  [179/342] 第66.1話: saved 16 images
  [108/335] 第102.2話: saved 14 images
  [126/338] 第212話: saved 4 images
  [180/342] 第65.2話: saved 15 images
  [109/335] 第102.1話: saved 16 images
  [127/338] 第211話: saved 4 images
  [181/342] 第65.1話: saved 15 images
  [110/335] 第101.3話: saved 13 images
  [128/338] 第210話: saved 4 images
  [182/342] 第64.2話: saved 16 images
  [111/335] 第101.2話: saved 19 images
  [129/338] 第209話: saved 4 images
  [183/342] 第64.1話: saved 14 images
  [112/335] 第101.1話: saved 11 images
  [130/338] 第208話: saved 4 images
  [184/342] 第63.2話: saved 15 images
  [113/335] 第100.3話: saved 11 images
  [131/338] 第207話: saved 4 images
  [185/342] 第63.1話: saved 15 images
  [114/335] 第100.2話: saved 11 images
  [132/338] 第206話: saved 3 images
  [186/342] 第62.2話: saved 15 images
  [115/335] 第100.1話: saved 17 images
  [133/338] 第205話: saved 5 images
  [187/342] 第62.1話: saved 16 images
Mon Jun 15 06:35:54 AM GMT 2026 - crawler started
  [134/338] 第204話: saved 4 images
  [116/335] 第99.3話: saved 13 images
  [188/342] 第61.2話: saved 15 images
Manga details to crawl: 1
  [135/338] 第203話: saved 4 images
  [117/335] 第99.2話: saved 20 images
  [189/342] 第61.1話: saved 15 images
[1/1] EROSサバイバル: 343 chapters
  [136/338] 第202話: saved 4 images
  [118/335] 第99.1話: saved 19 images
  [190/342] 第60.2話: saved 16 images
  [137/338] 第201話: saved 4 images
  [119/335] 第98.3話: saved 17 images
  [191/342] 第60.1話: saved 15 images
  [138/338] 第200話: saved 4 images
  [120/335] 第98.2話: saved 15 images
  [192/342] 第59.2話: saved 17 images
  [139/338] 第199話: saved 4 images
  [121/335] 第98.1話: saved 13 images
  [193/342] 第59.1話: saved 15 images
  [140/338] 第198話: saved 4 images
  [1/343] 第343話: skipped (images already exist)
  [2/343] 第342話: skipped (images already exist)
  [3/343] 第341話: skipped (images already exist)
  [4/343] 第340話: skipped (images already exist)
  [5/343] 第339話: skipped (images already exist)
  [6/343] 第338話: skipped (images already exist)
  [7/343] 第337話: skipped (images already exist)
  [8/343] 第336話: skipped (images already exist)
  [9/343] 第335話: skipped (images already exist)
  [10/343] 第334話: skipped (images already exist)
  [11/343] 第333話: skipped (images already exist)
  [12/343] 第332話: skipped (images already exist)
  [13/343] 第331話: skipped (images already exist)
  [14/343] 第330話: skipped (images already exist)
  [15/343] 第329話: skipped (images already exist)
  [16/343] 第328話: skipped (images already exist)
  [17/343] 第327話: skipped (images already exist)
  [18/343] 第326話: skipped (images already exist)
  [19/343] 第325話: skipped (images already exist)
  [20/343] 第324話: skipped (images already exist)
  [21/343] 第323話: skipped (images already exist)
  [22/343] 第322話: skipped (images already exist)
  [23/343] 第321話: skipped (images already exist)
  [24/343] 第320話: skipped (images already exist)
  [25/343] 第319話: skipped (images already exist)
  [26/343] 第318話: skipped (images already exist)
  [27/343] 第317話: skipped (images already exist)
  [28/343] 第316話: skipped (images already exist)
  [29/343] 第315話: skipped (images already exist)
  [30/343] 第314話: skipped (images already exist)
  [31/343] 第313話: skipped (images already exist)
  [32/343] 第312話: skipped (images already exist)
  [33/343] 第311話: skipped (images already exist)
  [34/343] 第310話: skipped (images already exist)
  [35/343] 第309話: skipped (images already exist)
  [36/343] 第308話: skipped (images already exist)
  [37/343] 第307話: skipped (images already exist)
  [38/343] 第306話: skipped (images already exist)
  [39/343] 第305話: skipped (images already exist)
  [40/343] 第304話: skipped (images already exist)
  [41/343] 第303話: skipped (images already exist)
  [42/343] 第302話: skipped (images already exist)
  [43/343] 第301話: skipped (images already exist)
  [44/343] 第300話: skipped (images already exist)
  [45/343] 第299話: skipped (images already exist)
  [46/343] 第298話: skipped (images already exist)
  [47/343] 第297話: skipped (images already exist)
  [48/343] 第296話: skipped (images already exist)
  [49/343] 第295話: skipped (images already exist)
  [50/343] 第294話: skipped (images already exist)
  [51/343] 第293話: skipped (images already exist)
  [52/343] 第292話: skipped (images already exist)
  [53/343] 第291話: skipped (images already exist)
  [54/343] 第290話: skipped (images already exist)
  [55/343] 第289話: skipped (images already exist)
  [122/335] 第97.3話: saved 14 images
  [56/343] 第288話: skipped (images already exist)
  [57/343] 第287話: skipped (images already exist)
  [58/343] 第286話: skipped (images already exist)
  [59/343] 第285話: skipped (images already exist)
  [60/343] 第284話: skipped (images already exist)
  [61/343] 第283話: skipped (images already exist)
  [62/343] 第282話: skipped (images already exist)
  [63/343] 第281話: skipped (images already exist)
  [64/343] 第280話: skipped (images already exist)
  [65/343] 第279話: skipped (images already exist)
  [66/343] 第278話: skipped (images already exist)
  [67/343] 第277話: skipped (images already exist)
  [68/343] 第276話: skipped (images already exist)
  [69/343] 第275話: skipped (images already exist)
  [70/343] 第274話: skipped (images already exist)
  [71/343] 第273話: skipped (images already exist)
  [72/343] 第272話: skipped (images already exist)
  [73/343] 第271話: skipped (images already exist)
  [74/343] 第270話: skipped (images already exist)
  [75/343] 第269話: skipped (images already exist)
  [76/343] 第268話: skipped (images already exist)
  [77/343] 第267話: skipped (images already exist)
  [78/343] 第266話: skipped (images already exist)
  [79/343] 第265話: skipped (images already exist)
  [80/343] 第264話: skipped (images already exist)
  [81/343] 第263話: skipped (images already exist)
  [82/343] 第262話: skipped (images already exist)
  [83/343] 第261話: skipped (images already exist)
  [84/343] 第260話: skipped (images already exist)
  [85/343] 第259話: skipped (images already exist)
  [86/343] 第258話: skipped (images already exist)
  [87/343] 第257話: skipped (images already exist)
  [88/343] 第256話: skipped (images already exist)
  [89/343] 第255話: skipped (images already exist)
  [90/343] 第254話: skipped (images already exist)
  [91/343] 第253話: skipped (images already exist)
  [92/343] 第252話: skipped (images already exist)
  [93/343] 第251話: skipped (images already exist)
  [94/343] 第250話: skipped (images already exist)
  [95/343] 第249話: skipped (images already exist)
  [96/343] 第248話: skipped (images already exist)
  [97/343] 第247話: skipped (images already exist)
  [98/343] 第246話: skipped (images already exist)
  [99/343] 第245話: skipped (images already exist)
  [100/343] 第244話: skipped (images already exist)
  [101/343] 第243話: skipped (images already exist)
  [102/343] 第242話: skipped (images already exist)
  [103/343] 第241話: skipped (images already exist)
  [104/343] 第240話: skipped (images already exist)
  [105/343] 第239話: skipped (images already exist)
  [106/343] 第238話: skipped (images already exist)
  [107/343] 第237話: skipped (images already exist)
  [108/343] 第236話: skipped (images already exist)
  [109/343] 第235話: skipped (images already exist)
  [110/343] 第234話: skipped (images already exist)
  [111/343] 第233話: skipped (images already exist)
  [112/343] 第232話: skipped (images already exist)
  [113/343] 第231話: skipped (images already exist)
  [114/343] 第230話: skipped (images already exist)
  [115/343] 第229話: skipped (images already exist)
  [116/343] 第228話: skipped (images already exist)
  [117/343] 第227話: skipped (images already exist)
  [118/343] 第226話: skipped (images already exist)
  [119/343] 第225話: skipped (images already exist)
  [120/343] 第224話: skipped (images already exist)
  [121/343] 第223話: skipped (images already exist)
  [122/343] 第222話: skipped (images already exist)
  [123/343] 第221話: skipped (images already exist)
  [124/343] 第220話: skipped (images already exist)
  [125/343] 第219話: skipped (images already exist)
  [126/343] 第218話: skipped (images already exist)
  [127/343] 第217話: skipped (images already exist)
  [128/343] 第216話: skipped (images already exist)
  [129/343] 第215話: skipped (images already exist)
  [130/343] 第214話: skipped (images already exist)
  [131/343] 第213話: skipped (images already exist)
  [132/343] 第212話: skipped (images already exist)
  [133/343] 第211話: skipped (images already exist)
  [134/343] 第210話: skipped (images already exist)
  [135/343] 第209話: skipped (images already exist)
  [136/343] 第208話: skipped (images already exist)
  [137/343] 第207話: skipped (images already exist)
  [138/343] 第206話: skipped (images already exist)
  [139/343] 第205話: skipped (images already exist)
  [140/343] 第204話: skipped (images already exist)
  [141/343] 第203話: skipped (images already exist)
  [142/343] 第202話: skipped (images already exist)
  [143/343] 第201話: skipped (images already exist)
  [144/343] 第200話: skipped (images already exist)
  [145/343] 第199話: skipped (images already exist)
  [146/343] 第198話: skipped (images already exist)
  [147/343] 第197話: skipped (images already exist)
  [148/343] 第196話: skipped (images already exist)
  [149/343] 第195話: skipped (images already exist)
  [150/343] 第194話: skipped (images already exist)
  [151/343] 第193話: skipped (images already exist)
  [152/343] 第192話: skipped (images already exist)
  [153/343] 第191話: skipped (images already exist)
  [194/342] 第58.2話: saved 15 images
  [154/343] 第190話: skipped (images already exist)
  [155/343] 第189話: skipped (images already exist)
  [156/343] 第188話: skipped (images already exist)
  [157/343] 第187話: skipped (images already exist)
  [158/343] 第186話: skipped (images already exist)
  [159/343] 第185話: skipped (images already exist)
  [160/343] 第184話: skipped (images already exist)
  [161/343] 第183話: skipped (images already exist)
  [162/343] 第182話: skipped (images already exist)
  [163/343] 第181話: skipped (images already exist)
  [164/343] 第180話: skipped (images already exist)
  [165/343] 第179話: skipped (images already exist)
  [166/343] 第178話: skipped (images already exist)
  [167/343] 第177話: skipped (images already exist)
  [168/343] 第176話: skipped (images already exist)
  [169/343] 第175話: skipped (images already exist)
  [170/343] 第174話: skipped (images already exist)
  [171/343] 第173話: skipped (images already exist)
  [172/343] 第172話: skipped (images already exist)
  [173/343] 第171話: skipped (images already exist)
  [174/343] 第170話: skipped (images already exist)
  [175/343] 第169話: skipped (images already exist)
  [176/343] 第168話: skipped (images already exist)
  [177/343] 第167話: skipped (images already exist)
  [178/343] 第166話: skipped (images already exist)
  [179/343] 第165話: skipped (images already exist)
  [180/343] 第164話: skipped (images already exist)
  [181/343] 第163話: skipped (images already exist)
  [182/343] 第162話: skipped (images already exist)
  [183/343] 第161話: skipped (images already exist)
  [184/343] 第160話: skipped (images already exist)
  [185/343] 第159話: skipped (images already exist)
  [186/343] 第158話: skipped (images already exist)
  [187/343] 第157話: skipped (images already exist)
  [188/343] 第156話: skipped (images already exist)
  [189/343] 第155話: skipped (images already exist)
  [190/343] 第154話: skipped (images already exist)
  [191/343] 第153話: skipped (images already exist)
  [192/343] 第152話: skipped (images already exist)
  [193/343] 第151話: skipped (images already exist)
  [194/343] 第150話: skipped (images already exist)
  [195/343] 第149話: skipped (images already exist)
  [196/343] 第148話: skipped (images already exist)
  [197/343] 第147話: skipped (images already exist)
  [198/343] 第146話: skipped (images already exist)
  [199/343] 第145話: skipped (images already exist)
  [200/343] 第144話: skipped (images already exist)
  [201/343] 第143話: skipped (images already exist)
  [202/343] 第142話: skipped (images already exist)
  [203/343] 第141話: skipped (images already exist)
  [204/343] 第140話: skipped (images already exist)
  [205/343] 第139話: skipped (images already exist)
  [206/343] 第138話: skipped (images already exist)
  [207/343] 第137話: skipped (images already exist)
  [208/343] 第136話: skipped (images already exist)
  [209/343] 第135話: skipped (images already exist)
  [210/343] 第134話: skipped (images already exist)
  [211/343] 第133話: skipped (images already exist)
  [212/343] 第132話: skipped (images already exist)
  [213/343] 第131話: skipped (images already exist)
  [214/343] 第130話: skipped (images already exist)
  [215/343] 第129話: skipped (images already exist)
  [216/343] 第128話: skipped (images already exist)
  [217/343] 第127話: skipped (images already exist)
  [218/343] 第126話: skipped (images already exist)
  [219/343] 第125話: skipped (images already exist)
  [220/343] 第124話: skipped (images already exist)
  [221/343] 第123話: skipped (images already exist)
  [222/343] 第122話: skipped (images already exist)
  [223/343] 第121話: skipped (images already exist)
  [224/343] 第120話: skipped (images already exist)
  [225/343] 第119話: skipped (images already exist)
  [226/343] 第118話: skipped (images already exist)
  [227/343] 第117話: skipped (images already exist)
  [228/343] 第116話: skipped (images already exist)
  [229/343] 第115話: skipped (images already exist)
  [230/343] 第114話: skipped (images already exist)
  [231/343] 第113話: skipped (images already exist)
  [232/343] 第112話: skipped (images already exist)
  [233/343] 第111話: skipped (images already exist)
  [234/343] 第110話: skipped (images already exist)
  [235/343] 第109話: skipped (images already exist)
  [236/343] 第108話: skipped (images already exist)
  [237/343] 第107話: skipped (images already exist)
  [238/343] 第106話: skipped (images already exist)
  [239/343] 第105話: skipped (images already exist)
  [240/343] 第104話: skipped (images already exist)
  [241/343] 第103話: skipped (images already exist)
  [141/338] 第197話: saved 4 images
  [242/343] 第102話: skipped (images already exist)
  [243/343] 第101話: skipped (images already exist)
  [244/343] 第100話: skipped (images already exist)
  [245/343] 第99話: skipped (images already exist)
  [246/343] 第98話: skipped (images already exist)
  [247/343] 第97話: skipped (images already exist)
  [248/343] 第96話: skipped (images already exist)
  [249/343] 第95話: skipped (images already exist)
  [250/343] 第94話: skipped (images already exist)
  [251/343] 第93話: skipped (images already exist)
  [252/343] 第92話: skipped (images already exist)
  [253/343] 第91話: skipped (images already exist)
  [254/343] 第90話: skipped (images already exist)
  [255/343] 第89話: skipped (images already exist)
  [256/343] 第88話: skipped (images already exist)
  [257/343] 第87話: skipped (images already exist)
  [258/343] 第86話: skipped (images already exist)
  [259/343] 第85話: skipped (images already exist)
  [260/343] 第84話: skipped (images already exist)
  [261/343] 第83話: skipped (images already exist)
  [262/343] 第82話: skipped (images already exist)
  [263/343] 第81話: skipped (images already exist)
  [264/343] 第80話: skipped (images already exist)
  [265/343] 第79話: skipped (images already exist)
  [266/343] 第78話: skipped (images already exist)
  [267/343] 第77話: skipped (images already exist)
  [268/343] 第76話: skipped (images already exist)
  [269/343] 第75話: skipped (images already exist)
  [270/343] 第74話: skipped (images already exist)
  [271/343] 第73話: skipped (images already exist)
  [272/343] 第72話: skipped (images already exist)
  [273/343] 第71話: skipped (images already exist)
  [274/343] 第70話: skipped (images already exist)
  [275/343] 第69話: skipped (images already exist)
  [276/343] 第68話: skipped (images already exist)
  [277/343] 第67話: skipped (images already exist)
  [278/343] 第66話: skipped (images already exist)
  [279/343] 第65話: skipped (images already exist)
  [280/343] 第64話: skipped (images already exist)
  [281/343] 第63話: skipped (images already exist)
  [282/343] 第62話: skipped (images already exist)
  [283/343] 第61話: skipped (images already exist)
  [284/343] 第60話: skipped (images already exist)
  [285/343] 第59話: skipped (images already exist)
  [286/343] 第58話: skipped (images already exist)
  [287/343] 第57話: skipped (images already exist)
  [288/343] 第56話: skipped (images already exist)
  [289/343] 第55話: skipped (images already exist)
  [290/343] 第54話: skipped (images already exist)
  [291/343] 第53話: skipped (images already exist)
  [292/343] 第52話: skipped (images already exist)
  [293/343] 第51話: skipped (images already exist)
  [294/343] 第50話: skipped (images already exist)
  [295/343] 第49話: skipped (images already exist)
  [296/343] 第48話: skipped (images already exist)
  [297/343] 第47話: skipped (images already exist)
  [298/343] 第46話: skipped (images already exist)
  [299/343] 第45話: skipped (images already exist)
  [300/343] 第44話: skipped (images already exist)
  [301/343] 第43話: skipped (images already exist)
  [302/343] 第42話: skipped (images already exist)
  [303/343] 第41話: skipped (images already exist)
  [304/343] 第40話: skipped (images already exist)
  [305/343] 第39話: skipped (images already exist)
  [306/343] 第38話: skipped (images already exist)
  [307/343] 第37話: skipped (images already exist)
  [308/343] 第36話: skipped (images already exist)
  [309/343] 第35話: skipped (images already exist)
  [310/343] 第34話: skipped (images already exist)
  [311/343] 第33話: skipped (images already exist)
  [312/343] 第32話: skipped (images already exist)
  [313/343] 第31話: skipped (images already exist)
  [314/343] 第30話: skipped (images already exist)
  [315/343] 第29話: skipped (images already exist)
  [316/343] 第28話: skipped (images already exist)
  [317/343] 第27話: skipped (images already exist)
  [318/343] 第26話: skipped (images already exist)
  [319/343] 第25話: skipped (images already exist)
  [320/343] 第24話: skipped (images already exist)
  [321/343] 第23話: skipped (images already exist)
  [322/343] 第22話: skipped (images already exist)
  [323/343] 第21話: skipped (images already exist)
  [324/343] 第20話: skipped (images already exist)
  [325/343] 第19話: skipped (images already exist)
  [326/343] 第18話: skipped (images already exist)
  [327/343] 第17話: skipped (images already exist)
  [328/343] 第16話: skipped (images already exist)
  [123/335] 第97.2話: saved 14 images
  [329/343] 第15話: skipped (images already exist)
  [330/343] 第14話: skipped (images already exist)
  [331/343] 第13話: skipped (images already exist)
  [332/343] 第12話: skipped (images already exist)
  [333/343] 第11話: skipped (images already exist)
  [334/343] 第10話: skipped (images already exist)
  [335/343] 第9話: skipped (images already exist)
  [336/343] 第8話: skipped (images already exist)
  [337/343] 第7話: skipped (images already exist)
  [338/343] 第6話: skipped (images already exist)
  [339/343] 第5話: skipped (images already exist)
  [340/343] 第4話: skipped (images already exist)
  [341/343] 第3話: skipped (images already exist)
  [342/343] 第2話: skipped (images already exist)
  [343/343] 第1話: skipped (images already exist)
  Incremental title crawl completed: 0 crawled, 343 skipped
  [195/342] 第58.1話: saved 15 images
  [142/338] 第196話: saved 4 images
Crawler finished
  [124/335] 第97.1話: saved 13 images
Mon Jun 15 06:35:57 AM GMT 2026 - crawler finished
  [196/342] 第57.2話: saved 15 images
  [143/338] 第195話: saved 4 images
  [125/335] 第96.3話: saved 16 images
  [197/342] 第57.1話: saved 15 images
  [144/338] 第194話: saved 4 images
  [126/335] 第96.2話: saved 12 images
  [198/342] 第56.2話: saved 15 images
  [145/338] 第193話: saved 4 images
  [127/335] 第96.1話: saved 17 images
  [199/342] 第56.1話: saved 15 images
  [146/338] 第192話: saved 4 images
  [128/335] 第95.3話: saved 17 images
  [200/342] 第55.2話: saved 17 images
  [147/338] 第191話: saved 8 images
  [129/335] 第95.2話: saved 12 images
  [201/342] 第55.1話: saved 14 images
  [148/338] 第190話: saved 4 images
  [130/335] 第95.1話: saved 13 images
  [202/342] 第54.2話: saved 14 images
  [149/338] 第189話: saved 4 images
  [131/335] 第94.3話: saved 11 images
  [150/338] 第188話: saved 4 images
  [203/342] 第54.1話: saved 16 images
  [132/335] 第94.2話: saved 17 images
  [151/338] 第187話: saved 4 images
  [204/342] 第53.2話: saved 15 images
  [133/335] 第94.1話: saved 13 images
  [152/338] 第186話: saved 4 images
  [205/342] 第53.1話: saved 15 images
  [134/335] 第93.3話: saved 13 images
  [153/338] 第185話: saved 4 images
  [206/342] 第52.2話: saved 16 images
  [154/338] 第184話: saved 4 images
  [135/335] 第93.2話: saved 15 images
  [207/342] 第52.1話: saved 16 images
  [155/338] 第183話: saved 9 images
  [136/335] 第93.1話: saved 18 images
  [208/342] 第51.2話: saved 16 images
  [156/338] 第182話: saved 4 images
  [137/335] 第92.3話: saved 13 images
  [209/342] 第51.1話: saved 16 images
  [157/338] 第181話: saved 4 images
  [138/335] 第92.2話: saved 18 images
  [210/342] 第51話: saved 16 images
  [158/338] 第180話: saved 4 images
  [139/335] 第92.1話: saved 13 images
  [211/342] 第50.2話: saved 15 images
  [159/338] 第179話: saved 4 images
  [140/335] 第91.3話: saved 9 images
  [212/342] 第50.1話: saved 15 images
  [160/338] 第178話: saved 8 images
  [141/335] 第91.2話: saved 11 images
  [213/342] 第50話: saved 15 images
  [161/338] 第177話: saved 8 images
  [214/342] 第49.5話: saved 3 images
  [142/335] 第91.1話: saved 11 images
  [162/338] 第176話: saved 4 images
  [143/335] 第90.3話: saved 12 images
  [215/342] 第49.2話: saved 15 images
  [163/338] 第175話: saved 4 images
  [144/335] 第90.2話: saved 16 images
  [216/342] 第49.1話: saved 16 images
  [164/338] 第174話: saved 4 images
  [145/335] 第90.1話: saved 14 images
  [217/342] 第49話: saved 16 images
  [165/338] 第173話: saved 4 images
  [146/335] 第89.3話: saved 16 images
  [218/342] 第48.2話: saved 16 images
  [166/338] 第172話: saved 4 images
  [147/335] 第89.2話: saved 11 images
  [219/342] 第48.1話: saved 13 images
  [167/338] 第171話: saved 8 images
  [148/335] 第89.1話: saved 18 images
  [220/342] 第48話: saved 14 images
  [168/338] 第170話: saved 4 images
  [149/335] 第88.3話: saved 9 images
  [169/338] 第169話: saved 4 images
  [221/342] 第47.2話: saved 15 images
  [150/335] 第88.2話: saved 10 images
  [170/338] 第168話: saved 4 images
  [222/342] 第47.1話: saved 15 images
  [151/335] 第88.1話: saved 14 images
  [171/338] 第167話: saved 4 images
  [223/342] 第46.2話: saved 15 images
  [152/335] 第87.3話: saved 12 images
  [172/338] 第166話: saved 4 images
  [224/342] 第46.1話: saved 14 images
  [173/338] 第165話: saved 4 images
  [153/335] 第87.2話: saved 17 images
  [225/342] 第45.2話: saved 14 images
  [174/338] 第164話: saved 4 images
  [154/335] 第87.1話: saved 14 images
  [226/342] 第45.1話: saved 16 images
  [175/338] 第163話: saved 4 images
  [155/335] 第86.3話: saved 14 images
  [227/342] 第44.2話: saved 17 images
  [176/338] 第162話: saved 4 images
  [228/342] 第44.1話: saved 17 images
  [156/335] 第86.2話: saved 12 images
  [177/338] 第161話: saved 4 images
  [157/335] 第86.1話: saved 14 images
  [229/342] 第43.2話: saved 15 images
  [178/338] 第160話: saved 4 images
  [158/335] 第85.3話: saved 15 images
  [230/342] 第43.1話: saved 15 images
  [179/338] 第159話: saved 4 images
  [159/335] 第85.2話: saved 13 images
  [231/342] 第42.2話: saved 15 images
  [180/338] 第158話: saved 4 images
  [160/335] 第85.1話: saved 16 images
  [232/342] 第42.1話: saved 16 images
  [181/338] 第157話: saved 8 images
  [161/335] 第84.2話: saved 24 images
  [182/338] 第156話: saved 8 images
  [233/342] 第41.2話: saved 16 images
  [162/335] 第84.1話: saved 19 images
  [183/338] 第155話: saved 4 images
  [234/342] 第41.1話: saved 16 images
  [163/335] 第83.2話: saved 16 images
  [184/338] 第154話: saved 4 images
  [235/342] 第40.2話: saved 17 images
  [164/335] 第83.1話: saved 19 images
  [185/338] 第153話: saved 4 images
  [236/342] 第40.1話: saved 15 images
  [186/338] 第152話: saved 4 images
  [165/335] 第82.2話: saved 16 images
  [237/342] 第40話: saved 15 images
  [187/338] 第151話: saved 4 images
  [166/335] 第82.1話: saved 15 images
  [238/342] 第39.2話: saved 15 images
  [188/338] 第150話: saved 4 images
  [167/335] 第81.2話: saved 17 images
  [239/342] 第39.1話: saved 13 images
  [189/338] 第149話: saved 4 images
  [168/335] 第81.1話: saved 19 images
  [240/342] 第38.2話: saved 22 images
  [190/338] 第148話: saved 4 images
  [169/335] 第80.2話: saved 18 images
  [241/342] 第38.1話: saved 17 images
  [191/338] 第147話: saved 4 images
  [170/335] 第80.1話: saved 16 images
  [242/342] 第38話: saved 11 images
  [192/338] 第146話: saved 4 images
  [171/335] 第79.2話: saved 19 images
  [243/342] 第37.2話: saved 9 images
  [193/338] 第145話: saved 4 images
  [172/335] 第79.1話: saved 15 images
  [244/342] 第37.1話: saved 9 images
  [194/338] 第144話: saved 4 images
  [173/335] 第78.2話: saved 18 images
  [195/338] 第143話: saved 4 images
  [174/335] 第78.1話: saved 15 images
  [196/338] 第142話: saved 4 images
  [245/342] 第36.2話: saved 18 images
  [175/335] 第77.2話: saved 17 images
  [197/338] 第141話: saved 4 images
  [246/342] 第36.1話: saved 16 images
  [176/335] 第77.1話: saved 15 images
  [198/338] 第140話: saved 4 images
  [247/342] 第35.2話: saved 22 images
  [177/335] 第76.2話: saved 17 images
  [199/338] 第139話: saved 4 images
  [248/342] 第35.1話: saved 17 images
  [178/335] 第76.1話: saved 16 images
  [200/338] 第138話: saved 4 images
  [249/342] 第34.2話: saved 18 images
  [201/338] 第137話: saved 4 images
  [179/335] 第75.2話: saved 16 images
  [250/342] 第34.1話: saved 16 images
  [202/338] 第136話: saved 4 images
  [180/335] 第75.1話: saved 18 images
  [251/342] 第33.2話: saved 14 images
  [203/338] 第135話: saved 4 images
  [181/335] 第74.2話: saved 15 images
  [252/342] 第33.1話: saved 16 images
  [204/338] 第134話: saved 4 images
  [182/335] 第74.1話: saved 17 images
  [253/342] 第32.2話: saved 15 images
  [205/338] 第133話: saved 4 images
  [183/335] 第73.2話: saved 16 images
  [254/342] 第32.1話: saved 17 images
  [206/338] 第132話: saved 4 images
  [184/335] 第73.1話: saved 16 images
  [255/342] 第31.2話: saved 13 images
  [207/338] 第131話: saved 4 images
  [185/335] 第72.2話: saved 17 images
  [256/342] 第31.1話: saved 13 images
  [208/338] 第130話: saved 4 images
  [186/335] 第72.1話: saved 15 images
  [257/342] 第30.2話: saved 13 images
  [209/338] 第129話: saved 4 images
  [187/335] 第71.2話: saved 17 images
  [258/342] 第30.1話: saved 16 images
  [210/338] 第128話: saved 4 images
  [188/335] 第71.1話: saved 18 images
  [259/342] 第29.3話: saved 10 images
  [211/338] 第127話: saved 4 images
  [189/335] 第70.2話: saved 17 images
  [260/342] 第29.2話: saved 11 images
  [212/338] 第126話: saved 4 images
  [190/335] 第70.1話: saved 17 images
  [261/342] 第29.1話: saved 11 images
  [213/338] 第125話: saved 4 images
  [191/335] 第69話: saved 32 images
  [262/342] 第28.3話: saved 9 images
  [214/338] 第124話: saved 4 images
  [192/335] 第68.2話: saved 18 images
  [215/338] 第123話: saved 4 images
  [263/342] 第28.2話: saved 9 images
  [193/335] 第68.1話: saved 19 images
  [216/338] 第122話: saved 5 images
  [264/342] 第28.1話: saved 11 images
  [194/335] 第67.2話: saved 17 images
  [217/338] 第121話: saved 4 images
  [265/342] 第27話: saved 15 images
  [195/335] 第67.1話: saved 16 images
  [218/338] 第120話: saved 4 images
  [266/342] 第26.2話: saved 20 images
  [196/335] 第66.2話: saved 18 images
  [219/338] 第119話: saved 4 images
  [267/342] 第26話: saved 20 images
  [197/335] 第66.1話: saved 16 images
  [220/338] 第118話: saved 4 images
  [268/342] 第25.2話: saved 15 images
  [221/338] 第117話: saved 4 images
  [198/335] 第65.2話: saved 19 images
  [269/342] 第25話: saved 17 images
  [222/338] 第116話: saved 4 images
  [199/335] 第65.1話: saved 15 images
  [270/342] 第24.2話: saved 14 images
  [223/338] 第115話: saved 4 images
  [200/335] 第64.2話: saved 13 images
  [271/342] 第24.1話: saved 15 images
  [224/338] 第114話: saved 4 images
  [201/335] 第64.1話: saved 16 images
  [272/342] 第23.2話: saved 16 images
  [225/338] 第113話: saved 4 images
  [202/335] 第63.2話: saved 24 images
  [273/342] 第23話: saved 15 images
  [226/338] 第112話: saved 4 images
  [203/335] 第63.1話: saved 11 images
  [274/342] 第22話: saved 17 images
  [227/338] 第111話: saved 4 images
  [204/335] 第62.2話: saved 15 images
  [275/342] 第21.2話: saved 17 images
  [228/338] 第110話: saved 4 images
  [205/335] 第62.1話: saved 19 images
  [276/342] 第21.1話: saved 19 images
  [229/338] 第109話: saved 4 images
  [206/335] 第61.2話: saved 18 images
  [277/342] 第20.2話: saved 15 images
  [230/338] 第108話: saved 4 images
  [207/335] 第61.1話: saved 16 images
  [278/342] 第20.1話: saved 15 images
  [231/338] 第107話: saved 4 images
  [208/335] 第60.2話: saved 16 images
  [279/342] 第20話: saved 15 images
  [232/338] 第106話: saved 4 images
  [209/335] 第60.1話: saved 16 images
  [280/342] 第19.3話: saved 12 images
  [233/338] 第105話: saved 4 images
  [281/342] 第19.2話: saved 13 images
  [210/335] 第59.2話: saved 20 images
  [234/338] 第104話: saved 4 images
  [282/342] 第19.1話: saved 13 images
  [235/338] 第103話: saved 4 images
  [211/335] 第59.1話: saved 18 images
  [236/338] 第102話: saved 4 images
  [212/335] 第58.2話: saved 14 images
  [283/342] 第18.3話: saved 9 images
  [237/338] 第101話: saved 4 images
  [213/335] 第58.1話: saved 18 images
  [284/342] 第18.2話: saved 10 images
  [238/338] 第100話: saved 4 images
  [214/335] 第57.2話: saved 18 images
  [285/342] 第18.1話: saved 11 images
  [239/338] 第99話: saved 4 images
  [215/335] 第57.1話: saved 18 images
  [286/342] 第17話: saved 17 images
  [240/338] 第98話: saved 4 images
  [216/335] 第56.2話: saved 13 images
  [287/342] 第16.2話: saved 16 images
  [241/338] 第97話: saved 4 images
  [217/335] 第56.1話: saved 20 images
  [288/342] 第16.1話: saved 16 images
  [242/338] 第96話: saved 4 images
  [218/335] 第55.2話: saved 16 images
  [289/342] 第15.3話: saved 14 images
  [243/338] 第95話: saved 4 images
  [290/342] 第15.2話: saved 11 images
  [219/335] 第55.1話: saved 15 images
  [244/338] 第94話: saved 4 images
  [291/342] 第15.1話: saved 13 images
  [220/335] 第54.2話: saved 17 images
  [245/338] 第93話: saved 8 images
  [292/342] 第14.6話: saved 11 images
  [221/335] 第54.1話: saved 15 images
  [246/338] 第92話: saved 4 images
  [293/342] 第14.5話: saved 10 images
  [222/335] 第53.2話: saved 16 images
  [247/338] 第91話: saved 5 images
  [294/342] 第14.4話: saved 10 images
  [223/335] 第53.1話: saved 17 images
  [248/338] 第90話: saved 4 images
  [295/342] 第14.3話: saved 10 images
  [224/335] 第52.2話: saved 13 images
  [249/338] 第89話: saved 4 images
  [296/342] 第14.2話: saved 13 images
  [250/338] 第88話: saved 4 images
  [225/335] 第52.1話: saved 16 images
  [297/342] 第14.1話: saved 10 images
  [251/338] 第87話: saved 4 images
  [226/335] 第51.2話: saved 20 images
  [298/342] 第13.4話: saved 8 images
  [252/338] 第86話: saved 4 images
  [227/335] 第51.1話: saved 17 images
  [299/342] 第13.3話: saved 32 images
  [253/338] 第85話: saved 4 images
  [228/335] 第50.2話: saved 17 images
  [300/342] 第13.2話: saved 8 images
  [254/338] 第84話: saved 4 images
  [229/335] 第50.1話: saved 17 images
  [301/342] 第13.1話: saved 8 images
  [255/338] 第83話: saved 4 images
  [230/335] 第50話: saved 35 images
  [302/342] 第12.4話: saved 10 images
  [256/338] 第82話: saved 4 images
  [231/335] 第49.2話: saved 16 images
  [257/338] 第81話: saved 4 images
  [303/342] 第12.3話: saved 10 images
  [232/335] 第49.1話: saved 16 images
  [258/338] 第80話: saved 4 images
  [304/342] 第12.2話: saved 9 images
  [233/335] 第49話: saved 32 images
  [259/338] 第79話: saved 4 images
  [305/342] 第12.1話: saved 11 images
  [234/335] 第48.2話: saved 19 images
  [260/338] 第78話: saved 4 images
  [306/342] 第11.4話: saved 9 images
  [235/335] 第48.1話: saved 17 images
  [261/338] 第77話: saved 4 images
  [307/342] 第11.3話: saved 9 images
  [236/335] 第48話: saved 36 images
  [262/338] 第76話: saved 4 images
  [308/342] 第11.2話: saved 10 images
  [237/335] 第47.2話: saved 19 images
  [263/338] 第75話: saved 4 images
  [238/335] 第47.1話: saved 17 images
  [309/342] 第11.1話: saved 10 images
  [264/338] 第74話: saved 4 images
  [239/335] 第47話: saved 36 images
  [310/342] 第10.4話: saved 10 images
  [265/338] 第73話: saved 4 images
  [240/335] 第46.2話: saved 14 images
  [311/342] 第10.3話: saved 11 images
  [266/338] 第72話: saved 4 images
  [241/335] 第46.1話: saved 18 images
  [312/342] 第10.2話: saved 9 images
  [267/338] 第71話: saved 4 images
  [242/335] 第46話: saved 32 images
  [313/342] 第10.1話: saved 12 images
  [268/338] 第70話: saved 4 images
  [243/335] 第45.2話: saved 19 images
  [314/342] 第9.5話: saved 13 images
  [269/338] 第69話: saved 4 images
  [244/335] 第45.1話: saved 14 images
  [315/342] 第9.4話: saved 8 images
  [270/338] 第68話: saved 4 images
  [245/335] 第45話: saved 33 images
  [316/342] 第9.3話: saved 9 images
  [271/338] 第67話: saved 4 images
  [246/335] 第44.2話: saved 19 images
  [272/338] 第66話: saved 3 images
  [317/342] 第9.2話: saved 20 images
  [273/338] 第65話: saved 4 images
  [247/335] 第44.1話: saved 17 images
  [318/342] 第9.1話: saved 10 images
  [274/338] 第64話: saved 4 images
  [319/342] 第8.4話: saved 10 images
  [248/335] 第44話: saved 35 images
  [275/338] 第63話: saved 4 images
  [320/342] 第8.3話: saved 10 images
  [249/335] 第43.2話: saved 16 images
  [276/338] 第62話: saved 4 images
  [321/342] 第8.2話: saved 10 images
  [250/335] 第43.1話: saved 23 images
  [277/338] 第61話: saved 4 images
  [322/342] 第8.1話: saved 32 images
  [251/335] 第43話: saved 39 images
  [278/338] 第60話: saved 4 images
  [323/342] 第7.4話: saved 9 images
  [252/335] 第42.2話: saved 17 images
  [279/338] 第59話: saved 4 images
  [324/342] 第7.3話: saved 9 images
  [253/335] 第42.1話: saved 19 images
  [280/338] 第58話: saved 5 images
  [325/342] 第7.2話: saved 9 images
  [254/335] 第42話: saved 37 images
  [281/338] 第57話: saved 4 images
  [326/342] 第7.1話: saved 8 images
  [255/335] 第41.2話: saved 17 images
  [282/338] 第56話: saved 4 images
  [327/342] 第6.2話: saved 10 images
  [256/335] 第41.1話: saved 17 images
  [283/338] 第55話: saved 4 images
  [328/342] 第6.1話: saved 10 images
  [284/338] 第54話: saved 4 images
  [257/335] 第41話: saved 34 images
  [329/342] 第5.2話: saved 9 images
  [285/338] 第53話: saved 4 images
  [258/335] 第40.2話: saved 14 images
  [330/342] 第5.1話: saved 9 images
  [286/338] 第52話: saved 4 images
  [259/335] 第40.1話: saved 17 images
  [331/342] 第4.4話: saved 7 images
  [287/338] 第51話: saved 4 images
  [260/335] 第40話: saved 32 images
  [332/342] 第4.3話: saved 10 images
  [288/338] 第50話: saved 4 images
  [261/335] 第39.2話: saved 18 images
  [333/342] 第4.2話: saved 10 images
  [289/338] 第49話: saved 4 images
  [262/335] 第39.1話: saved 18 images
  [334/342] 第4.1話: saved 8 images
  [290/338] 第48話: saved 4 images
  [263/335] 第39話: saved 36 images
  [335/342] 第3.4話: saved 9 images
  [291/338] 第47話: saved 4 images
  [264/335] 第38話: saved 31 images
  [336/342] 第3.3話: saved 12 images
  [292/338] 第46話: saved 4 images
  [265/335] 第37話: saved 30 images
  [337/342] 第3.2話: saved 11 images
  [293/338] 第45話: saved 4 images
  [266/335] 第36話: saved 30 images
  [338/342] 第3.1話: saved 11 images
  [294/338] 第44話: saved 4 images
  [267/335] 第35話: saved 36 images
  [339/342] 第3話: saved 12 images
  [295/338] 第43話: saved 1 images
  [268/335] 第34話: saved 35 images
  [296/338] 第42話: saved 4 images
  [340/342] 第2.2話: saved 18 images
  [269/335] 第33話: saved 35 images
  [297/338] 第41話: saved 4 images
  [341/342] 第2.1話: saved 18 images
  [298/338] 第40話: saved 4 images
  [270/335] 第32話: saved 36 images
  [342/342] 第1話: saved 39 images
  [299/338] 第39話: saved 4 images
  Incremental title crawl completed: 342 crawled, 0 skipped
  [271/335] 第31話: saved 38 images
Crawler finished
  [300/338] 第38話: saved 4 images
Mon Jun 15 06:36:46 AM GMT 2026 - crawler finished
  [272/335] 第30話: saved 34 images
  [301/338] 第37話: saved 4 images
  [273/335] 第29話: saved 32 images
  [302/338] 第36話: saved 4 images
  [274/335] 第28話: saved 31 images
  [303/338] 第35話: saved 5 images
  [275/335] 第27話: saved 37 images
  [304/338] 第34話: saved 4 images
  [276/335] 第26話: saved 36 images
  [305/338] 第33話: saved 4 images
  [306/338] 第32話: saved 4 images
  [277/335] 第25話: saved 33 images
  [307/338] 第31話: saved 4 images
  [278/335] 第24話: saved 34 images
  [308/338] 第30話: saved 4 images
  [279/335] 第23話: saved 38 images
  [309/338] 第29話: saved 4 images
  [280/335] 第22話: saved 38 images
  [310/338] 第28話: saved 4 images
  [281/335] 第21話: saved 37 images
  [311/338] 第27.5話: saved 4 images
  [282/335] 第20話: saved 36 images
  [312/338] 第27話: saved 4 images
  [283/335] 第19話: saved 36 images
  [313/338] 第26話: saved 4 images
  [284/335] 第18話: saved 36 images
  [314/338] 第25話: saved 4 images
  [285/335] 第17.2話: saved 19 images
  [315/338] 第24話: saved 4 images
  [316/338] 第23話: saved 4 images
  [286/335] 第17.1話: saved 17 images
  [317/338] 第22話: saved 4 images
  [287/335] 第17話: saved 36 images
  [318/338] 第21話: saved 4 images
  [288/335] 第16.2話: saved 16 images
  [319/338] 第20話: saved 4 images
  [289/335] 第16.1話: saved 20 images
  [320/338] 第19話: saved 4 images
  [290/335] 第16話: saved 36 images
  [321/338] 第18話: saved 4 images
  [291/335] 第15.2話: saved 17 images
  [322/338] 第17話: saved 4 images
  [292/335] 第15.1話: saved 17 images
  [323/338] 第16話: saved 5 images
  [293/335] 第15話: saved 34 images
  [324/338] 第15話: saved 4 images
  [294/335] 第14.2話: saved 18 images
  [325/338] 第14話: saved 4 images
  [295/335] 第14.1話: saved 19 images
  [326/338] 第13話: saved 4 images
  [327/338] 第12話: saved 4 images
  [296/335] 第14話: saved 37 images
  [328/338] 第11話: saved 4 images
  [297/335] 第13.2話: saved 18 images
  [329/338] 第10話: saved 5 images
  [298/335] 第13.1話: saved 19 images
  [330/338] 第9話: saved 4 images
  [299/335] 第13話: saved 37 images
  [331/338] 第8話: saved 4 images
  [300/335] 第12.2話: saved 18 images
  [332/338] 第7話: saved 4 images
  [301/335] 第12.1話: saved 18 images
  [333/338] 第6話: saved 4 images
  [302/335] 第12話: saved 36 images
  [334/338] 第5話: saved 4 images
  [335/338] 第4話: saved 4 images
  [303/335] 第11.2話: saved 23 images
  [336/338] 第3話: saved 4 images
  [304/335] 第11.1話: saved 15 images
  [337/338] 第2話: saved 4 images
  [305/335] 第11話: saved 38 images
  [338/338] 第1話: saved 6 images
  [306/335] 第10.2話: saved 20 images
  Incremental title crawl completed: 338 crawled, 0 skipped
  [307/335] 第10.1話: saved 16 images
Crawler finished
Mon Jun 15 06:36:58 AM GMT 2026 - crawler finished
  [308/335] 第10話: saved 36 images
  [309/335] 第9.2話: saved 18 images
  [310/335] 第9.1話: saved 15 images
  [311/335] 第9話: saved 33 images
  [312/335] 第8.2話: saved 17 images
  [313/335] 第8.1話: saved 19 images
  [314/335] 第8話: saved 38 images
  [315/335] 第7.2話: saved 15 images
  [316/335] 第7.1話: saved 16 images
  [317/335] 第7話: saved 37 images
  [318/335] 第6.2話: saved 19 images
  [319/335] 第6.1話: saved 16 images
  [320/335] 第6話: saved 35 images
  [321/335] 第5.2話: saved 20 images
  [322/335] 第5.1話: saved 15 images
  [323/335] 第5話: saved 25 images
  [324/335] 第4.2話: saved 14 images
  [325/335] 第4.1話: saved 18 images
  [326/335] 第4話: saved 32 images
  [327/335] 第3.2話: saved 12 images
  [328/335] 第3.1話: saved 23 images
  [329/335] 第3話: saved 35 images
  [330/335] 第2.2話: saved 17 images
  [331/335] 第2.1話: saved 28 images
  [332/335] 第2話: saved 45 images
  [333/335] 第1.2話: saved 24 images
  [334/335] 第1.1話: saved 42 images
  [335/335] 第1話: saved 66 images
  Incremental title crawl completed: 335 crawled, 0 skipped
Crawler finished
Mon Jun 15 06:37:08 AM GMT 2026 - crawler finished
Mon Jun 15 06:38:26 GMT 2026 - crawler started
Manga details to crawl: 1
[1/1] ウチのJSは魔を断つ剣なり!: 1 chapters
  [1/1] 第1話: skipped (images already exist)
  Incremental title crawl completed: 0 crawled, 1 skipped
Crawler finished
Mon Jun 15 06:38:27 GMT 2026 - crawler finished
Mon Jun 15 06:39:14 AM GMT 2026 - crawler started
Manga details to crawl: 1
[1/1] ウチのJSは魔を断つ剣なり!: 1 chapters
  [1/1] 第1話: skipped (images already exist)
  Incremental title crawl completed: 0 crawled, 1 skipped
Crawler finished
Mon Jun 15 06:39:15 AM GMT 2026 - crawler finished
Mon Jun 15 06:39:42 AM GMT 2026 - crawler started
Manga details to crawl: 1
[1/1] 彼女、お借りします: 426 chapters
  [1/426] 第428話: skipped (images already exist)
  [2/426] 第427話: skipped (images already exist)
  [3/426] 第426話: skipped (images already exist)
  [4/426] 第425話: skipped (images already exist)
  [5/426] 第424話: skipped (images already exist)
  [6/426] 第423話: skipped (images already exist)
  [7/426] 第422話: skipped (images already exist)
  [8/426] 第421話: skipped (images already exist)
  [9/426] 第420話: skipped (images already exist)
  [10/426] 第419話: skipped (images already exist)
  [11/426] 第418話: skipped (images already exist)
  [12/426] 第417話: skipped (images already exist)
  [13/426] 第416話: skipped (images already exist)
  [14/426] 第415話: skipped (images already exist)
  [15/426] 第414話: skipped (images already exist)
  [16/426] 第413話: skipped (images already exist)
  [17/426] 第412話: skipped (images already exist)
  [18/426] 第411話: skipped (images already exist)
  [19/426] 第410話: skipped (images already exist)
  [20/426] 第409話: skipped (images already exist)
  [21/426] 第408話: skipped (images already exist)
  [22/426] 第407話: skipped (images already exist)
  [23/426] 第406話: skipped (images already exist)
  [24/426] 第405話: skipped (images already exist)
  [25/426] 第404話: skipped (images already exist)
  [26/426] 第403話: skipped (images already exist)
  [27/426] 第402話: skipped (images already exist)
  [28/426] 第401話: skipped (images already exist)
  [29/426] 第400話: skipped (images already exist)
  [30/426] 第399話: skipped (images already exist)
  [31/426] 第398話: skipped (images already exist)
  [32/426] 第397話: skipped (images already exist)
  [33/426] 第396話: skipped (images already exist)
  [34/426] 第395話: skipped (images already exist)
  [35/426] 第394話: skipped (images already exist)
  [36/426] 第393話: skipped (images already exist)
  [37/426] 第392話: skipped (images already exist)
  [38/426] 第391話: skipped (images already exist)
  [39/426] 第390話: skipped (images already exist)
  [40/426] 第389話: skipped (images already exist)
  [41/426] 第388話: skipped (images already exist)
  [42/426] 第387話: skipped (images already exist)
  [43/426] 第386話: skipped (images already exist)
  [44/426] 第385話: skipped (images already exist)
  [45/426] 第384話: skipped (images already exist)
  [46/426] 第383話: skipped (images already exist)
  [47/426] 第382話: skipped (images already exist)
  [48/426] 第381話: skipped (images already exist)
  [49/426] 第380話: skipped (images already exist)
  [50/426] 第379話: skipped (images already exist)
  [51/426] 第378話: skipped (images already exist)
  [52/426] 第377話: skipped (images already exist)
  [53/426] 第376話: skipped (images already exist)
  [54/426] 第375話: skipped (images already exist)
  [55/426] 第374話: skipped (images already exist)
  [56/426] 第373話: skipped (images already exist)
  [57/426] 第372話: skipped (images already exist)
  [58/426] 第371話: skipped (images already exist)
  [59/426] 第370話: skipped (images already exist)
  [60/426] 第369話: skipped (images already exist)
  [61/426] 第368話: skipped (images already exist)
  [62/426] 第367話: skipped (images already exist)
  [63/426] 第366話: skipped (images already exist)
  [64/426] 第365話: skipped (images already exist)
  [65/426] 第364話: skipped (images already exist)
  [66/426] 第363話: skipped (images already exist)
  [67/426] 第362話: skipped (images already exist)
  [68/426] 第361話: skipped (images already exist)
  [69/426] 第360話: skipped (images already exist)
  [70/426] 第359話: skipped (images already exist)
  [71/426] 第358話: skipped (images already exist)
  [72/426] 第357話: skipped (images already exist)
  [73/426] 第356話: skipped (images already exist)
  [74/426] 第355話: skipped (images already exist)
  [75/426] 第354話: skipped (images already exist)
  [76/426] 第353話: skipped (images already exist)
  [77/426] 第352話: skipped (images already exist)
  [78/426] 第351話: skipped (images already exist)
  [79/426] 第350話: skipped (images already exist)
  [80/426] 第349話: skipped (images already exist)
  [81/426] 第348話: skipped (images already exist)
  [82/426] 第347話: skipped (images already exist)
  [83/426] 第346話: skipped (images already exist)
  [84/426] 第345話: skipped (images already exist)
  [85/426] 第344話: skipped (images already exist)
  [86/426] 第343話: skipped (images already exist)
  [87/426] 第342話: skipped (images already exist)
  [88/426] 第341話: skipped (images already exist)
  [89/426] 第340話: skipped (images already exist)
  [90/426] 第339話: skipped (images already exist)
  [91/426] 第338話: skipped (images already exist)
  [92/426] 第337話: skipped (images already exist)
  [93/426] 第336話: skipped (images already exist)
  [94/426] 第335話: skipped (images already exist)
  [95/426] 第334話: skipped (images already exist)
  [96/426] 第333話: skipped (images already exist)
  [97/426] 第332話: skipped (images already exist)
  [98/426] 第331話: skipped (images already exist)
  [99/426] 第330話: skipped (images already exist)
  [100/426] 第329話: skipped (images already exist)
  [101/426] 第328話: skipped (images already exist)
  [102/426] 第327話: skipped (images already exist)
  [103/426] 第326話: skipped (images already exist)
  [104/426] 第325話: skipped (images already exist)
  [105/426] 第324話: skipped (images already exist)
  [106/426] 第323話: skipped (images already exist)
  [107/426] 第322話: skipped (images already exist)
  [108/426] 第321話: skipped (images already exist)
  [109/426] 第317話: skipped (images already exist)
  [110/426] 第316話: skipped (images already exist)
  [111/426] 第315話: skipped (images already exist)
  [112/426] 第314話: skipped (images already exist)
  [113/426] 第313話: skipped (images already exist)
  [114/426] 第312話: skipped (images already exist)
  [115/426] 第311話: skipped (images already exist)
  [116/426] 第310話: skipped (images already exist)
  [117/426] 第309話: skipped (images already exist)
  [118/426] 第308話: skipped (images already exist)
  [119/426] 第307話: skipped (images already exist)
  [120/426] 第306話: skipped (images already exist)
  [121/426] 第305話: skipped (images already exist)
  [122/426] 第304話: skipped (images already exist)
  [123/426] 第303話: skipped (images already exist)
  [124/426] 第302話: skipped (images already exist)
  [125/426] 第301話: skipped (images already exist)
  [126/426] 第300話: skipped (images already exist)
  [127/426] 第299話: skipped (images already exist)
  [128/426] 第298話: skipped (images already exist)
  [129/426] 第297話: skipped (images already exist)
  [130/426] 第296話: skipped (images already exist)
  [131/426] 第295話: skipped (images already exist)
  [132/426] 第294話: skipped (images already exist)
  [133/426] 第293話: skipped (images already exist)
  [134/426] 第292話: skipped (images already exist)
  [135/426] 第291話: skipped (images already exist)
  [136/426] 第290話: skipped (images already exist)
  [137/426] 第289話: skipped (images already exist)
  [138/426] 第288話: skipped (images already exist)
  [139/426] 第287話: skipped (images already exist)
  [140/426] 第286話: skipped (images already exist)
  [141/426] 第285話: skipped (images already exist)
  [142/426] 第284話: skipped (images already exist)
  [143/426] 第283話: skipped (images already exist)
  [144/426] 第282話: skipped (images already exist)
  [145/426] 第281話: skipped (images already exist)
  [146/426] 第280話: skipped (images already exist)
  [147/426] 第279話: skipped (images already exist)
  [148/426] 第278話: skipped (images already exist)
  [149/426] 第277話: skipped (images already exist)
  [150/426] 第276話: skipped (images already exist)
  [151/426] 第275話: skipped (images already exist)
  [152/426] 第274話: skipped (images already exist)
  [153/426] 第273話: skipped (images already exist)
  [154/426] 第272話: skipped (images already exist)
  [155/426] 第271話: skipped (images already exist)
  [156/426] 第270話: skipped (images already exist)
  [157/426] 第269話: skipped (images already exist)
  [158/426] 第268話: skipped (images already exist)
  [159/426] 第267話: skipped (images already exist)
  [160/426] 第266話: skipped (images already exist)
  [161/426] 第265話: skipped (images already exist)
  [162/426] 第264話: skipped (images already exist)
  [163/426] 第263話: skipped (images already exist)
  [164/426] 第262話: skipped (images already exist)
  [165/426] 第261話: skipped (images already exist)
  [166/426] 第260話: skipped (images already exist)
  [167/426] 第259話: skipped (images already exist)
  [168/426] 第258話: skipped (images already exist)
  [169/426] 第257話: skipped (images already exist)
  [170/426] 第256話: skipped (images already exist)
  [171/426] 第255話: skipped (images already exist)
  [172/426] 第254話: skipped (images already exist)
  [173/426] 第253話: skipped (images already exist)
  [174/426] 第252話: skipped (images already exist)
  [175/426] 第251話: skipped (images already exist)
  [176/426] 第250話: skipped (images already exist)
  [177/426] 第249話: skipped (images already exist)
  [178/426] 第248話: skipped (images already exist)
  [179/426] 第247話: skipped (images already exist)
  [180/426] 第246話: skipped (images already exist)
  [181/426] 第245話: skipped (images already exist)
  [182/426] 第244話: skipped (images already exist)
  [183/426] 第243話: skipped (images already exist)
  [184/426] 第242話: skipped (images already exist)
  [185/426] 第241話: skipped (images already exist)
  [186/426] 第240話: skipped (images already exist)
  [187/426] 第239話: skipped (images already exist)
  [188/426] 第238話: skipped (images already exist)
  [189/426] 第237話: skipped (images already exist)
  [190/426] 第236話: skipped (images already exist)
  [191/426] 第235話: skipped (images already exist)
  [192/426] 第234話: skipped (images already exist)
  [193/426] 第233話: skipped (images already exist)
  [194/426] 第232話: skipped (images already exist)
  [195/426] 第231話: skipped (images already exist)
  [196/426] 第230話: skipped (images already exist)
  [197/426] 第229話: skipped (images already exist)
  [198/426] 第228話: skipped (images already exist)
  [199/426] 第227話: skipped (images already exist)
  [200/426] 第226話: skipped (images already exist)
  [201/426] 第225話: skipped (images already exist)
  [202/426] 第224話: skipped (images already exist)
  [203/426] 第223話: skipped (images already exist)
  [204/426] 第222話: skipped (images already exist)
  [205/426] 第221話: skipped (images already exist)
  [206/426] 第220話: skipped (images already exist)
  [207/426] 第219話: skipped (images already exist)
  [208/426] 第218話: skipped (images already exist)
  [209/426] 第217話: skipped (images already exist)
  [210/426] 第216話: skipped (images already exist)
  [211/426] 第215話: skipped (images already exist)
  [212/426] 第214話: skipped (images already exist)
  [213/426] 第213話: skipped (images already exist)
  [214/426] 第212話: skipped (images already exist)
  [215/426] 第211話: skipped (images already exist)
  [216/426] 第210話: skipped (images already exist)
  [217/426] 第209話: skipped (images already exist)
  [218/426] 第208話: skipped (images already exist)
  [219/426] 第207話: skipped (images already exist)
  [220/426] 第206話: skipped (images already exist)
  [221/426] 第205話: skipped (images already exist)
  [222/426] 第204話: skipped (images already exist)
  [223/426] 第203話: skipped (images already exist)
  [224/426] 第202話: skipped (images already exist)
  [225/426] 第201話: skipped (images already exist)
  [226/426] 第200話: skipped (images already exist)
  [227/426] 第199話: skipped (images already exist)
  [228/426] 第198話: skipped (images already exist)
  [229/426] 第197話: skipped (images already exist)
  [230/426] 第196話: skipped (images already exist)
  [231/426] 第195話: skipped (images already exist)
  [232/426] 第194話: skipped (images already exist)
  [233/426] 第193話: skipped (images already exist)
  [234/426] 第192話: skipped (images already exist)
  [235/426] 第191話: skipped (images already exist)
  [236/426] 第190話: skipped (images already exist)
  [237/426] 第189話: skipped (images already exist)
  [238/426] 第188話: skipped (images already exist)
  [239/426] 第187話: skipped (images already exist)
  [240/426] 第186話: skipped (images already exist)
  [241/426] 第185話: skipped (images already exist)
  [242/426] 第184話: skipped (images already exist)
  [243/426] 第183話: skipped (images already exist)
  [244/426] 第182話: skipped (images already exist)
  [245/426] 第181話: skipped (images already exist)
  [246/426] 第180話: skipped (images already exist)
  [247/426] 第179話: skipped (images already exist)
  [248/426] 第178話: skipped (images already exist)
  [249/426] 第177話: skipped (images already exist)
  [250/426] 第176話: skipped (images already exist)
  [251/426] 第175話: skipped (images already exist)
  [252/426] 第174話: skipped (images already exist)
  [253/426] 第173話: skipped (images already exist)
  [254/426] 第172話: skipped (images already exist)
  [255/426] 第171話: skipped (images already exist)
  [256/426] 第170話: skipped (images already exist)
  [257/426] 第169話: skipped (images already exist)
  [258/426] 第168話: skipped (images already exist)
  [259/426] 第167話: skipped (images already exist)
  [260/426] 第166話: skipped (images already exist)
  [261/426] 第165話: skipped (images already exist)
  [262/426] 第164話: skipped (images already exist)
  [263/426] 第163話: skipped (images already exist)
  [264/426] 第162話: skipped (images already exist)
  [265/426] 第161話: skipped (images already exist)
  [266/426] 第160話: skipped (images already exist)
  [267/426] 第159話: skipped (images already exist)
  [268/426] 第158話: skipped (images already exist)
  [269/426] 第157話: skipped (images already exist)
  [270/426] 第156話: skipped (images already exist)
  [271/426] 第155話: skipped (images already exist)
  [272/426] 第154話: skipped (images already exist)
  [273/426] 第153話: skipped (images already exist)
  [274/426] 第152.5話: skipped (images already exist)
  [275/426] 第152話: skipped (images already exist)
  [276/426] 第151話: skipped (images already exist)
  [277/426] 第150話: skipped (images already exist)
  [278/426] 第149話: skipped (images already exist)
  [279/426] 第148話: skipped (images already exist)
  [280/426] 第147話: skipped (images already exist)
  [281/426] 第146話: skipped (images already exist)
  [282/426] 第145話: skipped (images already exist)
  [283/426] 第144話: skipped (images already exist)
  [284/426] 第143話: skipped (images already exist)
  [285/426] 第142話: skipped (images already exist)
  [286/426] 第141話: skipped (images already exist)
  [287/426] 第140話: skipped (images already exist)
  [288/426] 第139話: skipped (images already exist)
  [289/426] 第138話: skipped (images already exist)
  [290/426] 第137話: skipped (images already exist)
  [291/426] 第136話: skipped (images already exist)
  [292/426] 第135話: skipped (images already exist)
  [293/426] 第134話: skipped (images already exist)
  [294/426] 第133話: skipped (images already exist)
  [295/426] 第132話: skipped (images already exist)
  [296/426] 第131話: skipped (images already exist)
  [297/426] 第130話: skipped (images already exist)
  [298/426] 第129話: skipped (images already exist)
  [299/426] 第128話: skipped (images already exist)
  [300/426] 第127話: skipped (images already exist)
  [301/426] 第126話: skipped (images already exist)
  [302/426] 第125話: skipped (images already exist)
  [303/426] 第124話: skipped (images already exist)
  [304/426] 第123話: skipped (images already exist)
  [305/426] 第122話: skipped (images already exist)
  [306/426] 第121話: skipped (images already exist)
  [307/426] 第120話: skipped (images already exist)
  [308/426] 第119話: skipped (images already exist)
  [309/426] 第118話: skipped (images already exist)
  [310/426] 第117話: skipped (images already exist)
  [311/426] 第116話: skipped (images already exist)
  [312/426] 第115話: skipped (images already exist)
  [313/426] 第114話: skipped (images already exist)
  [314/426] 第113話: skipped (images already exist)
  [315/426] 第112話: skipped (images already exist)
  [316/426] 第111話: skipped (images already exist)
  [317/426] 第110話: skipped (images already exist)
  [318/426] 第109話: skipped (images already exist)
  [319/426] 第108話: skipped (images already exist)
  [320/426] 第107話: skipped (images already exist)
  [321/426] 第106話: skipped (images already exist)
  [322/426] 第105話: skipped (images already exist)
  [323/426] 第104話: skipped (images already exist)
  [324/426] 第103話: skipped (images already exist)
  [325/426] 第102話: skipped (images already exist)
  [326/426] 第101話: skipped (images already exist)
  [327/426] 第100話: skipped (images already exist)
  [328/426] 第99話: skipped (images already exist)
  [329/426] 第98話: skipped (images already exist)
  [330/426] 第97話: skipped (images already exist)
  [331/426] 第96話: skipped (images already exist)
  [332/426] 第95話: skipped (images already exist)
  [333/426] 第94話: skipped (images already exist)
  [334/426] 第93話: skipped (images already exist)
  [335/426] 第92話: skipped (images already exist)
  [336/426] 第91話: skipped (images already exist)
  [337/426] 第90話: skipped (images already exist)
  [338/426] 第89話: skipped (images already exist)
  [339/426] 第88話: skipped (images already exist)
  [340/426] 第87話: skipped (images already exist)
  [341/426] 第86話: skipped (images already exist)
  [342/426] 第85話: skipped (images already exist)
  [343/426] 第84話: skipped (images already exist)
  [344/426] 第83話: skipped (images already exist)
  [345/426] 第82話: skipped (images already exist)
  [346/426] 第81話: skipped (images already exist)
  [347/426] 第80話: skipped (images already exist)
  [348/426] 第79話: skipped (images already exist)
  [349/426] 第78話: skipped (images already exist)
  [350/426] 第77話: skipped (images already exist)
  [351/426] 第76話: skipped (images already exist)
  [352/426] 第75話: skipped (images already exist)
  [353/426] 第74話: skipped (images already exist)
  [354/426] 第73話: skipped (images already exist)
  [355/426] 第72話: skipped (images already exist)
  [356/426] 第71話: skipped (images already exist)
  [357/426] 第70話: skipped (images already exist)
  [358/426] 第69話: skipped (images already exist)
  [359/426] 第68話: skipped (images already exist)
  [360/426] 第67話: skipped (images already exist)
  [361/426] 第66話: skipped (images already exist)
  [362/426] 第65話: skipped (images already exist)
  [363/426] 第64話: skipped (images already exist)
  [364/426] 第63話: skipped (images already exist)
  [365/426] 第62話: skipped (images already exist)
  [366/426] 第61話: skipped (images already exist)
  [367/426] 第60話: skipped (images already exist)
  [368/426] 第59話: skipped (images already exist)
  [369/426] 第58話: skipped (images already exist)
  [370/426] 第57話: skipped (images already exist)
  [371/426] 第56話: skipped (images already exist)
  [372/426] 第55話: skipped (images already exist)
  [373/426] 第54話: skipped (images already exist)
  [374/426] 第53話: skipped (images already exist)
  [375/426] 第52話: skipped (images already exist)
  [376/426] 第51話: skipped (images already exist)
  [377/426] 第50話: skipped (images already exist)
  [378/426] 第49話: skipped (images already exist)
  [379/426] 第48話: skipped (images already exist)
  [380/426] 第47話: skipped (images already exist)
  [381/426] 第46話: skipped (images already exist)
  [382/426] 第45話: skipped (images already exist)
  [383/426] 第44話: skipped (images already exist)
  [384/426] 第43話: skipped (images already exist)
  [385/426] 第42話: skipped (images already exist)
  [386/426] 第41話: skipped (images already exist)
  [387/426] 第40話: skipped (images already exist)
  [388/426] 第39話: skipped (images already exist)
  [389/426] 第38話: skipped (images already exist)
  [390/426] 第37話: skipped (images already exist)
  [391/426] 第36話: skipped (images already exist)
  [392/426] 第35話: skipped (images already exist)
  [393/426] 第34話: skipped (images already exist)
  [394/426] 第33話: skipped (images already exist)
  [395/426] 第32話: skipped (images already exist)
  [396/426] 第31話: skipped (images already exist)
  [397/426] 第30話: skipped (images already exist)
  [398/426] 第29話: skipped (images already exist)
  [399/426] 第28話: skipped (images already exist)
  [400/426] 第27話: skipped (images already exist)
  [401/426] 第26話: skipped (images already exist)
  [402/426] 第25話: skipped (images already exist)
  [403/426] 第24話: skipped (images already exist)
  [404/426] 第23話: skipped (images already exist)
  [405/426] 第22話: skipped (images already exist)
  [406/426] 第21話: skipped (images already exist)
  [407/426] 第20話: skipped (images already exist)
  [408/426] 第19話: skipped (images already exist)
  [409/426] 第18話: skipped (images already exist)
  [410/426] 第17話: skipped (images already exist)
  [411/426] 第16話: skipped (images already exist)
  [412/426] 第15話: skipped (images already exist)
  [413/426] 第14話: skipped (images already exist)
  [414/426] 第13話: skipped (images already exist)
  [415/426] 第12話: skipped (images already exist)
  [416/426] 第11話: skipped (images already exist)
  [417/426] 第10話: skipped (images already exist)
  [418/426] 第9話: skipped (images already exist)
  [419/426] 第8話: skipped (images already exist)
  [420/426] 第7話: skipped (images already exist)
  [421/426] 第6話: skipped (images already exist)
  [422/426] 第5話: skipped (images already exist)
  [423/426] 第4話: skipped (images already exist)
  [424/426] 第3話: skipped (images already exist)
  [425/426] 第2話: skipped (images already exist)
  [426/426] 第1話: skipped (images already exist)
  Incremental title crawl completed: 0 crawled, 426 skipped
Crawler finished
Mon Jun 15 06:39:45 AM GMT 2026 - crawler finished
Mon Jun 15 06:41:21 AM GMT 2026 - crawler started
Manga details to crawl: 1
[1/1] サタノファニ: 333 chapters
Mon Jun 15 06:41:22 AM GMT 2026 - crawler started
Manga details to crawl: 1
[1/1] パラレルパラダイス: 332 chapters
  [1/333] 第331話: saved 19 images
  [2/333] 第330話: saved 20 images
  [3/333] 第329話: saved 20 images
Mon Jun 15 06:41:24 AM GMT 2026 - crawler started
  [4/333] 第328話: saved 23 images
  [1/332] 第331話: saved 18 images
Manga details to crawl: 1
  [5/333] 第327話: saved 20 images
  [2/332] 第330話: saved 18 images
  [6/333] 第326話: saved 20 images
[1/1] ながされて藍蘭島: 331 chapters
Mon Jun 15 06:41:25 AM GMT 2026 - crawler started
  [3/332] 第329話: saved 18 images
  [7/333] 第325話: saved 20 images
  [4/332] 第328話: saved 18 images
Manga details to crawl: 1
  [8/333] 第324話: saved 20 images
  [5/332] 第327話: saved 18 images
  [9/333] 第323話: saved 20 images
  [6/332] 第326話: saved 22 images
[1/1] ひとりぼっちの異世界攻略: 324 chapters
  [10/333] 第322話: saved 20 images
  [1/331] 第290話: saved 26 images
  [7/332] 第325話: saved 18 images
  [11/333] 第321話: saved 20 images
  [2/331] 第289話: saved 26 images
  [8/332] 第324話: saved 18 images
  [12/333] 第320.2話: saved 11 images
  [3/331] 第288話: saved 25 images
  [9/332] 第323話: saved 18 images
  [13/333] 第320.1話: saved 11 images
  [4/331] 第287話: saved 26 images
  [10/332] 第322話: saved 18 images
  [1/324] 第321話: saved 14 images
  [14/333] 第320話: saved 11 images
  [5/331] 第286話: saved 26 images
  [11/332] 第321話: saved 18 images
  [2/324] 第320話: saved 14 images
  [15/333] 第319話: saved 20 images
  [12/332] 第320話: saved 18 images
  [6/331] 第285話: saved 26 images
  [3/324] 第319話: saved 14 images
  [16/333] 第318話: saved 20 images
  [13/332] 第319話: saved 18 images
  [7/331] 第284話: saved 26 images
  [4/324] 第318話: saved 14 images
  [17/333] 第317話: saved 20 images
  [14/332] 第318話: saved 19 images
  [5/324] 第317話: saved 14 images
  [8/331] 第283話: saved 26 images
  [18/333] 第316話: saved 20 images
  [15/332] 第317話: saved 18 images
  [6/324] 第316話: saved 18 images
  [19/333] 第315話: saved 20 images
  [9/331] 第282話: saved 26 images
  [16/332] 第316話: saved 18 images
  [7/324] 第315話: saved 14 images
  [20/333] 第314話: saved 18 images
  [10/331] 第281話: saved 25 images
  [17/332] 第315話: saved 18 images
  [8/324] 第314話: saved 10 images
  [21/333] 第313話: saved 20 images
  [11/331] 第280話: saved 26 images
  [18/332] 第314話: saved 18 images
  [9/324] 第313話: saved 14 images
  [22/333] 第312話: saved 20 images
  [19/332] 第313話: saved 18 images
  [12/331] 第279話: saved 26 images
  [10/324] 第312話: saved 14 images
  [23/333] 第311話: saved 20 images
  [20/332] 第312話: saved 18 images
  [11/324] 第311話: saved 14 images
  [24/333] 第310話: saved 20 images
  [13/331] 第278話: saved 26 images
  [21/332] 第311話: saved 17 images
  [12/324] 第310話: saved 14 images
  [25/333] 第309話: saved 20 images
  [14/331] 第277話: saved 26 images
  [22/332] 第310話: saved 18 images
  [13/324] 第309話: saved 14 images
  [26/333] 第308話: saved 21 images
  [23/332] 第309話: saved 18 images
  [15/331] 第276話: saved 26 images
  [14/324] 第308話: saved 14 images
  [27/333] 第307話: saved 20 images
  [24/332] 第308話: saved 18 images
  [15/324] 第307話: saved 14 images
  [16/331] 第275話: saved 26 images
  [28/333] 第306話: saved 22 images
  [25/332] 第307話: saved 18 images
  [16/324] 第306話: saved 14 images
  [17/331] 第274話: saved 25 images
  [26/332] 第306話: saved 18 images
  [29/333] 第305話: saved 20 images
  [17/324] 第305話: saved 18 images
  [27/332] 第305話: saved 18 images
  [30/333] 第304話: saved 20 images
  [18/331] 第273話: saved 26 images
  [18/324] 第304話: saved 14 images
  [28/332] 第304話: saved 18 images
  [19/324] 第303話: saved 14 images
  [31/333] 第303話: saved 20 images
  [19/331] 第272話: saved 26 images
  [29/332] 第303話: saved 20 images
  [20/324] 第302話: saved 14 images
  [32/333] 第302話: saved 20 images
  [20/331] 第271話: saved 26 images
  [30/332] 第302話: saved 18 images
  [21/324] 第301話: saved 14 images
  [33/333] 第301話: saved 20 images
  [21/331] 第270話: saved 26 images
  [31/332] 第301話: saved 18 images
  [22/324] 第300話: saved 14 images
  [32/332] 第300話: saved 18 images
  [34/333] 第300話: saved 20 images
  [23/324] 第299話: saved 14 images
  [22/331] 第269話: saved 26 images
  [33/332] 第299話: saved 18 images
  [24/324] 第298話: saved 14 images
  [23/331] 第268話: saved 26 images
  [35/333] 第299話: saved 20 images
  [34/332] 第298話: saved 18 images
  [25/324] 第297話: saved 14 images
  [36/333] 第298話: saved 20 images
  [35/332] 第297話: saved 18 images
  [24/331] 第267話: saved 25 images
  [26/324] 第296話: saved 14 images
  [37/333] 第297話: saved 20 images
  [36/332] 第296話: saved 12 images
  [25/331] 第266話: saved 26 images
  [27/324] 第295話: saved 14 images
  [38/333] 第296話: saved 20 images
  [37/332] 第295話: saved 18 images
  [28/324] 第294話: saved 18 images
  [26/331] 第265話: saved 26 images
  [39/333] 第295話: saved 20 images
  [38/332] 第294話: saved 18 images
  [29/324] 第293話: saved 14 images
  [40/333] 第294話: saved 20 images
  [27/331] 第264話: saved 26 images
  [39/332] 第293話: saved 22 images
Mon Jun 15 06:41:37 AM GMT 2026 - crawler started
  [30/324] 第292話: saved 14 images
  [41/333] 第293話: saved 20 images
  [40/332] 第292話: saved 18 images
  [28/331] 第263話: saved 26 images
  [31/324] 第291話: saved 14 images
Manga details to crawl: 1
  [42/333] 第292話: saved 20 images
  [41/332] 第291話: saved 18 images
  [32/324] 第290話: saved 14 images
  [29/331] 第262話: saved 26 images
[1/1] こういうのがいい: 293 chapters
  [43/333] 第291話: saved 20 images
  [42/332] 第290話: saved 18 images
  [33/324] 第289話: saved 14 images
  [30/331] 第261話: saved 26 images
  [43/332] 第289話: saved 18 images
  [44/333] 第290話: saved 20 images
  [34/324] 第288話: saved 14 images
  [44/332] 第288話: saved 18 images
  [35/324] 第287話: saved 14 images
  [31/331] 第260話: saved 25 images
  [45/333] 第289話: saved 20 images
  [1/293] 第60.4話: skipped (images already exist)
  [2/293] 第60.3話: skipped (images already exist)
  [3/293] 第60.2話: skipped (images already exist)
  [4/293] 第60.1話: skipped (images already exist)
  [5/293] 第59.5話: skipped (images already exist)
  [6/293] 第59.4話: skipped (images already exist)
  [7/293] 第59.3話: skipped (images already exist)
  [8/293] 第59.2話: skipped (images already exist)
  [9/293] 第59.1話: skipped (images already exist)
  [10/293] 第58.5話: skipped (images already exist)
  [11/293] 第58.4話: skipped (images already exist)
  [12/293] 第58.3話: skipped (images already exist)
  [13/293] 第58.2話: skipped (images already exist)
  [14/293] 第58.1話: skipped (images already exist)
  [15/293] 第57.5話: skipped (images already exist)
  [16/293] 第57.4話: skipped (images already exist)
  [17/293] 第57.3話: skipped (images already exist)
  [18/293] 第57.2話: skipped (images already exist)
  [19/293] 第57.1話: skipped (images already exist)
  [20/293] 第56.5話: skipped (images already exist)
  [21/293] 第56.4話: skipped (images already exist)
  [22/293] 第56.3話: skipped (images already exist)
  [23/293] 第56.2話: skipped (images already exist)
  [24/293] 第56.1話: skipped (images already exist)
  [25/293] 第55.5話: skipped (images already exist)
  [26/293] 第55.4話: skipped (images already exist)
  [27/293] 第55.3話: skipped (images already exist)
  [28/293] 第55.2話: skipped (images already exist)
  [29/293] 第55.1話: skipped (images already exist)
  [30/293] 第54.5話: skipped (images already exist)
  [31/293] 第54.4話: skipped (images already exist)
  [32/293] 第54.3話: skipped (images already exist)
  [33/293] 第54.2話: skipped (images already exist)
  [34/293] 第54.1話: skipped (images already exist)
  [35/293] 第53.5話: skipped (images already exist)
  [36/293] 第53.4話: skipped (images already exist)
  [37/293] 第53.3話: skipped (images already exist)
  [38/293] 第53.2話: skipped (images already exist)
  [39/293] 第53.1話: skipped (images already exist)
  [40/293] 第52.5話: skipped (images already exist)
  [45/332] 第287話: saved 19 images
  [41/293] 第52.4話: skipped (images already exist)
  [42/293] 第52.3話: skipped (images already exist)
  [43/293] 第52.2話: skipped (images already exist)
  [44/293] 第52.1話: skipped (images already exist)
  [45/293] 第51.5話: skipped (images already exist)
  [46/293] 第51.4話: skipped (images already exist)
  [47/293] 第51.3話: skipped (images already exist)
  [48/293] 第51.2話: skipped (images already exist)
  [49/293] 第50.5話: skipped (images already exist)
  [50/293] 第50.4話: skipped (images already exist)
  [51/293] 第50.3話: skipped (images already exist)
  [52/293] 第50.2話: skipped (images already exist)
  [53/293] 第50.1話: skipped (images already exist)
  [54/293] 第49.5話: skipped (images already exist)
  [55/293] 第49.4話: skipped (images already exist)
  [56/293] 第49.3話: skipped (images already exist)
  [57/293] 第49.2話: skipped (images already exist)
  [58/293] 第49.1話: skipped (images already exist)
  [59/293] 第48.5話: skipped (images already exist)
  [60/293] 第48.4話: skipped (images already exist)
  [61/293] 第48.3話: skipped (images already exist)
  [62/293] 第48.2話: skipped (images already exist)
  [63/293] 第48.1話: skipped (images already exist)
  [64/293] 第47.5話: skipped (images already exist)
  [65/293] 第47.4話: skipped (images already exist)
  [66/293] 第47.3話: skipped (images already exist)
  [67/293] 第47.2話: skipped (images already exist)
  [68/293] 第47.1話: skipped (images already exist)
  [69/293] 第46.5話: skipped (images already exist)
  [70/293] 第46.4話: skipped (images already exist)
  [71/293] 第46.3話: skipped (images already exist)
  [72/293] 第46.2話: skipped (images already exist)
  [73/293] 第46.1話: skipped (images already exist)
  [74/293] 第45.5話: skipped (images already exist)
  [75/293] 第45.4話: skipped (images already exist)
  [76/293] 第45.3話: skipped (images already exist)
  [77/293] 第45.2話: skipped (images already exist)
  [78/293] 第45.1話: skipped (images already exist)
  [79/293] 第44.5話: skipped (images already exist)
  [80/293] 第44.4話: skipped (images already exist)
  [81/293] 第44.3話: skipped (images already exist)
  [82/293] 第44.2話: skipped (images already exist)
  [83/293] 第44.1話: skipped (images already exist)
  [84/293] 第43.5話: skipped (images already exist)
  [85/293] 第43.4話: skipped (images already exist)
  [86/293] 第43.3話: skipped (images already exist)
  [87/293] 第43.2話: skipped (images already exist)
  [88/293] 第43.1話: skipped (images already exist)
  [89/293] 第42.5話: skipped (images already exist)
  [90/293] 第42.4話: skipped (images already exist)
  [91/293] 第42.3話: skipped (images already exist)
  [92/293] 第42.2話: skipped (images already exist)
  [93/293] 第42.1話: skipped (images already exist)
  [94/293] 第41.5話: skipped (images already exist)
  [95/293] 第41.4話: skipped (images already exist)
  [96/293] 第41.3話: skipped (images already exist)
  [97/293] 第41.2話: skipped (images already exist)
  [98/293] 第41.1話: skipped (images already exist)
  [99/293] 第40.5話: skipped (images already exist)
  [100/293] 第40.4話: skipped (images already exist)
  [101/293] 第40.3話: skipped (images already exist)
  [102/293] 第40.2話: skipped (images already exist)
  [103/293] 第40.1話: skipped (images already exist)
  [104/293] 第39.5話: skipped (images already exist)
  [105/293] 第39.4話: skipped (images already exist)
  [106/293] 第39.3話: skipped (images already exist)
  [107/293] 第39.2話: skipped (images already exist)
  [108/293] 第39.1話: skipped (images already exist)
  [109/293] 第38.5話: skipped (images already exist)
  [110/293] 第38.4話: skipped (images already exist)
  [111/293] 第38.3話: skipped (images already exist)
  [112/293] 第38.2話: skipped (images already exist)
  [113/293] 第38.1話: skipped (images already exist)
  [114/293] 第37.5話: skipped (images already exist)
  [115/293] 第37.4話: skipped (images already exist)
  [116/293] 第37.3話: skipped (images already exist)
  [117/293] 第37.2話: skipped (images already exist)
  [36/324] 第286話: saved 14 images
  [118/293] 第37.1話: skipped (images already exist)
  [119/293] 第36.5話: skipped (images already exist)
  [120/293] 第36.4話: skipped (images already exist)
  [121/293] 第36.3話: skipped (images already exist)
  [122/293] 第36.2話: skipped (images already exist)
  [123/293] 第36.1話: skipped (images already exist)
  [124/293] 第35.5話: skipped (images already exist)
  [125/293] 第35.4話: skipped (images already exist)
  [126/293] 第35.3話: skipped (images already exist)
  [127/293] 第35.2話: skipped (images already exist)
  [128/293] 第35.1話: skipped (images already exist)
  [129/293] 第34.5話: skipped (images already exist)
  [130/293] 第34.4話: skipped (images already exist)
  [131/293] 第34.3話: skipped (images already exist)
  [132/293] 第34.2話: skipped (images already exist)
  [133/293] 第34.1話: skipped (images already exist)
  [134/293] 第33.5話: skipped (images already exist)
  [135/293] 第33.4話: skipped (images already exist)
  [136/293] 第33.3話: skipped (images already exist)
  [137/293] 第33.25話: skipped (images already exist)
  [138/293] 第33.2話: skipped (images already exist)
  [139/293] 第33.1話: skipped (images already exist)
  [140/293] 第32.5話: skipped (images already exist)
  [141/293] 第32.4話: skipped (images already exist)
  [142/293] 第32.3話: skipped (images already exist)
  [143/293] 第32.2話: skipped (images already exist)
  [144/293] 第32.1話: skipped (images already exist)
  [145/293] 第31.5話: skipped (images already exist)
  [146/293] 第31.4話: skipped (images already exist)
  [147/293] 第31.3話: skipped (images already exist)
  [148/293] 第31.2話: skipped (images already exist)
  [149/293] 第31.1話: skipped (images already exist)
  [150/293] 第30.5話: skipped (images already exist)
  [151/293] 第30.4話: skipped (images already exist)
  [152/293] 第30.3話: skipped (images already exist)
  [153/293] 第30.2話: skipped (images already exist)
  [154/293] 第30.1話: skipped (images already exist)
  [155/293] 第29.6話: skipped (images already exist)
  [156/293] 第29.5話: skipped (images already exist)
  [157/293] 第29.4話: skipped (images already exist)
  [158/293] 第29.3話: skipped (images already exist)
  [159/293] 第29.2話: skipped (images already exist)
  [160/293] 第29.1話: skipped (images already exist)
  [161/293] 第28.5話: skipped (images already exist)
  [162/293] 第28.4話: skipped (images already exist)
  [163/293] 第28.3話: skipped (images already exist)
  [164/293] 第28.2話: skipped (images already exist)
  [165/293] 第28.1話: skipped (images already exist)
  [166/293] 第27.5話: skipped (images already exist)
  [167/293] 第27.4話: skipped (images already exist)
  [168/293] 第27.3話: skipped (images already exist)
  [169/293] 第27.2話: skipped (images already exist)
  [170/293] 第27.1話: skipped (images already exist)
  [171/293] 第26.5話: skipped (images already exist)
  [172/293] 第26.4話: skipped (images already exist)
  [173/293] 第26.3話: skipped (images already exist)
  [174/293] 第26.2話: skipped (images already exist)
  [175/293] 第26.1話: skipped (images already exist)
  [176/293] 第25.5話: skipped (images already exist)
  [177/293] 第25.4話: skipped (images already exist)
  [178/293] 第25.3話: skipped (images already exist)
  [179/293] 第25.2話: skipped (images already exist)
  [180/293] 第25.1話: skipped (images already exist)
  [181/293] 第24.5話: skipped (images already exist)
  [182/293] 第24.45話: skipped (images already exist)
  [183/293] 第24.4話: skipped (images already exist)
  [184/293] 第24.3話: skipped (images already exist)
  [185/293] 第24.2話: skipped (images already exist)
  [186/293] 第24.1話: skipped (images already exist)
  [187/293] 第23.5話: skipped (images already exist)
  [188/293] 第23.4話: skipped (images already exist)
  [189/293] 第23.3話: skipped (images already exist)
  [190/293] 第23.2話: skipped (images already exist)
  [191/293] 第23.1話: skipped (images already exist)
  [192/293] 第22.5話: skipped (images already exist)
  [193/293] 第22.4話: skipped (images already exist)
  [194/293] 第22.3話: skipped (images already exist)
  [195/293] 第22.2話: skipped (images already exist)
  [196/293] 第22.1話: skipped (images already exist)
  [197/293] 第21.5話: skipped (images already exist)
  [198/293] 第21.4話: skipped (images already exist)
  [199/293] 第21.3話: skipped (images already exist)
  [200/293] 第21.2話: skipped (images already exist)
  [201/293] 第21.1話: skipped (images already exist)
  [202/293] 第20.5話: skipped (images already exist)
  [203/293] 第20.4話: skipped (images already exist)
  [204/293] 第20.3話: skipped (images already exist)
  [205/293] 第20.2話: skipped (images already exist)
  [206/293] 第20.15話: skipped (images already exist)
  [207/293] 第20.1話: skipped (images already exist)
  [208/293] 第19.5話: skipped (images already exist)
  [209/293] 第19.4話: skipped (images already exist)
  [210/293] 第19.3話: skipped (images already exist)
  [211/293] 第19.2話: skipped (images already exist)
  [212/293] 第19.1話: skipped (images already exist)
  [213/293] 第18.5話: skipped (images already exist)
  [214/293] 第18.4話: skipped (images already exist)
  [215/293] 第18.3話: skipped (images already exist)
  [216/293] 第18.2話: skipped (images already exist)
  [217/293] 第18.1話: skipped (images already exist)
  [218/293] 第17.5話: skipped (images already exist)
  [219/293] 第17.4話: skipped (images already exist)
  [220/293] 第17.3話: skipped (images already exist)
  [221/293] 第17.2話: skipped (images already exist)
  [222/293] 第17.1話: skipped (images already exist)
  [223/293] 第16.5話: skipped (images already exist)
  [224/293] 第16.4話: skipped (images already exist)
  [225/293] 第16.3話: skipped (images already exist)
  [46/333] 第288話: saved 20 images
  [226/293] 第16.2話: skipped (images already exist)
  [227/293] 第16.1話: skipped (images already exist)
  [228/293] 第15.5話: skipped (images already exist)
  [229/293] 第15.4話: skipped (images already exist)
  [230/293] 第15.3話: skipped (images already exist)
  [231/293] 第15.2話: skipped (images already exist)
  [232/293] 第15.1話: skipped (images already exist)
  [233/293] 第14.5話: skipped (images already exist)
  [234/293] 第14.4話: skipped (images already exist)
  [235/293] 第14.3話: skipped (images already exist)
  [236/293] 第14.2話: skipped (images already exist)
  [237/293] 第14.1話: skipped (images already exist)
  [238/293] 第13.5話: skipped (images already exist)
  [239/293] 第13.4話: skipped (images already exist)
  [240/293] 第13.3話: skipped (images already exist)
  [241/293] 第13.2話: skipped (images already exist)
  [242/293] 第13.1話: skipped (images already exist)
  [243/293] 第12.5話: skipped (images already exist)
  [244/293] 第12.4話: skipped (images already exist)
  [245/293] 第12.3話: skipped (images already exist)
  [246/293] 第12.2話: skipped (images already exist)
  [247/293] 第12.1話: skipped (images already exist)
  [248/293] 第11.5話: skipped (images already exist)
  [249/293] 第11.4話: skipped (images already exist)
  [250/293] 第11.3話: skipped (images already exist)
  [32/331] 第259話: saved 26 images
  [251/293] 第11.2話: skipped (images already exist)
  [252/293] 第11.1話: skipped (images already exist)
  [253/293] 第10.5話: skipped (images already exist)
  [254/293] 第10.4話: skipped (images already exist)
  [255/293] 第10.3話: skipped (images already exist)
  [256/293] 第10.2話: skipped (images already exist)
  [257/293] 第10.1話: skipped (images already exist)
  [258/293] 第9.5話: skipped (images already exist)
  [259/293] 第9.4話: skipped (images already exist)
  [260/293] 第9.3話: skipped (images already exist)
  [261/293] 第9.2話: skipped (images already exist)
  [262/293] 第9.1話: skipped (images already exist)
  [263/293] 第8.5話: skipped (images already exist)
  [264/293] 第8.4話: skipped (images already exist)
  [265/293] 第8.3話: skipped (images already exist)
  [266/293] 第8.2話: skipped (images already exist)
  [267/293] 第8.1話: skipped (images already exist)
  [268/293] 第7.5話: skipped (images already exist)
  [269/293] 第7.4話: skipped (images already exist)
  [270/293] 第7.3話: skipped (images already exist)
  [271/293] 第7.2話: skipped (images already exist)
  [272/293] 第7.1話: skipped (images already exist)
  [273/293] 第6.5話: skipped (images already exist)
  [274/293] 第6.4話: skipped (images already exist)
  [275/293] 第6.3話: skipped (images already exist)
  [276/293] 第6.2話: skipped (images already exist)
  [277/293] 第6.1話: skipped (images already exist)
  [278/293] 第5.5話: skipped (images already exist)
  [279/293] 第5.4話: skipped (images already exist)
  [280/293] 第5.3話: skipped (images already exist)
  [281/293] 第5.2話: skipped (images already exist)
  [282/293] 第5.1話: skipped (images already exist)
  [283/293] 第4.4話: skipped (images already exist)
  [46/332] 第286話: saved 18 images
  [284/293] 第4.3話: skipped (images already exist)
  [285/293] 第4.2話: skipped (images already exist)
  [286/293] 第4.1話: skipped (images already exist)
  [287/293] 第3.2話: skipped (images already exist)
  [288/293] 第3.1話: skipped (images already exist)
  [289/293] 第2.3話: skipped (images already exist)
  [290/293] 第2.2話: skipped (images already exist)
  [291/293] 第2.1話: skipped (images already exist)
  [292/293] 第1.2話: skipped (images already exist)
  [293/293] 第1話: skipped (images already exist)
  Incremental title crawl completed: 0 crawled, 293 skipped
  [37/324] 第285話: saved 14 images
  [47/333] 第287話: saved 20 images
Crawler finished
  [47/332] 第285話: saved 18 images
Mon Jun 15 06:41:40 AM GMT 2026 - crawler finished
  [33/331] 第258話: saved 26 images
  [38/324] 第284話: saved 14 images
  [48/332] 第284話: saved 18 images
  [48/333] 第286話: saved 20 images
  [39/324] 第283話: saved 18 images
  [34/331] 第257話: saved 26 images
  [49/332] 第283話: saved 18 images
  [40/324] 第282話: saved 14 images
  [49/333] 第285話: saved 23 images
  [35/331] 第256話: saved 27 images
  [50/332] 第282話: saved 18 images
  [41/324] 第281話: saved 14 images
  [50/333] 第284話: saved 20 images
  [36/331] 第255話: saved 27 images
  [51/332] 第281話: saved 20 images
  [42/324] 第280話: saved 14 images
  [52/332] 第280話: saved 19 images
  [43/324] 第279話: saved 14 images
  [37/331] 第254話: saved 27 images
  [53/332] 第279話: saved 18 images
  [44/324] 第278話: saved 14 images
  [51/333] 第283話: saved 20 images
  [38/331] 第253話: saved 26 images
Mon Jun 15 06:41:42 AM GMT 2026 - crawler started
  [54/332] 第278話: saved 18 images
  [45/324] 第277話: saved 14 images
  [39/331] 第252話: saved 27 images
Manga details to crawl: 1
  [52/333] 第282話: saved 20 images
  [46/324] 第276話: saved 14 images
  [55/332] 第277話: saved 18 images
[1/1] こういうのがいい: 293 chapters
  [40/331] 第251話: saved 27 images
  [53/333] 第281話: saved 20 images
  [47/324] 第275話: saved 14 images
  [56/332] 第276話: saved 18 images
  [41/331] 第250話: saved 28 images
  [57/332] 第275話: saved 20 images
  [48/324] 第274話: saved 14 images
  [54/333] 第280話: saved 20 images
  [49/324] 第273話: saved 14 images
  [58/332] 第274話: saved 18 images
  [42/331] 第249話: saved 26 images
  [55/333] 第279話: saved 20 images
  [1/293] 第60.4話: skipped (images already exist)
  [2/293] 第60.3話: skipped (images already exist)
  [3/293] 第60.2話: skipped (images already exist)
  [4/293] 第60.1話: skipped (images already exist)
  [5/293] 第59.5話: skipped (images already exist)
  [6/293] 第59.4話: skipped (images already exist)
  [7/293] 第59.3話: skipped (images already exist)
  [8/293] 第59.2話: skipped (images already exist)
  [9/293] 第59.1話: skipped (images already exist)
  [10/293] 第58.5話: skipped (images already exist)
  [11/293] 第58.4話: skipped (images already exist)
  [12/293] 第58.3話: skipped (images already exist)
  [13/293] 第58.2話: skipped (images already exist)
  [14/293] 第58.1話: skipped (images already exist)
  [15/293] 第57.5話: skipped (images already exist)
  [16/293] 第57.4話: skipped (images already exist)
  [17/293] 第57.3話: skipped (images already exist)
  [18/293] 第57.2話: skipped (images already exist)
  [19/293] 第57.1話: skipped (images already exist)
  [20/293] 第56.5話: skipped (images already exist)
  [21/293] 第56.4話: skipped (images already exist)
  [22/293] 第56.3話: skipped (images already exist)
  [23/293] 第56.2話: skipped (images already exist)
  [24/293] 第56.1話: skipped (images already exist)
  [25/293] 第55.5話: skipped (images already exist)
  [26/293] 第55.4話: skipped (images already exist)
  [27/293] 第55.3話: skipped (images already exist)
  [28/293] 第55.2話: skipped (images already exist)
  [29/293] 第55.1話: skipped (images already exist)
  [30/293] 第54.5話: skipped (images already exist)
  [31/293] 第54.4話: skipped (images already exist)
  [32/293] 第54.3話: skipped (images already exist)
  [33/293] 第54.2話: skipped (images already exist)
  [34/293] 第54.1話: skipped (images already exist)
  [35/293] 第53.5話: skipped (images already exist)
  [36/293] 第53.4話: skipped (images already exist)
  [37/293] 第53.3話: skipped (images already exist)
  [38/293] 第53.2話: skipped (images already exist)
  [39/293] 第53.1話: skipped (images already exist)
  [40/293] 第52.5話: skipped (images already exist)
  [41/293] 第52.4話: skipped (images already exist)
  [42/293] 第52.3話: skipped (images already exist)
  [43/293] 第52.2話: skipped (images already exist)
  [44/293] 第52.1話: skipped (images already exist)
  [45/293] 第51.5話: skipped (images already exist)
  [46/293] 第51.4話: skipped (images already exist)
  [47/293] 第51.3話: skipped (images already exist)
  [48/293] 第51.2話: skipped (images already exist)
  [49/293] 第50.5話: skipped (images already exist)
  [50/293] 第50.4話: skipped (images already exist)
  [51/293] 第50.3話: skipped (images already exist)
  [52/293] 第50.2話: skipped (images already exist)
  [53/293] 第50.1話: skipped (images already exist)
  [54/293] 第49.5話: skipped (images already exist)
  [55/293] 第49.4話: skipped (images already exist)
  [56/293] 第49.3話: skipped (images already exist)
  [57/293] 第49.2話: skipped (images already exist)
  [58/293] 第49.1話: skipped (images already exist)
  [59/293] 第48.5話: skipped (images already exist)
  [60/293] 第48.4話: skipped (images already exist)
  [61/293] 第48.3話: skipped (images already exist)
  [62/293] 第48.2話: skipped (images already exist)
  [63/293] 第48.1話: skipped (images already exist)
  [64/293] 第47.5話: skipped (images already exist)
  [65/293] 第47.4話: skipped (images already exist)
  [66/293] 第47.3話: skipped (images already exist)
  [67/293] 第47.2話: skipped (images already exist)
  [68/293] 第47.1話: skipped (images already exist)
  [69/293] 第46.5話: skipped (images already exist)
  [70/293] 第46.4話: skipped (images already exist)
  [71/293] 第46.3話: skipped (images already exist)
  [72/293] 第46.2話: skipped (images already exist)
  [73/293] 第46.1話: skipped (images already exist)
  [74/293] 第45.5話: skipped (images already exist)
  [75/293] 第45.4話: skipped (images already exist)
  [76/293] 第45.3話: skipped (images already exist)
  [77/293] 第45.2話: skipped (images already exist)
  [78/293] 第45.1話: skipped (images already exist)
  [79/293] 第44.5話: skipped (images already exist)
  [80/293] 第44.4話: skipped (images already exist)
  [81/293] 第44.3話: skipped (images already exist)
  [82/293] 第44.2話: skipped (images already exist)
  [83/293] 第44.1話: skipped (images already exist)
  [84/293] 第43.5話: skipped (images already exist)
  [85/293] 第43.4話: skipped (images already exist)
  [86/293] 第43.3話: skipped (images already exist)
  [87/293] 第43.2話: skipped (images already exist)
  [88/293] 第43.1話: skipped (images already exist)
  [89/293] 第42.5話: skipped (images already exist)
  [90/293] 第42.4話: skipped (images already exist)
  [91/293] 第42.3話: skipped (images already exist)
  [92/293] 第42.2話: skipped (images already exist)
  [93/293] 第42.1話: skipped (images already exist)
  [94/293] 第41.5話: skipped (images already exist)
  [95/293] 第41.4話: skipped (images already exist)
  [96/293] 第41.3話: skipped (images already exist)
  [97/293] 第41.2話: skipped (images already exist)
  [98/293] 第41.1話: skipped (images already exist)
  [99/293] 第40.5話: skipped (images already exist)
  [100/293] 第40.4話: skipped (images already exist)
  [101/293] 第40.3話: skipped (images already exist)
  [102/293] 第40.2話: skipped (images already exist)
  [103/293] 第40.1話: skipped (images already exist)
  [104/293] 第39.5話: skipped (images already exist)
  [105/293] 第39.4話: skipped (images already exist)
  [106/293] 第39.3話: skipped (images already exist)
  [107/293] 第39.2話: skipped (images already exist)
  [108/293] 第39.1話: skipped (images already exist)
  [109/293] 第38.5話: skipped (images already exist)
  [110/293] 第38.4話: skipped (images already exist)
  [111/293] 第38.3話: skipped (images already exist)
  [112/293] 第38.2話: skipped (images already exist)
  [113/293] 第38.1話: skipped (images already exist)
  [114/293] 第37.5話: skipped (images already exist)
  [115/293] 第37.4話: skipped (images already exist)
  [116/293] 第37.3話: skipped (images already exist)
  [117/293] 第37.2話: skipped (images already exist)
  [118/293] 第37.1話: skipped (images already exist)
  [119/293] 第36.5話: skipped (images already exist)
  [120/293] 第36.4話: skipped (images already exist)
  [121/293] 第36.3話: skipped (images already exist)
  [122/293] 第36.2話: skipped (images already exist)
  [123/293] 第36.1話: skipped (images already exist)
  [124/293] 第35.5話: skipped (images already exist)
  [125/293] 第35.4話: skipped (images already exist)
  [126/293] 第35.3話: skipped (images already exist)
  [127/293] 第35.2話: skipped (images already exist)
  [128/293] 第35.1話: skipped (images already exist)
  [129/293] 第34.5話: skipped (images already exist)
  [130/293] 第34.4話: skipped (images already exist)
  [131/293] 第34.3話: skipped (images already exist)
  [132/293] 第34.2話: skipped (images already exist)
  [133/293] 第34.1話: skipped (images already exist)
  [134/293] 第33.5話: skipped (images already exist)
  [135/293] 第33.4話: skipped (images already exist)
  [136/293] 第33.3話: skipped (images already exist)
  [137/293] 第33.25話: skipped (images already exist)
  [138/293] 第33.2話: skipped (images already exist)
  [139/293] 第33.1話: skipped (images already exist)
  [140/293] 第32.5話: skipped (images already exist)
  [141/293] 第32.4話: skipped (images already exist)
  [142/293] 第32.3話: skipped (images already exist)
  [143/293] 第32.2話: skipped (images already exist)
  [144/293] 第32.1話: skipped (images already exist)
  [145/293] 第31.5話: skipped (images already exist)
  [146/293] 第31.4話: skipped (images already exist)
  [147/293] 第31.3話: skipped (images already exist)
  [148/293] 第31.2話: skipped (images already exist)
  [149/293] 第31.1話: skipped (images already exist)
  [150/293] 第30.5話: skipped (images already exist)
  [151/293] 第30.4話: skipped (images already exist)
  [152/293] 第30.3話: skipped (images already exist)
  [153/293] 第30.2話: skipped (images already exist)
  [154/293] 第30.1話: skipped (images already exist)
  [155/293] 第29.6話: skipped (images already exist)
  [156/293] 第29.5話: skipped (images already exist)
  [157/293] 第29.4話: skipped (images already exist)
  [158/293] 第29.3話: skipped (images already exist)
  [159/293] 第29.2話: skipped (images already exist)
  [160/293] 第29.1話: skipped (images already exist)
  [161/293] 第28.5話: skipped (images already exist)
  [162/293] 第28.4話: skipped (images already exist)
  [163/293] 第28.3話: skipped (images already exist)
  [164/293] 第28.2話: skipped (images already exist)
  [165/293] 第28.1話: skipped (images already exist)
  [166/293] 第27.5話: skipped (images already exist)
  [167/293] 第27.4話: skipped (images already exist)
  [168/293] 第27.3話: skipped (images already exist)
  [169/293] 第27.2話: skipped (images already exist)
  [170/293] 第27.1話: skipped (images already exist)
  [171/293] 第26.5話: skipped (images already exist)
  [172/293] 第26.4話: skipped (images already exist)
  [173/293] 第26.3話: skipped (images already exist)
  [174/293] 第26.2話: skipped (images already exist)
  [175/293] 第26.1話: skipped (images already exist)
  [176/293] 第25.5話: skipped (images already exist)
  [177/293] 第25.4話: skipped (images already exist)
  [178/293] 第25.3話: skipped (images already exist)
  [179/293] 第25.2話: skipped (images already exist)
  [180/293] 第25.1話: skipped (images already exist)
  [181/293] 第24.5話: skipped (images already exist)
  [182/293] 第24.45話: skipped (images already exist)
  [183/293] 第24.4話: skipped (images already exist)
  [184/293] 第24.3話: skipped (images already exist)
  [185/293] 第24.2話: skipped (images already exist)
  [186/293] 第24.1話: skipped (images already exist)
  [187/293] 第23.5話: skipped (images already exist)
  [188/293] 第23.4話: skipped (images already exist)
  [189/293] 第23.3話: skipped (images already exist)
  [190/293] 第23.2話: skipped (images already exist)
  [191/293] 第23.1話: skipped (images already exist)
  [192/293] 第22.5話: skipped (images already exist)
  [193/293] 第22.4話: skipped (images already exist)
  [194/293] 第22.3話: skipped (images already exist)
  [195/293] 第22.2話: skipped (images already exist)
  [196/293] 第22.1話: skipped (images already exist)
  [197/293] 第21.5話: skipped (images already exist)
  [198/293] 第21.4話: skipped (images already exist)
  [199/293] 第21.3話: skipped (images already exist)
  [200/293] 第21.2話: skipped (images already exist)
  [201/293] 第21.1話: skipped (images already exist)
  [202/293] 第20.5話: skipped (images already exist)
  [203/293] 第20.4話: skipped (images already exist)
  [204/293] 第20.3話: skipped (images already exist)
  [205/293] 第20.2話: skipped (images already exist)
  [206/293] 第20.15話: skipped (images already exist)
  [207/293] 第20.1話: skipped (images already exist)
  [208/293] 第19.5話: skipped (images already exist)
  [209/293] 第19.4話: skipped (images already exist)
  [210/293] 第19.3話: skipped (images already exist)
  [211/293] 第19.2話: skipped (images already exist)
  [212/293] 第19.1話: skipped (images already exist)
  [213/293] 第18.5話: skipped (images already exist)
  [214/293] 第18.4話: skipped (images already exist)
  [215/293] 第18.3話: skipped (images already exist)
  [216/293] 第18.2話: skipped (images already exist)
  [217/293] 第18.1話: skipped (images already exist)
  [218/293] 第17.5話: skipped (images already exist)
  [219/293] 第17.4話: skipped (images already exist)
  [220/293] 第17.3話: skipped (images already exist)
  [221/293] 第17.2話: skipped (images already exist)
  [222/293] 第17.1話: skipped (images already exist)
  [223/293] 第16.5話: skipped (images already exist)
  [224/293] 第16.4話: skipped (images already exist)
  [225/293] 第16.3話: skipped (images already exist)
  [226/293] 第16.2話: skipped (images already exist)
  [227/293] 第16.1話: skipped (images already exist)
  [228/293] 第15.5話: skipped (images already exist)
  [229/293] 第15.4話: skipped (images already exist)
  [230/293] 第15.3話: skipped (images already exist)
  [231/293] 第15.2話: skipped (images already exist)
  [232/293] 第15.1話: skipped (images already exist)
  [233/293] 第14.5話: skipped (images already exist)
  [234/293] 第14.4話: skipped (images already exist)
  [235/293] 第14.3話: skipped (images already exist)
  [236/293] 第14.2話: skipped (images already exist)
  [237/293] 第14.1話: skipped (images already exist)
  [238/293] 第13.5話: skipped (images already exist)
  [239/293] 第13.4話: skipped (images already exist)
  [240/293] 第13.3話: skipped (images already exist)
  [241/293] 第13.2話: skipped (images already exist)
  [242/293] 第13.1話: skipped (images already exist)
  [243/293] 第12.5話: skipped (images already exist)
  [244/293] 第12.4話: skipped (images already exist)
  [245/293] 第12.3話: skipped (images already exist)
  [246/293] 第12.2話: skipped (images already exist)
  [247/293] 第12.1話: skipped (images already exist)
  [248/293] 第11.5話: skipped (images already exist)
  [249/293] 第11.4話: skipped (images already exist)
  [250/293] 第11.3話: skipped (images already exist)
  [251/293] 第11.2話: skipped (images already exist)
  [252/293] 第11.1話: skipped (images already exist)
  [253/293] 第10.5話: skipped (images already exist)
  [50/324] 第272話: saved 18 images
  [254/293] 第10.4話: skipped (images already exist)
  [255/293] 第10.3話: skipped (images already exist)
  [59/332] 第273話: saved 18 images
  [256/293] 第10.2話: skipped (images already exist)
  [257/293] 第10.1話: skipped (images already exist)
  [258/293] 第9.5話: skipped (images already exist)
  [259/293] 第9.4話: skipped (images already exist)
  [260/293] 第9.3話: skipped (images already exist)
  [261/293] 第9.2話: skipped (images already exist)
  [262/293] 第9.1話: skipped (images already exist)
  [263/293] 第8.5話: skipped (images already exist)
  [264/293] 第8.4話: skipped (images already exist)
  [265/293] 第8.3話: skipped (images already exist)
  [266/293] 第8.2話: skipped (images already exist)
  [267/293] 第8.1話: skipped (images already exist)
  [268/293] 第7.5話: skipped (images already exist)
  [269/293] 第7.4話: skipped (images already exist)
  [270/293] 第7.3話: skipped (images already exist)
  [271/293] 第7.2話: skipped (images already exist)
  [272/293] 第7.1話: skipped (images already exist)
  [273/293] 第6.5話: skipped (images already exist)
  [274/293] 第6.4話: skipped (images already exist)
  [275/293] 第6.3話: skipped (images already exist)
  [276/293] 第6.2話: skipped (images already exist)
  [277/293] 第6.1話: skipped (images already exist)
  [278/293] 第5.5話: skipped (images already exist)
  [279/293] 第5.4話: skipped (images already exist)
  [280/293] 第5.3話: skipped (images already exist)
  [281/293] 第5.2話: skipped (images already exist)
  [282/293] 第5.1話: skipped (images already exist)
  [283/293] 第4.4話: skipped (images already exist)
  [284/293] 第4.3話: skipped (images already exist)
  [285/293] 第4.2話: skipped (images already exist)
  [286/293] 第4.1話: skipped (images already exist)
  [287/293] 第3.2話: skipped (images already exist)
  [288/293] 第3.1話: skipped (images already exist)
  [289/293] 第2.3話: skipped (images already exist)
  [290/293] 第2.2話: skipped (images already exist)
  [291/293] 第2.1話: skipped (images already exist)
  [292/293] 第1.2話: skipped (images already exist)
  [293/293] 第1話: skipped (images already exist)
  Incremental title crawl completed: 0 crawled, 293 skipped
  [43/331] 第248話: saved 26 images
  [56/333] 第278話: saved 20 images
Crawler finished
  [51/324] 第271話: saved 14 images
  [60/332] 第272話: saved 18 images
Mon Jun 15 06:41:45 AM GMT 2026 - crawler finished
  [44/331] 第247話: saved 26 images
  [57/333] 第277話: saved 24 images
  [52/324] 第270話: saved 14 images
  [61/332] 第271話: saved 18 images
  [45/331] 第246話: saved 25 images
  [53/324] 第269話: saved 14 images
  [62/332] 第270話: saved 18 images
  [58/333] 第276話: saved 20 images
  [54/324] 第268話: saved 14 images
  [46/331] 第245話: saved 23 images
  [63/332] 第269話: saved 18 images
  [59/333] 第275話: saved 20 images
  [55/324] 第267話: saved 14 images
  [64/332] 第268話: saved 18 images
  [47/331] 第244話: saved 27 images
  [60/333] 第274話: saved 22 images
  [56/324] 第266話: saved 14 images
  [65/332] 第267話: saved 18 images
  [48/331] 第243話: saved 26 images
  [57/324] 第265話: saved 14 images
  [61/333] 第273話: saved 20 images
  [66/332] 第266話: saved 18 images
  [49/331] 第242話: saved 26 images
  [58/324] 第264話: saved 14 images
  [67/332] 第265話: saved 19 images
  [62/333] 第272話: saved 20 images
  [59/324] 第263話: saved 14 images
  [50/331] 第241話: saved 26 images
  [68/332] 第264話: saved 18 images
  [63/333] 第271話: saved 20 images
  [60/324] 第262話: saved 14 images
  [69/332] 第263話: saved 18 images
  [51/331] 第240話: saved 27 images
  [61/324] 第261話: saved 17 images
  [64/333] 第270話: saved 20 images
  [70/332] 第262話: saved 18 images
  [52/331] 第239話: saved 27 images
  [62/324] 第260話: saved 14 images
  [65/333] 第269話: saved 20 images
  [71/332] 第261話: saved 18 images
  [63/324] 第259話: saved 14 images
  [53/331] 第238話: saved 26 images
  [72/332] 第260話: saved 18 images
  [66/333] 第268話: saved 20 images
  [64/324] 第258話: saved 14 images
  [54/331] 第237話: saved 26 images
  [73/332] 第259話: saved 18 images
  [67/333] 第267話: saved 22 images
  [65/324] 第257話: saved 14 images
  [74/332] 第258話: saved 18 images
  [55/331] 第236話: saved 26 images
  [66/324] 第256話: saved 14 images
  [68/333] 第266話: saved 20 images
  [75/332] 第257話: saved 18 images
  [67/324] 第255話: saved 14 images
  [56/331] 第235話: saved 26 images
  [69/333] 第265話: saved 20 images
  [76/332] 第256話: saved 19 images
  [68/324] 第254話: saved 14 images
  [57/331] 第234話: saved 26 images
  [70/333] 第264話: saved 20 images
  [77/332] 第255話: saved 18 images
  [69/324] 第253話: saved 14 images
  [78/332] 第254話: saved 18 images
  [70/324] 第252話: saved 14 images
  [71/333] 第263話: saved 20 images
  [58/331] 第233話: saved 26 images
  [79/332] 第253話: saved 18 images
  [71/324] 第251話: saved 14 images
  [72/333] 第262話: saved 20 images
  [59/331] 第232話: saved 25 images
  [80/332] 第252話: saved 18 images
  [72/324] 第250話: saved 16 images
  [73/333] 第261話: saved 20 images
  [81/332] 第251話: saved 18 images
  [60/331] 第231話: saved 26 images
  [73/324] 第249話: saved 14 images
  [74/333] 第260話: saved 22 images
  [82/332] 第250話: saved 18 images
  [74/324] 第248話: saved 14 images
  [61/331] 第230話: saved 26 images
  [75/333] 第259話: saved 20 images
  [83/332] 第249話: saved 18 images
  [75/324] 第247話: saved 14 images
  [62/331] 第229話: saved 26 images
  [76/333] 第258話: saved 20 images
  [84/332] 第248話: saved 18 images
  [76/324] 第246話: saved 14 images
  [85/332] 第247話: saved 18 images
  [63/331] 第228話: saved 32 images
  [77/324] 第245話: saved 14 images
  [77/333] 第257話: saved 20 images
  [86/332] 第246話: saved 18 images
  [78/324] 第244話: saved 14 images
  [64/331] 第227話: saved 27 images
  [78/333] 第256話: saved 20 images
  [87/332] 第245話: saved 18 images
  [79/324] 第243話: saved 14 images
  [65/331] 第226話: saved 27 images
  [79/333] 第255話: saved 20 images
  [88/332] 第244話: saved 18 images
  [80/324] 第242話: saved 14 images
  [80/333] 第254話: saved 20 images
  [89/332] 第243話: saved 18 images
  [66/331] 第225話: saved 27 images
  [81/324] 第241話: saved 14 images
  [90/332] 第242話: saved 18 images
  [81/333] 第253話: saved 22 images
  [82/324] 第240話: saved 14 images
  [67/331] 第224話: saved 27 images
  [91/332] 第241話: saved 18 images
  [83/324] 第239話: saved 18 images
  [82/333] 第252話: saved 24 images
  [68/331] 第223話: saved 27 images
  [92/332] 第240話: saved 18 images
  [84/324] 第238.6話: saved 8 images
  [83/333] 第251話: saved 20 images
  [93/332] 第239話: saved 18 images
  [69/331] 第222話: saved 27 images
  [85/324] 第238.5話: saved 8 images
  [84/333] 第250話: saved 20 images
  [94/332] 第238話: saved 18 images
  [86/324] 第238話: saved 14 images
  [70/331] 第221話: saved 27 images
  [85/333] 第249話: saved 20 images
  [95/332] 第237話: saved 19 images
  [87/324] 第237話: saved 14 images
  [71/331] 第220話: saved 27 images
  [96/332] 第236話: saved 18 images
  [86/333] 第248話: saved 20 images
  [88/324] 第236話: saved 14 images
  [72/331] 第219話: saved 27 images
  [97/332] 第235話: saved 18 images
  [87/333] 第247話: saved 20 images
  [89/324] 第235話: saved 14 images
  [73/331] 第218話: saved 27 images
  [98/332] 第234話: saved 18 images
  [90/324] 第234話: saved 14 images
  [88/333] 第246話: saved 22 images
  [91/324] 第233話: saved 14 images
  [89/333] 第245話: saved 20 images
  [99/332] 第233話: saved 18 images
  [74/331] 第217話: saved 27 images
  [92/324] 第232話: saved 14 images
  [90/333] 第244話: saved 20 images
  [100/332] 第232話: saved 18 images
  [75/331] 第216話: saved 27 images
  [93/324] 第231話: saved 14 images
  [91/333] 第243話: saved 20 images
  [101/332] 第231話: saved 18 images
  [76/331] 第215話: saved 27 images
  [94/324] 第230話: saved 14 images
  [102/332] 第230話: saved 18 images
  [92/333] 第242話: saved 20 images
  [77/331] 第214話: saved 27 images
  [95/324] 第229話: saved 18 images
  [93/333] 第241話: saved 20 images
  [103/332] 第229話: saved 19 images
  [96/324] 第228話: saved 14 images
  [78/331] 第213話: saved 27 images
  [94/333] 第240話: saved 20 images
  [104/332] 第228話: saved 18 images
  [97/324] 第227話: saved 14 images
  [79/331] 第212話: saved 27 images
  [105/332] 第227話: saved 18 images
  [95/333] 第239話: saved 20 images
  [98/324] 第226話: saved 14 images
  [106/332] 第226話: saved 19 images
  [96/333] 第238話: saved 20 images
  [80/331] 第211話: saved 27 images
  [99/324] 第225話: saved 14 images
  [107/332] 第225話: saved 18 images
  [97/333] 第237話: saved 20 images
  [100/324] 第224話: saved 14 images
  [81/331] 第210話: saved 27 images
  [108/332] 第224話: saved 18 images
  [98/333] 第236話: saved 20 images
  [101/324] 第223話: saved 12 images
  [82/331] 第209話: saved 27 images
  [109/332] 第223話: saved 18 images
  [102/324] 第222話: saved 14 images
  [99/333] 第235話: saved 20 images
  [110/332] 第222話: saved 18 images
  [83/331] 第208話: saved 27 images
  [103/324] 第221話: saved 8 images
  [100/333] 第234話: saved 20 images
  [111/332] 第221話: saved 18 images
  [104/324] 第220話: saved 8 images
  [84/331] 第207話: saved 27 images
  [101/333] 第233話: saved 20 images
  [112/332] 第220話: saved 18 images
  [105/324] 第219話: saved 14 images
  [85/331] 第206話: saved 27 images
  [113/332] 第219話: saved 18 images
  [102/333] 第232話: saved 21 images
  [106/324] 第218話: saved 14 images
  [86/331] 第205話: saved 27 images
  [114/332] 第218話: saved 18 images
  [103/333] 第231話: saved 20 images
  [107/324] 第217話: saved 16 images
  [115/332] 第217話: saved 18 images
  [87/331] 第204話: saved 27 images
  [104/333] 第230話: saved 20 images
  [108/324] 第216話: saved 14 images
  [116/332] 第216話: saved 18 images
  [105/333] 第229話: saved 20 images
  [88/331] 第203話: saved 27 images
  [109/324] 第215話: saved 14 images
  [117/332] 第215話: saved 18 images
  [110/324] 第214話: saved 14 images
  [106/333] 第228話: saved 20 images
  [89/331] 第202話: saved 27 images
  [118/332] 第214話: saved 18 images
  [111/324] 第213話: saved 14 images
  [119/332] 第213話: saved 18 images
  [90/331] 第201話: saved 29 images
  [107/333] 第227話: saved 20 images
  [112/324] 第212話: saved 14 images
  [120/332] 第212話: saved 18 images
  [91/331] 第200話: saved 27 images
  [113/324] 第211話: saved 14 images
  [108/333] 第226話: saved 20 images
  [121/332] 第211話: saved 18 images
  [114/324] 第210話: saved 14 images
  [92/331] 第199話: saved 27 images
  [122/332] 第210話: saved 18 images
  [109/333] 第225話: saved 20 images
  [115/324] 第209話: saved 14 images
  [93/331] 第198話: saved 27 images
  [110/333] 第224話: saved 20 images
  [123/332] 第209話: saved 18 images
  [116/324] 第208話: saved 14 images
  [124/332] 第208話: saved 18 images
  [111/333] 第223話: saved 20 images
  [94/331] 第197話: saved 27 images
  [117/324] 第207話: saved 14 images
  [125/332] 第207話: saved 18 images
  [118/324] 第206話: saved 18 images
  [95/331] 第196話: saved 27 images
  [112/333] 第222話: saved 20 images
  [126/332] 第206話: saved 18 images
  [119/324] 第205話: saved 14 images
  [113/333] 第221話: saved 20 images
  [96/331] 第195話: saved 27 images
  [127/332] 第205話: saved 18 images
  [120/324] 第204話: saved 14 images
  [114/333] 第220話: saved 20 images
  [128/332] 第204話: saved 19 images
  [97/331] 第194話: saved 27 images
  [121/324] 第203話: saved 14 images
  [129/332] 第203話: saved 18 images
  [122/324] 第202話: saved 16 images
  [98/331] 第193話: saved 27 images
  [115/333] 第219話: saved 20 images
  [130/332] 第202話: saved 18 images
  [123/324] 第201話: saved 14 images
  [99/331] 第192話: saved 27 images
  [116/333] 第218話: saved 21 images
  [131/332] 第201話: saved 18 images
  [124/324] 第200話: saved 10 images
  [100/331] 第191話: saved 27 images
  [132/332] 第200話: saved 19 images
  [117/333] 第217話: saved 21 images
  [125/324] 第199話: saved 8 images
  [133/332] 第199話: saved 18 images
  [101/331] 第190話: saved 27 images
  [126/324] 第198話: saved 16 images
  [118/333] 第216話: saved 20 images
  [134/332] 第198話: saved 18 images
  [127/324] 第197話: saved 15 images
  [102/331] 第189話: saved 27 images
  [135/332] 第197話: saved 18 images
  [119/333] 第215話: saved 20 images
  [128/324] 第196話: saved 14 images
  [103/331] 第188話: saved 27 images
  [136/332] 第196話: saved 18 images
  [120/333] 第214話: saved 20 images
  [129/324] 第194話: saved 18 images
  [137/332] 第195話: saved 18 images
  [104/331] 第187話: saved 27 images
  [130/324] 第193話: saved 14 images
  [138/332] 第194話: saved 18 images
  [121/333] 第213話: saved 20 images
  [131/324] 第192話: saved 16 images
  [105/331] 第186話: saved 27 images
  [139/332] 第193話: saved 18 images
  [122/333] 第212話: saved 20 images
  [132/324] 第191話: saved 14 images
  [106/331] 第185話: saved 27 images
  [140/332] 第192話: saved 18 images
  [133/324] 第190話: saved 16 images
  [123/333] 第211話: saved 20 images
  [141/332] 第191話: saved 18 images
  [107/331] 第184話: saved 27 images
  [134/324] 第189話: saved 14 images
  [124/333] 第210話: saved 20 images
  [142/332] 第190話: saved 18 images
  [135/324] 第188話: saved 16 images
  [108/331] 第183話: saved 27 images
  [125/333] 第209話: saved 20 images
  [143/332] 第189話: saved 18 images
  [136/324] 第187話: saved 14 images
  [126/333] 第208話: saved 20 images
  [109/331] 第182話: saved 27 images
  [144/332] 第188話: saved 18 images
  [137/324] 第186話: saved 10 images
  [145/332] 第187話: saved 18 images
  [110/331] 第181話: saved 27 images
  [127/333] 第207話: saved 20 images
  [138/324] 第185話: saved 8 images
  [146/332] 第186話: saved 18 images
  [139/324] 第184話: saved 16 images
  [111/331] 第180話: saved 27 images
  [128/333] 第206話: saved 20 images
  [147/332] 第185話: saved 18 images
  [140/324] 第183話: saved 14 images
  [112/331] 第179話: saved 27 images
  [148/332] 第184話: saved 18 images
  [141/324] 第182話: saved 18 images
  [129/333] 第205話: saved 20 images
  [113/331] 第178話: saved 27 images
  [149/332] 第183話: saved 19 images
  [142/324] 第181話: saved 14 images
  [130/333] 第204話: saved 20 images
  [150/332] 第182話: saved 18 images
  [114/331] 第177話: saved 27 images
  [143/324] 第180話: saved 16 images
  [131/333] 第203話: saved 20 images
  [151/332] 第181話: saved 18 images
  [144/324] 第179話: saved 14 images
  [115/331] 第176話: saved 29 images
  [152/332] 第180話: saved 18 images
  [145/324] 第178話: saved 16 images
  [116/331] 第175話: saved 27 images
  [153/332] 第179話: saved 18 images
  [146/324] 第177話: saved 14 images
  [132/333] 第202話: saved 20 images
  [154/332] 第178話: saved 18 images
  [117/331] 第174話: saved 27 images
  [147/324] 第176話: saved 16 images
  [133/333] 第201話: saved 20 images
  [155/332] 第177話: saved 18 images
  [148/324] 第175話: saved 14 images
  [118/331] 第173話: saved 27 images
  [156/332] 第176話: saved 18 images
  [134/333] 第200話: saved 20 images
  [149/324] 第174話: saved 16 images
  [119/331] 第172話: saved 27 images
  [157/332] 第175話: saved 19 images
  [150/324] 第173話: saved 14 images
  [135/333] 第199話: saved 20 images
  [158/332] 第174話: saved 18 images
  [120/331] 第171話: saved 27 images
  [151/324] 第172話: saved 16 images
  [159/332] 第173話: saved 18 images
  [136/333] 第198話: saved 20 images
  [121/331] 第170話: saved 27 images
  [152/324] 第171話: saved 16 images
  [160/332] 第172話: saved 18 images
  [153/324] 第170話: saved 16 images
  [122/331] 第169話: saved 27 images
  [161/332] 第171話: saved 18 images
  [137/333] 第197話: saved 20 images
  [154/324] 第169話: saved 14 images
  [162/332] 第170話: saved 17 images
  [123/331] 第168話: saved 27 images
  [138/333] 第196話: saved 20 images
  [155/324] 第168話: saved 16 images
  [163/332] 第169話: saved 18 images
  [124/331] 第167.2話: saved 17 images
  [156/324] 第167話: saved 14 images
  [139/333] 第195話: saved 20 images
  [164/332] 第168話: saved 18 images
  [157/324] 第166話: saved 16 images
  [125/331] 第167.1話: saved 15 images
  [165/332] 第167話: saved 18 images
  [140/333] 第194話: saved 20 images
  [158/324] 第165話: saved 14 images
  [126/331] 第166話: saved 27 images
  [166/332] 第166話: saved 18 images
  [159/324] 第164話: saved 16 images
  [141/333] 第193話: saved 20 images
  [167/332] 第165話: saved 18 images
  [127/331] 第165話: saved 27 images
  [160/324] 第163話: saved 14 images
  [168/332] 第164話: saved 19 images
  [161/324] 第162話: saved 16 images
  [128/331] 第164話: saved 27 images
  [142/333] 第192話: saved 20 images
  [169/332] 第163話: saved 18 images
  [162/324] 第161話: saved 14 images
  [129/331] 第163話: saved 29 images
  [143/333] 第191話: saved 20 images
  [170/332] 第162話: saved 18 images
  [163/324] 第160話: saved 18 images
  [144/333] 第190話: saved 20 images
  [130/331] 第162話: saved 27 images
  [171/332] 第161話: saved 18 images
  [164/324] 第159話: saved 14 images
  [145/333] 第189話: saved 20 images
  [172/332] 第160話: saved 18 images
  [131/331] 第161話: saved 27 images
  [165/324] 第158話: saved 16 images
  [173/332] 第159話: saved 18 images
  [146/333] 第188話: saved 20 images
  [166/324] 第157話: saved 14 images
  [132/331] 第160話: saved 29 images
  [174/332] 第158話: saved 18 images
  [167/324] 第156話: saved 16 images
  [133/331] 第159話: saved 27 images
  [147/333] 第187話: saved 20 images
  [175/332] 第157話: saved 18 images
  [168/324] 第155話: saved 14 images
  [176/332] 第156話: saved 19 images
  [134/331] 第158話: saved 27 images
  [148/333] 第186話: saved 20 images
  [169/324] 第154話: saved 16 images
  [177/332] 第155話: saved 18 images
  [170/324] 第153話: saved 14 images
  [149/333] 第185話: saved 20 images
  [135/331] 第157話: saved 27 images
  [178/332] 第154話: saved 18 images
  [171/324] 第152話: saved 16 images
  [136/331] 第156話: saved 27 images
  [179/332] 第153話: saved 18 images
  [150/333] 第184話: saved 20 images
  [172/324] 第151話: saved 14 images
  [180/332] 第152話: saved 18 images
  [137/331] 第155話: saved 27 images
  [173/324] 第150話: saved 18 images
  [151/333] 第183話: saved 20 images
  [181/332] 第151話: saved 18 images
  [174/324] 第149話: saved 14 images
  [138/331] 第154話: saved 27 images
  [152/333] 第182話: saved 20 images
  [182/332] 第150話: saved 18 images
  [175/324] 第148話: saved 16 images
  [139/331] 第153話: saved 27 images
  [183/332] 第149話: saved 18 images
  [153/333] 第181話: saved 20 images
  [176/324] 第147話: saved 14 images
  [140/331] 第152話: saved 27 images
  [184/332] 第148話: saved 18 images
  [177/324] 第146話: saved 16 images
  [154/333] 第180話: saved 20 images
  [185/332] 第147話: saved 19 images
  [141/331] 第151話: saved 27 images
  [178/324] 第145話: saved 14 images
  [155/333] 第179話: saved 20 images
  [186/332] 第146話: saved 17 images
  [179/324] 第144話: saved 16 images
  [142/331] 第150話: saved 29 images
  [156/333] 第178話: saved 21 images
  [187/332] 第145話: saved 18 images
  [180/324] 第143話: saved 14 images
  [143/331] 第149話: saved 27 images
  [188/332] 第144話: saved 18 images
  [157/333] 第177話: saved 20 images
  [181/324] 第142話: saved 16 images
  [144/331] 第148話: saved 27 images
  [189/332] 第143話: saved 18 images
  [182/324] 第141話: saved 14 images
  [158/333] 第176話: saved 20 images
  [190/332] 第142話: saved 18 images
  [183/324] 第140話: saved 17 images
  [159/333] 第175話: saved 20 images
  [145/331] 第147話: saved 27 images
  [191/332] 第141話: saved 18 images
  [184/324] 第139話: saved 14 images
  [160/333] 第174話: saved 19 images
  [192/332] 第140話: saved 18 images
  [185/324] 第138話: saved 16 images
  [146/331] 第146話: saved 27 images
  [193/332] 第139話: saved 18 images
  [186/324] 第137話: saved 14 images
  [161/333] 第173話: saved 20 images
  [147/331] 第145話: saved 29 images
  [194/332] 第138話: saved 18 images
  [187/324] 第136話: saved 16 images
  [162/333] 第172話: saved 20 images
  [148/331] 第144話: saved 27 images
  [195/332] 第137話: saved 18 images
  [188/324] 第135話: saved 14 images
  [163/333] 第171話: saved 21 images
  [149/331] 第143話: saved 27 images
  [196/332] 第136話: saved 18 images
  [189/324] 第134話: saved 16 images
  [164/333] 第170話: saved 20 images
  [197/332] 第135話: saved 18 images
  [150/331] 第142話: saved 25 images
  [190/324] 第133話: saved 14 images
  [165/333] 第169話: saved 20 images
  [191/324] 第132話: saved 16 images
  [198/332] 第134話: saved 18 images
  [151/331] 第141話: saved 29 images
  [192/324] 第131.5話: saved 6 images
  [199/332] 第133話: saved 18 images
  [166/333] 第168話: saved 20 images
  [152/331] 第140話: saved 25 images
  [193/324] 第130.5話: saved 6 images
  [200/332] 第132話: saved 18 images
  [153/331] 第139話: saved 27 images
  [194/324] 第130話: saved 16 images
  [167/333] 第167話: saved 20 images
  [201/332] 第131話: saved 18 images
  [195/324] 第129話: saved 16 images
  [154/331] 第138話: saved 27 images
  [202/332] 第130話: saved 18 images
  [168/333] 第166話: saved 20 images
  [196/324] 第128話: saved 16 images
  [203/332] 第129話: saved 18 images
  [155/331] 第137話: saved 27 images
  [169/333] 第165話: saved 20 images
  [197/324] 第127話: saved 14 images
  [204/332] 第128話: saved 18 images
  [156/331] 第136話: saved 27 images
  [170/333] 第164話: saved 21 images
  [198/324] 第126話: saved 16 images
  [205/332] 第127話: saved 19 images
  [157/331] 第135話: saved 25 images
  [199/324] 第125.5話: saved 4 images
  [171/333] 第163話: saved 22 images
  [206/332] 第126話: saved 18 images
  [200/324] 第125話: saved 14 images
  [158/331] 第134話: saved 27 images
  [172/333] 第162話: saved 20 images
  [201/324] 第124話: saved 16 images
  [207/332] 第125話: saved 18 images
  [159/331] 第133話: saved 27 images
  [202/324] 第123話: saved 14 images
  [173/333] 第161話: saved 20 images
  [208/332] 第124話: saved 18 images
  [160/331] 第132話: saved 27 images
  [203/324] 第122話: saved 16 images
  [209/332] 第123話: saved 18 images
  [174/333] 第160話: saved 20 images
  [204/324] 第121話: saved 14 images
  [161/331] 第131話: saved 27 images
  [210/332] 第122話: saved 18 images
  [175/333] 第159話: saved 24 images
  [205/324] 第120話: saved 16 images
  [162/331] 第130話: saved 27 images
  [211/332] 第121話: saved 18 images
  [176/333] 第158話: saved 21 images
  [206/324] 第119話: saved 16 images
  [212/332] 第120話: saved 18 images
  [163/331] 第129話: saved 27 images
  [207/324] 第118話: saved 16 images
  [177/333] 第157話: saved 20 images
  [213/332] 第119話: saved 18 images
  [208/324] 第117話: saved 14 images
  [164/331] 第128話: saved 27 images
  [214/332] 第118話: saved 18 images
  [209/324] 第116話: saved 16 images
  [178/333] 第156話: saved 20 images
  [165/331] 第127話: saved 29 images
  [210/324] 第115話: saved 16 images
  [179/333] 第155話: saved 20 images
  [215/332] 第117話: saved 19 images
  [166/331] 第126話: saved 27 images
  [211/324] 第114話: saved 16 images
  [216/332] 第116話: saved 18 images
  [180/333] 第154話: saved 20 images
  [167/331] 第125話: saved 27 images
  [212/324] 第113話: saved 16 images
  [217/332] 第115話: saved 18 images
  [168/331] 第124話: saved 27 images
  [213/324] 第112話: saved 16 images
  [181/333] 第153話: saved 20 images
  [218/332] 第114話: saved 18 images
  [214/324] 第111話: saved 16 images
  [169/331] 第123話: saved 27 images
  [219/332] 第113話: saved 18 images
  [182/333] 第152話: saved 20 images
  [215/324] 第110話: saved 16 images
  [220/332] 第112話: saved 18 images
  [170/331] 第122話: saved 27 images
  [216/324] 第109話: saved 16 images
  [183/333] 第151話: saved 22 images
  [221/332] 第111話: saved 18 images
  [171/331] 第121話: saved 29 images
  [217/324] 第108話: saved 17 images
  [184/333] 第150話: saved 21 images
  [222/332] 第110話: saved 18 images
  [218/324] 第107話: saved 16 images
  [172/331] 第120話: saved 27 images
  [223/332] 第109話: saved 19 images
  [185/333] 第149話: saved 20 images
  [219/324] 第106話: saved 16 images
  [173/331] 第119話: saved 27 images
  [224/332] 第108話: saved 18 images
  [186/333] 第148話: saved 20 images
  [220/324] 第105話: saved 16 images
  [225/332] 第107話: saved 18 images
  [174/331] 第118話: saved 27 images
  [187/333] 第147話: saved 20 images
  [221/324] 第104話: saved 15 images
  [226/332] 第106話: saved 18 images
  [188/333] 第146話: saved 20 images
  [175/331] 第117話: saved 27 images
  [222/324] 第103話: saved 16 images
  [227/332] 第105話: saved 18 images
  [189/333] 第145話: saved 20 images
  [223/324] 第102話: saved 16 images
  [176/331] 第116話: saved 27 images
  [228/332] 第104話: saved 18 images
  [224/324] 第101話: saved 16 images
  [190/333] 第144話: saved 20 images
  [229/332] 第103話: saved 18 images
  [177/331] 第115話: saved 27 images
  [225/324] 第100話: saved 16 images
  [230/332] 第102話: saved 18 images
  [178/331] 第114話: saved 27 images
  [226/324] 第99話: saved 16 images
  [191/333] 第143話: saved 20 images
  [231/332] 第101話: saved 18 images
  [227/324] 第98話: saved 16 images
  [179/331] 第113話: saved 27 images
  [232/332] 第100話: saved 19 images
  [192/333] 第142話: saved 21 images
  [228/324] 第97話: saved 18 images
  [233/332] 第99話: saved 18 images
  [193/333] 第141話: saved 20 images
  [180/331] 第112話: saved 27 images
  [229/324] 第96話: saved 15 images
  [234/332] 第98話: saved 18 images
  [194/333] 第140話: saved 20 images
  [181/331] 第111話: saved 25 images
  [230/324] 第95話: saved 16 images
  [235/332] 第97話: saved 19 images
  [195/333] 第139話: saved 20 images
  [182/331] 第110話: saved 25 images
  [231/324] 第94話: saved 16 images
  [236/332] 第96話: saved 18 images
  [196/333] 第138話: saved 20 images
  [232/324] 第93話: saved 15 images
  [183/331] 第109話: saved 25 images
  [237/332] 第95話: saved 18 images
  [197/333] 第137話: saved 20 images
  [233/324] 第92話: saved 15 images
  [184/331] 第108話: saved 27 images
  [238/332] 第94話: saved 18 images
  [198/333] 第136話: saved 20 images
  [234/324] 第91話: saved 15 images
  [185/331] 第107話: saved 27 images
  [239/332] 第93話: saved 18 images
  [199/333] 第135話: saved 20 images
  [235/324] 第90話: saved 16 images
  [240/332] 第92話: saved 18 images
  [186/331] 第106話: saved 27 images
  [236/324] 第89話: saved 15 images
  [200/333] 第134話: saved 20 images
  [241/332] 第91話: saved 18 images
  [237/324] 第88話: saved 16 images
  [201/333] 第133話: saved 20 images
  [187/331] 第105話: saved 27 images
  [242/332] 第90話: saved 18 images
  [238/324] 第87話: saved 16 images
  [202/333] 第132話: saved 20 images
  [188/331] 第104話: saved 27 images
  [243/332] 第89話: saved 18 images
  [239/324] 第86話: saved 18 images
  [203/333] 第131話: saved 21 images
  [244/332] 第88話: saved 18 images
  [189/331] 第103話: saved 27 images
  [240/324] 第85話: saved 14 images
  [204/333] 第130話: saved 20 images
  [245/332] 第87話: saved 18 images
  [190/331] 第102話: saved 27 images
  [241/324] 第84話: saved 14 images
  [205/333] 第129話: saved 20 images
  [246/332] 第86話: saved 18 images
  [242/324] 第83話: saved 14 images
  [191/331] 第101話: saved 27 images
  [206/333] 第128話: saved 20 images
  [247/332] 第85話: saved 18 images
  [243/324] 第82話: saved 14 images
  [207/333] 第127話: saved 20 images
  [248/332] 第84話: saved 19 images
  [192/331] 第100話: saved 30 images
  [244/324] 第81話: saved 14 images
  [208/333] 第126話: saved 20 images
  [249/332] 第83話: saved 18 images
  [193/331] 第99話: saved 27 images
  [245/324] 第80話: saved 18 images
  [209/333] 第125話: saved 20 images
  [250/332] 第82話: saved 18 images
  [246/324] 第79話: saved 14 images
  [194/331] 第98話: saved 27 images
  [210/333] 第124話: saved 20 images
  [251/332] 第81話: saved 18 images
  [247/324] 第78話: saved 14 images
  [211/333] 第123話: saved 20 images
  [195/331] 第97話: saved 25 images
  [252/332] 第80話: saved 18 images
  [248/324] 第77話: saved 14 images
  [212/333] 第122話: saved 20 images
  [253/332] 第79話: saved 18 images
  [196/331] 第96話: saved 27 images
  [249/324] 第76話: saved 14 images
  [213/333] 第121話: saved 20 images
  [254/332] 第78話: saved 18 images
  [250/324] 第75話: saved 16 images
  [197/331] 第95話: saved 27 images
  [255/332] 第77話: saved 18 images
  [214/333] 第120話: saved 21 images
  [251/324] 第74話: saved 13 images
  [256/332] 第76話: saved 18 images
  [198/331] 第94話: saved 27 images
  [215/333] 第119話: saved 20 images
  [252/324] 第73話: saved 18 images
  [257/332] 第75話: saved 18 images
  [216/333] 第118話: saved 20 images
  [199/331] 第93話: saved 27 images
  [253/324] 第72話: saved 10 images
  [258/332] 第74話: saved 18 images
  [217/333] 第117話: saved 20 images
  [254/324] 第71話: saved 16 images
  [200/331] 第92話: saved 29 images
  [259/332] 第73話: saved 18 images
  [218/333] 第116話: saved 19 images
  [255/324] 第70話: saved 12 images
  [201/331] 第91話: saved 29 images
  [260/332] 第72話: saved 19 images
  [219/333] 第115話: saved 20 images
  [256/324] 第69話: saved 14 images
  [261/332] 第71話: saved 18 images
  [202/331] 第90話: saved 29 images
  [257/324] 第68話: saved 12 images
  [220/333] 第114話: saved 20 images
  [262/332] 第70話: saved 18 images
Traceback (most recent call last):
  File "/home/opc/manga-crawler/mangarw.py", line 577, in <module>
    main()
  File "/home/opc/manga-crawler/mangarw.py", line 565, in main
    crawl_library(
  File "/home/opc/manga-crawler/mangarw.py", line 457, in crawl_library
    images = crawl_chapter_images(chapter["href"])
  File "/home/opc/manga-crawler/mangarw.py", line 286, in crawl_chapter_images
    soup = get_soup(url)
  File "/home/opc/manga-crawler/mangarw.py", line 110, in get_soup
    response = requests.get(url, headers=HEADERS, timeout=30)
  File "/home/opc/manga-crawler/.venv/lib64/python3.9/site-packages/requests/api.py", line 73, in get
Traceback (most recent call last):
  File "/home/opc/manga-crawler/mangarw.py", line 577, in <module>
    main()
  File "/home/opc/manga-crawler/mangarw.py", line 565, in main
    crawl_library(
  File "/home/opc/manga-crawler/mangarw.py", line 476, in crawl_library
    time.sleep(REQUEST_DELAY)
KeyboardInterrupt
Traceback (most recent call last):
  File "/home/opc/manga-crawler/mangarw.py", line 577, in <module>
    main()
  File "/home/opc/manga-crawler/mangarw.py", line 565, in main
    return request("get", url, params=params, **kwargs)
  File "/home/opc/manga-crawler/.venv/lib64/python3.9/site-packages/requests/api.py", line 59, in request
    return session.request(method=method, url=url, **kwargs)
  File "/home/opc/manga-crawler/.venv/lib64/python3.9/site-packages/requests/sessions.py", line 589, in request
    crawl_library(
  File "/home/opc/manga-crawler/mangarw.py", line 457, in crawl_library
    images = crawl_chapter_images(chapter["href"])
  File "/home/opc/manga-crawler/mangarw.py", line 286, in crawl_chapter_images
    soup = get_soup(url)
  File "/home/opc/manga-crawler/mangarw.py", line 110, in get_soup
    response = requests.get(url, headers=HEADERS, timeout=30)
  File "/home/opc/manga-crawler/.venv/lib64/python3.9/site-packages/requests/api.py", line 73, in get
    return request("get", url, params=params, **kwargs)
  File "/home/opc/manga-crawler/.venv/lib64/python3.9/site-packages/requests/api.py", line 59, in request
    return session.request(method=method, url=url, **kwargs)
  File "/home/opc/manga-crawler/.venv/lib64/python3.9/site-packages/requests/sessions.py", line 589, in request
    resp = self.send(prep, **send_kwargs)
  File "/home/opc/manga-crawler/.venv/lib64/python3.9/site-packages/requests/sessions.py", line 703, in send
    r = adapter.send(request, **kwargs)
  File "/home/opc/manga-crawler/.venv/lib64/python3.9/site-packages/requests/adapters.py", line 644, in send
    resp = self.send(prep, **send_kwargs)
  File "/home/opc/manga-crawler/.venv/lib64/python3.9/site-packages/requests/sessions.py", line 703, in send
    r = adapter.send(request, **kwargs)
  File "/home/opc/manga-crawler/.venv/lib64/python3.9/site-packages/requests/adapters.py", line 644, in send
    resp = conn.urlopen(
  File "/home/opc/manga-crawler/.venv/lib64/python3.9/site-packages/urllib3/connectionpool.py", line 787, in urlopen
    response = self._make_request(
  File "/home/opc/manga-crawler/.venv/lib64/python3.9/site-packages/urllib3/connectionpool.py", line 534, in _make_request
    response = conn.getresponse()
  File "/home/opc/manga-crawler/.venv/lib64/python3.9/site-packages/urllib3/connection.py", line 571, in getresponse
    resp = conn.urlopen(
  File "/home/opc/manga-crawler/.venv/lib64/python3.9/site-packages/urllib3/connectionpool.py", line 787, in urlopen
    response = self._make_request(
  File "/home/opc/manga-crawler/.venv/lib64/python3.9/site-packages/urllib3/connectionpool.py", line 464, in _make_request
    self._validate_conn(conn)
  File "/home/opc/manga-crawler/.venv/lib64/python3.9/site-packages/urllib3/connectionpool.py", line 1093, in _validate_conn
    conn.connect()
  File "/home/opc/manga-crawler/.venv/lib64/python3.9/site-packages/urllib3/connection.py", line 796, in connect
    sock_and_verified = _ssl_wrap_socket_and_match_hostname(
  File "/home/opc/manga-crawler/.venv/lib64/python3.9/site-packages/urllib3/connection.py", line 975, in _ssl_wrap_socket_and_match_hostname
    ssl_sock = ssl_wrap_socket(
  File "/home/opc/manga-crawler/.venv/lib64/python3.9/site-packages/urllib3/util/ssl_.py", line 483, in ssl_wrap_socket
    httplib_response = super().getresponse()
  File "/usr/lib64/python3.9/http/client.py", line 1377, in getresponse
    response.begin()
  File "/usr/lib64/python3.9/http/client.py", line 320, in begin
    version, status, reason = self._read_status()
  File "/usr/lib64/python3.9/http/client.py", line 281, in _read_status
    line = str(self.fp.readline(_MAXLINE + 1), "iso-8859-1")
  File "/usr/lib64/python3.9/socket.py", line 716, in readinto
    ssl_sock = _ssl_wrap_socket_impl(sock, context, tls_in_tls, server_hostname)
  File "/home/opc/manga-crawler/.venv/lib64/python3.9/site-packages/urllib3/util/ssl_.py", line 527, in _ssl_wrap_socket_impl
    return ssl_context.wrap_socket(sock, server_hostname=server_hostname)
  File "/usr/lib64/python3.9/ssl.py", line 501, in wrap_socket
Traceback (most recent call last):
    return self.sslsocket_class._create(
  File "/usr/lib64/python3.9/ssl.py", line 1076, in _create
    self.do_handshake()
  File "/usr/lib64/python3.9/ssl.py", line 1345, in do_handshake
    self._sslobj.do_handshake()
KeyboardInterrupt
    return self._sock.recv_into(b)
  File "/usr/lib64/python3.9/ssl.py", line 1277, in recv_into
    return self.read(nbytes, buffer)
  File "/usr/lib64/python3.9/ssl.py", line 1135, in read
    return self._sslobj.read(len, buffer)
KeyboardInterrupt
  File "/home/opc/manga-crawler/mangarw.py", line 577, in <module>
    main()
  File "/home/opc/manga-crawler/mangarw.py", line 565, in main
    crawl_library(
  File "/home/opc/manga-crawler/mangarw.py", line 457, in crawl_library
    images = crawl_chapter_images(chapter["href"])
  File "/home/opc/manga-crawler/mangarw.py", line 286, in crawl_chapter_images
    soup = get_soup(url)
  File "/home/opc/manga-crawler/mangarw.py", line 110, in get_soup
    response = requests.get(url, headers=HEADERS, timeout=30)
  File "/home/opc/manga-crawler/.venv/lib64/python3.9/site-packages/requests/api.py", line 73, in get
    return request("get", url, params=params, **kwargs)
  File "/home/opc/manga-crawler/.venv/lib64/python3.9/site-packages/requests/api.py", line 59, in request
    return session.request(method=method, url=url, **kwargs)
  File "/home/opc/manga-crawler/.venv/lib64/python3.9/site-packages/requests/sessions.py", line 589, in request
    resp = self.send(prep, **send_kwargs)
  File "/home/opc/manga-crawler/.venv/lib64/python3.9/site-packages/requests/sessions.py", line 703, in send
    r = adapter.send(request, **kwargs)
  File "/home/opc/manga-crawler/.venv/lib64/python3.9/site-packages/requests/adapters.py", line 644, in send
    resp = conn.urlopen(
  File "/home/opc/manga-crawler/.venv/lib64/python3.9/site-packages/urllib3/connectionpool.py", line 787, in urlopen
    response = self._make_request(
  File "/home/opc/manga-crawler/.venv/lib64/python3.9/site-packages/urllib3/connectionpool.py", line 534, in _make_request
    response = conn.getresponse()
  File "/home/opc/manga-crawler/.venv/lib64/python3.9/site-packages/urllib3/connection.py", line 571, in getresponse
    httplib_response = super().getresponse()
  File "/usr/lib64/python3.9/http/client.py", line 1377, in getresponse
    response.begin()
  File "/usr/lib64/python3.9/http/client.py", line 320, in begin
    version, status, reason = self._read_status()
  File "/usr/lib64/python3.9/http/client.py", line 281, in _read_status
    line = str(self.fp.readline(_MAXLINE + 1), "iso-8859-1")
  File "/usr/lib64/python3.9/socket.py", line 716, in readinto
    return self._sock.recv_into(b)
  File "/usr/lib64/python3.9/ssl.py", line 1277, in recv_into
    return self.read(nbytes, buffer)
  File "/usr/lib64/python3.9/ssl.py", line 1135, in read
    return self._sslobj.read(len, buffer)
KeyboardInterrupt
Mon Jun 15 06:43:53 AM GMT 2026 - crawler started
第1話: saved 33 images
Mon Jun 15 06:43:54 AM GMT 2026 - crawler finished
Mon Jun 15 06:47:41 AM GMT 2026 - crawler started
Manga details to crawl: 1
[1/1] 人妻の唇は缶チューハイの味がして: 250 chapters
  [1/250] 第56.5話: saved 7 images
  [2/250] 第56.4話: saved 8 images
  [3/250] 第56.3話: saved 8 images
  [4/250] 第56.2話: saved 11 images
  [5/250] 第56.1話: saved 11 images
  [6/250] 第55.4話: saved 11 images
  [7/250] 第55.3話: saved 11 images
  [8/250] 第55.2話: saved 7 images
  [9/250] 第55.1話: saved 8 images
  [10/250] 第54.4話: saved 11 images
  [11/250] 第54.3話: saved 14 images
  [12/250] 第54.2話: saved 9 images
  [13/250] 第54.1話: saved 8 images
  [14/250] 第53.4話: saved 10 images
  [15/250] 第53.3話: saved 8 images
  [16/250] 第53.2話: saved 8 images
  [17/250] 第53.1話: saved 7 images
  [18/250] 第52.4話: saved 13 images
  [19/250] 第52.3話: saved 11 images
  [20/250] 第52.2話: saved 9 images
  [21/250] 第52.1話: saved 10 images
  [22/250] 第51.4話: saved 10 images
  [23/250] 第51.3話: saved 8 images
  [24/250] 第51.2話: saved 9 images
  [25/250] 第51.1話: saved 11 images
  [26/250] 第50.4話: saved 9 images
  [27/250] 第50.3話: saved 10 images
  [28/250] 第50.2話: saved 12 images
  [29/250] 第50.1話: saved 12 images
  [30/250] 第49.5話: saved 10 images
  [31/250] 第49.4話: saved 10 images
  [32/250] 第49.3話: saved 11 images
  [33/250] 第49.2話: saved 9 images
  [34/250] 第49.1話: saved 10 images
  [35/250] 第48.5話: saved 8 images
  [36/250] 第48.4話: saved 6 images
  [37/250] 第48.3話: saved 7 images
  [38/250] 第48.2話: saved 13 images
  [39/250] 第48.1話: saved 12 images
  [40/250] 第47.4話: saved 9 images
  [41/250] 第47.3話: saved 8 images
  [42/250] 第47.2話: saved 10 images
  [43/250] 第47.1話: saved 15 images
  [44/250] 第46.5話: saved 9 images
  [45/250] 第46.4話: saved 19 images
  [46/250] 第46.3話: saved 9 images
  [47/250] 第46.2話: saved 10 images
  [48/250] 第46.1話: saved 12 images
  [49/250] 第45.4話: saved 10 images
  [50/250] 第45.3話: saved 7 images
  [51/250] 第45.2話: saved 9 images
  [52/250] 第45.1話: saved 8 images
  [53/250] 第44.5話: saved 10 images
  [54/250] 第44.4話: saved 8 images
  [55/250] 第44.3話: saved 8 images
  [56/250] 第44.2話: saved 10 images
  [57/250] 第44.1話: saved 9 images
  [58/250] 第43.5話: saved 7 images
  [59/250] 第43.4話: saved 6 images
  [60/250] 第43.2話: saved 10 images
  [61/250] 第43.1話: saved 11 images
  [62/250] 第42.5話: saved 7 images
  [63/250] 第42.4話: saved 7 images
  [64/250] 第42.3話: saved 8 images
  [65/250] 第42.2話: saved 9 images
  [66/250] 第42.1話: saved 10 images
  [67/250] 第41.5話: saved 10 images
  [68/250] 第41.4話: saved 7 images
  [69/250] 第41.3話: saved 8 images
  [70/250] 第41.2話: saved 7 images
  [71/250] 第41.1話: saved 9 images
  [72/250] 第40.5話: saved 9 images
  [73/250] 第40.4話: saved 12 images
  [74/250] 第40.3話: saved 9 images
  [75/250] 第40.2話: saved 14 images
  [76/250] 第40.1話: saved 11 images
  [77/250] 第39.5話: saved 13 images
  [78/250] 第39.4話: saved 7 images
  [79/250] 第39.3話: saved 15 images
  [80/250] 第39.2話: saved 10 images
  [81/250] 第39.1話: saved 9 images
  [82/250] 第38.6話: saved 8 images
  [83/250] 第38.5話: saved 10 images
  [84/250] 第38.4話: saved 10 images
  [85/250] 第38.3話: saved 10 images
  [86/250] 第38.2話: saved 12 images
  [87/250] 第38.1話: saved 12 images
  [88/250] 第37.5話: saved 12 images
  [89/250] 第37.4話: saved 11 images
  [90/250] 第37.3話: saved 8 images
  [91/250] 第37.2話: saved 10 images
  [92/250] 第37.1話: saved 12 images
  [93/250] 第36.5話: saved 9 images
  [94/250] 第36.4話: saved 10 images
  [95/250] 第36.3話: saved 6 images
  [96/250] 第36.2話: saved 9 images
  [97/250] 第36.1話: saved 12 images
  [98/250] 第35.4話: saved 9 images
  [99/250] 第35.3話: saved 10 images
  [100/250] 第35.2話: saved 9 images
  [101/250] 第35.1話: saved 12 images
  [102/250] 第34.5話: saved 8 images
  [103/250] 第34.4話: saved 10 images
  [104/250] 第34.3話: saved 10 images
  [105/250] 第34.2話: saved 11 images
  [106/250] 第34.1話: saved 12 images
  [107/250] 第33.5話: saved 8 images
  [108/250] 第33.4話: saved 7 images
  [109/250] 第33.3話: saved 7 images
  [110/250] 第33.2話: saved 13 images
  [111/250] 第33.1話: saved 12 images
  [112/250] 第32.5話: saved 10 images
  [113/250] 第32.4話: saved 8 images
  [114/250] 第32.3話: saved 12 images
  [115/250] 第32.2話: saved 10 images
  [116/250] 第32.1話: saved 12 images
  [117/250] 第31.5話: saved 9 images
  [118/250] 第31.4話: saved 8 images
  [119/250] 第31.3話: saved 9 images
  [120/250] 第31.2話: saved 8 images
  [121/250] 第31.1話: saved 12 images
  [122/250] 第30.4話: saved 8 images
  [123/250] 第30.3話: saved 12 images
  [124/250] 第30.2話: saved 9 images
  [125/250] 第30.1話: saved 9 images
  [126/250] 第29.4話: saved 8 images
  [127/250] 第29.3話: saved 11 images
  [128/250] 第29.2話: saved 9 images
  [129/250] 第29.1話: saved 11 images
  [130/250] 第28.5話: saved 11 images
  [131/250] 第28.4話: saved 8 images
  [132/250] 第28.3話: saved 10 images
  [133/250] 第28.2話: saved 12 images
  [134/250] 第28.1話: saved 13 images
  [135/250] 第27.4話: saved 10 images
  [136/250] 第27.3話: saved 10 images
  [137/250] 第27.2話: saved 12 images
  [138/250] 第27.1話: saved 12 images
  [139/250] 第26.4話: saved 12 images
  [140/250] 第26.3話: saved 10 images
  [141/250] 第26.2話: saved 14 images
  [142/250] 第26.1話: saved 12 images
  [143/250] 第25.4話: saved 12 images
  [144/250] 第25.3話: saved 14 images
  [145/250] 第25.2話: saved 9 images
  [146/250] 第25.1話: saved 12 images
  [147/250] 第24.5話: saved 10 images
  [148/250] 第24.4話: saved 16 images
  [149/250] 第24.3話: saved 10 images
  [150/250] 第24.2話: saved 12 images
  [151/250] 第24.1話: saved 17 images
  [152/250] 第23.4話: saved 10 images
  [153/250] 第23.3話: saved 14 images
  [154/250] 第23.2話: saved 10 images
  [155/250] 第23.1話: saved 11 images
  [156/250] 第22.4話: saved 11 images
  [157/250] 第22.3話: saved 9 images
  [158/250] 第22.2話: saved 7 images
  [159/250] 第22.1話: saved 10 images
  [160/250] 第21.4話: saved 13 images
  [161/250] 第21.3話: saved 14 images
  [162/250] 第21.2話: saved 14 images
  [163/250] 第21.1話: saved 8 images
  [164/250] 第20.4話: saved 11 images
  [165/250] 第20.3話: saved 13 images
  [166/250] 第20.2話: saved 9 images
  [167/250] 第20.1話: saved 11 images
  [168/250] 第19.4話: saved 13 images
  [169/250] 第19.3話: saved 12 images
  [170/250] 第19.2話: saved 9 images
  [171/250] 第19.1話: saved 12 images
  [172/250] 第18.4話: saved 11 images
  [173/250] 第18.3話: saved 9 images
  [174/250] 第18.2話: saved 11 images
  [175/250] 第18.1話: saved 12 images
  [176/250] 第17.5話: saved 7 images
  [177/250] 第17.4話: saved 9 images
  [178/250] 第17.3話: saved 9 images
  [179/250] 第17.2話: saved 10 images
  [180/250] 第17.1話: saved 13 images
  [181/250] 第16.5話: saved 7 images
  [182/250] 第16.4話: saved 8 images
  [183/250] 第16.3話: saved 7 images
  [184/250] 第16.2話: saved 8 images
  [185/250] 第16.1話: saved 7 images
  [186/250] 第15.5話: saved 6 images
  [187/250] 第15.4話: saved 7 images
  [188/250] 第15.3話: saved 10 images
  [189/250] 第15.2話: saved 10 images
  [190/250] 第15.1話: saved 12 images
  [191/250] 第14.3話: saved 7 images
  [192/250] 第14.2話: saved 9 images
  [193/250] 第14.1話: saved 16 images
  [194/250] 第13.4話: saved 9 images
  [195/250] 第13.3話: saved 10 images
  [196/250] 第13.2話: saved 13 images
  [197/250] 第13.1話: saved 9 images
  [198/250] 第12.5話: saved 7 images
  [199/250] 第12.4話: saved 8 images
  [200/250] 第12.3話: saved 8 images
  [201/250] 第12.2話: saved 12 images
  [202/250] 第12.1話: saved 14 images
  [203/250] 第11.5話: saved 7 images
  [204/250] 第11.4話: saved 8 images
  [205/250] 第11.3話: saved 10 images
  [206/250] 第11.2話: saved 12 images
  [207/250] 第11.1話: saved 13 images
  [208/250] 第10.4話: saved 7 images
  [209/250] 第10.3話: saved 11 images
  [210/250] 第10.2話: saved 9 images
  [211/250] 第10.1話: saved 12 images
  [212/250] 第9.4話: saved 12 images
  [213/250] 第9.3話: saved 12 images
  [214/250] 第9.2話: saved 13 images
  [215/250] 第9.1話: saved 12 images
  [216/250] 第8.4話: saved 9 images
  [217/250] 第8.3話: saved 10 images
  [218/250] 第8.2話: saved 8 images
  [219/250] 第8.1話: saved 13 images
  [220/250] 第7.4話: saved 9 images
  [221/250] 第7.3話: saved 9 images
  [222/250] 第7.2話: saved 10 images
  [223/250] 第7.1話: saved 10 images
  [224/250] 第6.5話: saved 6 images
  [225/250] 第6.4話: saved 7 images
  [226/250] 第6.34話: saved 7 images
  [227/250] 第6.3話: saved 9 images
  [228/250] 第6.2話: saved 8 images
  [229/250] 第6.1話: saved 11 images
  [230/250] 第5.5話: saved 7 images
  [231/250] 第5.4話: saved 9 images
  [232/250] 第5.3話: saved 9 images
  [233/250] 第5.2話: saved 10 images
  [234/250] 第5.1話: saved 8 images
  [235/250] 第4.4話: saved 9 images
  [236/250] 第4.3話: saved 12 images
  [237/250] 第4.2話: saved 9 images
  [238/250] 第4.1話: saved 14 images
  [239/250] 第3.4話: saved 7 images
  [240/250] 第3.3話: saved 10 images
  [241/250] 第3.2話: saved 10 images
  [242/250] 第3.1話: saved 12 images
  [243/250] 第2.4話: saved 8 images
  [244/250] 第2.3話: saved 9 images
  [245/250] 第2.2話: saved 13 images
  [246/250] 第2.1話: saved 16 images
  [247/250] 第1.4話: saved 8 images
  [248/250] 第1.3話: saved 10 images
  [249/250] 第1.2話: saved 9 images
  [250/250] 第1話: skipped (images already exist)
  Incremental title crawl completed: 249 crawled, 1 skipped
Crawler finished
Mon Jun 15 06:49:00 AM GMT 2026 - crawler finished
Mon Jun 15 06:49:35 AM GMT 2026 - crawler started
Manga details to crawl: 1
[1/1] モンスターのご主人様: 234 chapters
  [1/234] 第97.4話: saved 11 images
  [2/234] 第97.3話: saved 12 images
  [3/234] 第97.2話: saved 12 images
  [4/234] 第97.1話: saved 11 images
  [5/234] 第96.3話: saved 13 images
  [6/234] 第96.2話: saved 14 images
  [7/234] 第96.1話: saved 13 images
  [8/234] 第95.3話: saved 12 images
  [9/234] 第95.2話: saved 12 images
  [10/234] 第95.1話: saved 12 images
  [11/234] 第94.3話: saved 10 images
  [12/234] 第94.2話: saved 10 images
  [13/234] 第94.1話: saved 10 images
  [14/234] 第93.4話: saved 12 images
  [15/234] 第93.3話: saved 11 images
  [16/234] 第93.2話: saved 11 images
  [17/234] 第93.1話: saved 12 images
  [18/234] 第92.3話: saved 10 images
  [19/234] 第92.2話: saved 10 images
  [20/234] 第92.1話: saved 10 images
  [21/234] 第91.2話: saved 12 images
  [22/234] 第91.1話: saved 12 images
  [23/234] 第90.4話: saved 11 images
  [24/234] 第90.3話: saved 12 images
  [25/234] 第90.2話: saved 12 images
  [26/234] 第90.1話: saved 11 images
  [27/234] 第89.4話: saved 11 images
  [28/234] 第89.3話: saved 12 images
  [29/234] 第89.2話: saved 12 images
  [30/234] 第89.1話: saved 11 images
  [31/234] 第88.3話: saved 10 images
  [32/234] 第88.2話: saved 10 images
  [33/234] 第88.1話: saved 10 images
  [34/234] 第87.2話: saved 13 images
  [35/234] 第87.1話: saved 13 images
  [36/234] 第86.3話: saved 11 images
  [37/234] 第86.2話: saved 11 images
  [38/234] 第86.1話: saved 14 images
  [39/234] 第85.4話: saved 11 images
  [40/234] 第85.3話: saved 10 images
  [41/234] 第85.2話: saved 10 images
  [42/234] 第85.1話: saved 11 images
  [43/234] 第84.3話: saved 13 images
  [44/234] 第84.2話: saved 12 images
  [45/234] 第84.1話: saved 13 images
  [46/234] 第83.3話: saved 11 images
  [47/234] 第83.2話: saved 12 images
  [48/234] 第83.1話: saved 11 images
  [49/234] 第82.3話: saved 13 images
  [50/234] 第82.2話: saved 14 images
  [51/234] 第82.1話: saved 13 images
  [52/234] 第81.2話: saved 13 images
  [53/234] 第81.1話: saved 13 images
  [54/234] 第80.3話: saved 10 images
  [55/234] 第80.2話: saved 10 images
  [56/234] 第80.1話: saved 10 images
  [57/234] 第79.3話: saved 12 images
  [58/234] 第79.2話: saved 12 images
  [59/234] 第79.1話: saved 12 images
  [60/234] 第78.3話: saved 10 images
  [61/234] 第78.2話: saved 10 images
  [62/234] 第78.1話: saved 10 images
  [63/234] 第77.3話: saved 10 images
  [64/234] 第77.2話: saved 10 images
  [65/234] 第77.1話: saved 10 images
  [66/234] 第76.3話: saved 10 images
  [67/234] 第76.2話: saved 10 images
  [68/234] 第76.1話: saved 10 images
  [69/234] 第75.3話: saved 10 images
  [70/234] 第75.2話: saved 10 images
  [71/234] 第75.1話: saved 10 images
  [72/234] 第74.2話: saved 10 images
  [73/234] 第74.1話: saved 10 images
  [74/234] 第73.4話: saved 10 images
  [75/234] 第73.3話: saved 10 images
  [76/234] 第73.2話: saved 10 images
  [77/234] 第73.1話: saved 10 images
  [78/234] 第72.2話: saved 10 images
  [79/234] 第72.1話: saved 10 images
  [80/234] 第71.4話: saved 10 images
  [81/234] 第71.3話: saved 10 images
  [82/234] 第71.2話: saved 10 images
  [83/234] 第71.1話: saved 10 images
  [84/234] 第70.3話: saved 12 images
  [85/234] 第70.2話: saved 12 images
  [86/234] 第70.1話: saved 12 images
  [87/234] 第69.3話: saved 10 images
  [88/234] 第69.2話: saved 10 images
  [89/234] 第69.1話: saved 10 images
  [90/234] 第68.3話: saved 10 images
  [91/234] 第68.2話: saved 10 images
  [92/234] 第68.1話: saved 10 images
  [93/234] 第67.3話: saved 10 images
  [94/234] 第67.2話: saved 10 images
  [95/234] 第67.1話: saved 10 images
  [96/234] 第66.3話: saved 9 images
  [97/234] 第66.2話: saved 9 images
  [98/234] 第66.1話: saved 10 images
  [99/234] 第65.4話: saved 11 images
  [100/234] 第65.3話: saved 10 images
  [101/234] 第65.2話: saved 10 images
  [102/234] 第65.1話: saved 11 images
  [103/234] 第64.3話: saved 9 images
  [104/234] 第64.2話: saved 9 images
  [105/234] 第64.1話: saved 10 images
  [106/234] 第63.3話: saved 11 images
  [107/234] 第63.2話: saved 11 images
  [108/234] 第63.1話: saved 12 images
  [109/234] 第62.2話: saved 12 images
  [110/234] 第62.1話: saved 12 images
  [111/234] 第61.2話: saved 13 images
  [112/234] 第61.1話: saved 13 images
  [113/234] 第60.3話: saved 10 images
  [114/234] 第60.2話: saved 10 images
  [115/234] 第60.1話: saved 10 images
  [116/234] 第59.3話: saved 10 images
  [117/234] 第59.2話: saved 11 images
  [118/234] 第59.1話: saved 11 images
  [119/234] 第58.3話: saved 10 images
  [120/234] 第58.2話: saved 10 images
  [121/234] 第58.1話: saved 10 images
  [122/234] 第57話: saved 30 images
  [123/234] 第56.3話: saved 10 images
  [124/234] 第56.2話: saved 11 images
  [125/234] 第56.1話: saved 11 images
  [126/234] 第55.3話: saved 11 images
  [127/234] 第55.2話: saved 11 images
  [128/234] 第55.1話: saved 12 images
  [129/234] 第54.3話: saved 9 images
  [130/234] 第54.2話: saved 9 images
  [131/234] 第54.1話: saved 10 images
  [132/234] 第53.3話: saved 11 images
  [133/234] 第53.2話: saved 11 images
  [134/234] 第53.1話: saved 12 images
  [135/234] 第52.3話: saved 9 images
  [136/234] 第52.2話: saved 9 images
  [137/234] 第52.1話: saved 10 images
  [138/234] 第51.3話: saved 10 images
  [139/234] 第51.2話: saved 11 images
  [140/234] 第51.1話: saved 11 images
  [141/234] 第50.3話: saved 12 images
  [142/234] 第50.2話: saved 12 images
  [143/234] 第50.1話: saved 12 images
  [144/234] 第49.3話: saved 10 images
  [145/234] 第49.2話: saved 9 images
  [146/234] 第49.1話: saved 10 images
  [147/234] 第48.3話: saved 10 images
  [148/234] 第48.2話: saved 11 images
  [149/234] 第48.1話: saved 11 images
  [150/234] 第47.3話: saved 9 images
  [151/234] 第47.2話: saved 9 images
  [152/234] 第47.1話: saved 10 images
  [153/234] 第46.3話: saved 10 images
  [154/234] 第46.2話: saved 10 images
  [155/234] 第46.1話: saved 10 images
  [156/234] 第45.3話: saved 10 images
  [157/234] 第45.2話: saved 9 images
  [158/234] 第45話: saved 30 images
  [159/234] 第44.3話: saved 9 images
  [160/234] 第44.2話: saved 10 images
  [161/234] 第44.1話: saved 9 images
  [162/234] 第43.3話: saved 9 images
  [163/234] 第43.2話: saved 9 images
  [164/234] 第43.1話: saved 7 images
  [165/234] 第42.3話: saved 10 images
  [166/234] 第42.2話: saved 10 images
  [167/234] 第42.1話: saved 10 images
  [168/234] 第41.3話: saved 10 images
  [169/234] 第41.2話: saved 10 images
  [170/234] 第41.1話: saved 10 images
  [171/234] 第40.3話: saved 10 images
  [172/234] 第40.2話: saved 11 images
  [173/234] 第40.1話: saved 11 images
  [174/234] 第39.3話: saved 10 images
  [175/234] 第39.2話: saved 10 images
  [176/234] 第39.1話: saved 10 images
  [177/234] 第38.3話: saved 10 images
  [178/234] 第38.2話: saved 10 images
  [179/234] 第38.1話: saved 10 images
  [180/234] 第37.3話: saved 10 images
  [181/234] 第37.2話: saved 10 images
  [182/234] 第37.1話: saved 10 images
  [183/234] 第36.3話: saved 10 images
  [184/234] 第36.2話: saved 10 images
  [185/234] 第36.1話: saved 10 images
  [186/234] 第35.2話: saved 13 images
  [187/234] 第35.1話: saved 13 images
  [188/234] 第34.3話: saved 12 images
  [189/234] 第34.2話: saved 12 images
  [190/234] 第34.1話: saved 12 images
  [191/234] 第33.3話: saved 9 images
  [192/234] 第33.2話: saved 9 images
  [193/234] 第33.1話: saved 10 images
  [194/234] 第32.3話: saved 11 images
  [195/234] 第32.2話: saved 11 images
  [196/234] 第32.1話: saved 12 images
  [197/234] 第31.3話: saved 10 images
  [198/234] 第31.2話: saved 11 images
  [199/234] 第31.1話: saved 11 images
  [200/234] 第30話: saved 28 images
  [201/234] 第29話: saved 31 images
  [202/234] 第28話: saved 32 images
  [203/234] 第27話: saved 28 images
  [204/234] 第26話: saved 28 images
  [205/234] 第25話: saved 30 images
  [206/234] 第24話: saved 27 images
  [207/234] 第23話: saved 31 images
  [208/234] 第22話: saved 32 images
  [209/234] 第21話: saved 30 images
  [210/234] 第20話: saved 34 images
  [211/234] 第19話: saved 21 images
  [212/234] 第18話: saved 30 images
  [213/234] 第17話: saved 31 images
  [214/234] 第16話: saved 30 images
  [215/234] 第15話: saved 32 images
  [216/234] 第14話: saved 32 images
  [217/234] 第13話: saved 30 images
  [218/234] 第12話: saved 34 images
  [219/234] 第11話: saved 30 images
  [220/234] 第10話: saved 30 images
  [221/234] 第9話: saved 28 images
  [222/234] 第8話: saved 26 images
  [223/234] 第7話: saved 28 images
  [224/234] 第6話: saved 30 images
  [225/234] 第5話: saved 32 images
  [226/234] 第4話: saved 34 images
  [227/234] 第3話: saved 26 images
  [228/234] 第2.2話: saved 11 images
  [229/234] 第2.1話: saved 11 images
  [230/234] 第2話: saved 33 images
  [231/234] 第1.3話: saved 9 images
  [232/234] 第1.2話: saved 9 images
  [233/234] 第1.1話: saved 10 images
  [234/234] 第1話: saved 28 images
  Incremental title crawl completed: 234 crawled, 0 skipped
Crawler finished
Mon Jun 15 06:50:48 AM GMT 2026 - crawler finished
Mon Jun 15 07:01:16 AM GMT 2026 - crawler started
Manga details to crawl: 1
[1/1] ユートピア〜楽園という名の無法地帯〜: 152 chapters
  [1/152] 第155話: saved 27 images
  [2/152] 第154話: saved 28 images
  [3/152] 第151話: saved 33 images
  [4/152] 第150話: saved 37 images
  [5/152] 第148話: saved 35 images
  [6/152] 第147話: saved 31 images
  [7/152] 第146話: saved 48 images
Mon Jun 15 07:01:20 AM GMT 2026 - crawler started
  [8/152] 第145話: saved 33 images
Manga details to crawl: 1
[1/1] 肉秘書・友紀子: 152 chapters
  [9/152] 第144話: saved 42 images
  [10/152] 第143話: saved 42 images
  [1/152] 第152話: saved 28 images
  [11/152] 第142話: saved 47 images
  [2/152] 第151話: saved 28 images
  [12/152] 第141話: saved 39 images
  [3/152] 第150話: saved 28 images
  [13/152] 第140話: saved 42 images
  [4/152] 第149話: saved 28 images
  [14/152] 第139話: saved 26 images
  [5/152] 第148話: saved 28 images
  [15/152] 第138話: saved 21 images
  [6/152] 第147話: saved 28 images
  [16/152] 第137話: saved 26 images
  [7/152] 第146話: saved 28 images
  [17/152] 第136話: saved 26 images
  [8/152] 第145話: saved 28 images
  [18/152] 第135話: saved 26 images
  [9/152] 第144話: saved 28 images
  [19/152] 第134話: saved 26 images
  [10/152] 第143話: saved 28 images
  [20/152] 第133話: saved 30 images
  [11/152] 第142話: saved 28 images
  [21/152] 第132話: saved 32 images
  [12/152] 第141話: saved 30 images
  [22/152] 第131話: saved 26 images
  [13/152] 第140話: saved 28 images
  [23/152] 第130話: saved 37 images
  [14/152] 第139話: saved 28 images
  [24/152] 第129話: saved 28 images
  [15/152] 第138話: saved 30 images
  [25/152] 第128話: saved 25 images
  [16/152] 第137話: saved 28 images
  [26/152] 第127話: saved 28 images
  [17/152] 第136話: saved 28 images
  [27/152] 第126話: saved 28 images
  [18/152] 第135話: saved 30 images
  [28/152] 第125話: saved 34 images
  [19/152] 第134話: saved 28 images
  [29/152] 第124話: saved 21 images
  [20/152] 第133話: saved 28 images
  [30/152] 第123話: saved 31 images
  [21/152] 第132話: saved 30 images
  [31/152] 第122話: saved 26 images
  [22/152] 第131話: saved 28 images
  [32/152] 第121話: saved 31 images
  [23/152] 第130話: saved 28 images
  [33/152] 第120話: saved 19 images
  [24/152] 第129話: saved 28 images
  [34/152] 第119話: saved 20 images
  [25/152] 第128話: saved 30 images
  [35/152] 第118話: saved 26 images
  [26/152] 第127話: saved 28 images
  [36/152] 第117話: saved 24 images
  [27/152] 第126話: saved 28 images
  [37/152] 第116話: saved 21 images
  [28/152] 第125話: saved 29 images
  [38/152] 第115話: saved 25 images
  [29/152] 第124話: saved 24 images
  [39/152] 第114話: saved 25 images
  [30/152] 第123話: saved 24 images
  [40/152] 第113話: saved 24 images
  [31/152] 第122話: saved 29 images
  [41/152] 第112話: saved 32 images
  [32/152] 第121話: saved 27 images
  [42/152] 第111話: saved 26 images
  [33/152] 第120話: saved 28 images
  [43/152] 第110話: saved 29 images
  [34/152] 第119話: saved 29 images
  [44/152] 第109話: saved 36 images
  [35/152] 第118話: saved 24 images
  [45/152] 第108話: saved 26 images
  [36/152] 第117話: saved 24 images
  [46/152] 第107話: saved 26 images
  [37/152] 第116話: saved 25 images
  [47/152] 第106話: saved 27 images
  [38/152] 第115話: saved 24 images
  [48/152] 第105話: saved 33 images
  [39/152] 第114話: saved 24 images
  [49/152] 第104話: saved 28 images
  [40/152] 第113話: saved 24 images
  [50/152] 第103話: saved 27 images
  [41/152] 第112話: saved 24 images
  [42/152] 第111話: saved 24 images
  [51/152] 第102話: saved 27 images
  [43/152] 第110話: saved 25 images
  [52/152] 第101話: saved 28 images
  [44/152] 第109話: saved 24 images
  [53/152] 第100話: saved 39 images
  [45/152] 第108話: saved 24 images
  [54/152] 第99話: saved 31 images
  [46/152] 第107話: saved 25 images
  [55/152] 第98話: saved 33 images
  [47/152] 第106話: saved 25 images
  [56/152] 第97話: saved 33 images
  [48/152] 第105話: saved 24 images
  [57/152] 第96話: saved 24 images
  [49/152] 第104話: saved 26 images
  [58/152] 第95話: saved 24 images
  [50/152] 第103話: saved 24 images
  [59/152] 第94話: saved 31 images
  [51/152] 第102話: saved 24 images
  [60/152] 第93話: saved 35 images
  [52/152] 第101話: saved 25 images
  [61/152] 第92話: saved 38 images
  [53/152] 第100話: saved 24 images
  [62/152] 第91話: saved 35 images
  [54/152] 第99話: saved 24 images
  [63/152] 第90話: saved 27 images
  [55/152] 第98話: saved 25 images
  [64/152] 第89話: saved 29 images
  [56/152] 第97話: saved 24 images
  [65/152] 第88話: saved 29 images
  [57/152] 第96話: saved 24 images
  [66/152] 第87話: saved 32 images
  [58/152] 第95話: saved 24 images
  [67/152] 第86話: saved 27 images
  [59/152] 第94話: saved 24 images
  [68/152] 第85話: saved 27 images
  [60/152] 第93話: saved 24 images
  [69/152] 第84話: saved 25 images
  [61/152] 第92話: saved 24 images
  [70/152] 第83話: saved 26 images
  [62/152] 第91話: saved 24 images
  [71/152] 第82話: saved 30 images
  [63/152] 第90話: saved 24 images
  [72/152] 第81話: saved 28 images
  [64/152] 第89話: saved 24 images
  [73/152] 第80話: saved 26 images
  [65/152] 第88話: saved 24 images
  [74/152] 第79話: saved 30 images
  [66/152] 第87話: saved 25 images
  [75/152] 第78話: saved 30 images
  [67/152] 第86話: saved 24 images
  [76/152] 第77話: saved 29 images
  [68/152] 第85話: saved 24 images
  [77/152] 第76話: saved 34 images
  [69/152] 第84話: saved 25 images
  [78/152] 第75話: saved 28 images
  [70/152] 第83話: saved 48 images
  [79/152] 第74話: saved 26 images
  [71/152] 第82話: saved 48 images
  [80/152] 第73話: saved 32 images
  [72/152] 第81話: saved 48 images
  [81/152] 第72話: saved 25 images
  [73/152] 第80話: saved 24 images
  [82/152] 第71話: saved 38 images
  [74/152] 第79話: saved 24 images
  [83/152] 第70話: saved 35 images
  [75/152] 第78話: saved 26 images
  [84/152] 第69話: saved 31 images
  [76/152] 第77話: saved 24 images
  [85/152] 第68話: saved 34 images
  [77/152] 第76話: saved 24 images
  [86/152] 第67話: saved 29 images
  [78/152] 第75話: saved 25 images
  [87/152] 第66話: saved 29 images
  [79/152] 第74話: saved 24 images
  [88/152] 第65話: saved 29 images
  [80/152] 第73話: saved 24 images
  [89/152] 第64話: saved 27 images
  [81/152] 第72話: saved 26 images
  [90/152] 第63話: saved 31 images
  [82/152] 第71話: saved 24 images
  [91/152] 第62話: saved 27 images
  [83/152] 第70話: saved 24 images
  [92/152] 第61話: saved 25 images
  [84/152] 第69話: saved 26 images
  [93/152] 第60話: saved 32 images
  [85/152] 第68話: saved 24 images
  [94/152] 第59話: saved 36 images
  [86/152] 第67話: saved 24 images
  [87/152] 第66話: saved 24 images
  [95/152] 第58話: saved 36 images
  [88/152] 第65話: saved 24 images
  [96/152] 第57話: saved 33 images
  [89/152] 第64話: saved 24 images
  [97/152] 第56話: saved 26 images
  [90/152] 第63話: saved 26 images
  [98/152] 第55話: saved 31 images
  [91/152] 第62話: saved 24 images
  [99/152] 第54話: saved 26 images
  [92/152] 第61話: saved 24 images
  [100/152] 第53話: saved 26 images
  [93/152] 第60話: saved 26 images
  [101/152] 第52話: saved 31 images
  [94/152] 第59話: saved 24 images
  [102/152] 第51話: saved 33 images
  [95/152] 第58話: saved 24 images
  [103/152] 第50話: saved 32 images
  [96/152] 第57話: saved 24 images
  [104/152] 第49話: saved 33 images
  [97/152] 第56話: saved 26 images
  [105/152] 第48話: saved 27 images
  [98/152] 第55話: saved 24 images
  [106/152] 第47話: saved 24 images
  [99/152] 第54話: saved 24 images
  [107/152] 第46話: saved 25 images
  [100/152] 第53話: saved 26 images
  [108/152] 第45話: saved 26 images
  [101/152] 第52話: saved 24 images
  [109/152] 第44話: saved 26 images
  [102/152] 第51話: saved 24 images
  [110/152] 第43話: saved 28 images
  [103/152] 第50話: saved 24 images
  [111/152] 第42話: saved 35 images
  [104/152] 第49話: saved 26 images
  [112/152] 第41話: saved 29 images
  [105/152] 第48話: saved 24 images
  [113/152] 第40話: saved 28 images
  [106/152] 第47話: saved 24 images
  [114/152] 第39話: saved 31 images
  [107/152] 第46話: saved 24 images
  [115/152] 第38話: saved 28 images
  [116/152] 第37話: saved 31 images
  [117/152] 第36話: saved 27 images
  [108/152] 第45話: saved 26 images
  [118/152] 第35話: saved 27 images
  [109/152] 第44話: saved 24 images
  [119/152] 第34話: saved 23 images
  [110/152] 第43話: saved 24 images
  [120/152] 第33話: saved 23 images
  [111/152] 第42話: saved 24 images
  [121/152] 第32話: saved 22 images
  [112/152] 第41話: saved 26 images
  [122/152] 第31話: saved 22 images
  [113/152] 第40話: saved 24 images
  [123/152] 第30話: saved 17 images
  [114/152] 第39話: saved 24 images
  [124/152] 第29話: saved 16 images
  [115/152] 第38話: saved 24 images
  [125/152] 第28話: saved 17 images
  [116/152] 第37話: saved 26 images
  [117/152] 第36話: saved 24 images
  [126/152] 第27話: saved 22 images
  [118/152] 第35話: saved 24 images
  [127/152] 第26話: saved 27 images
  [119/152] 第34話: saved 24 images
  [128/152] 第25話: saved 25 images
  [120/152] 第33話: saved 26 images
  [129/152] 第24話: saved 30 images
  [121/152] 第32話: saved 24 images
  [130/152] 第23話: saved 23 images
  [122/152] 第31話: saved 24 images
  [131/152] 第22話: saved 27 images
  [123/152] 第30話: saved 24 images
  [132/152] 第21話: saved 20 images
  [124/152] 第29話: saved 26 images
  [133/152] 第20話: saved 24 images
  [125/152] 第28話: saved 24 images
  [134/152] 第19話: saved 28 images
  [126/152] 第27話: saved 24 images
  [135/152] 第18話: saved 20 images
Mon Jun 15 07:02:12 AM GMT 2026 - crawler started
  [127/152] 第26話: saved 24 images
  [136/152] 第17話: saved 26 images
Manga details to crawl: 1
[1/1] 回復術士のやり直し: 155 chapters
  [128/152] 第25話: saved 26 images
  [137/152] 第16話: saved 22 images
  [129/152] 第24話: saved 24 images
  [1/155] 第78.2話: saved 19 images
  [138/152] 第15話: saved 18 images
  [2/155] 第78.1話: skipped (images already exist)
  [3/155] 第77.2話: skipped (images already exist)
  [4/155] 第77.1話: skipped (images already exist)
  [5/155] 第76.2話: skipped (images already exist)
  [6/155] 第76.1話: skipped (images already exist)
  [7/155] 第75.3話: skipped (images already exist)
  [8/155] 第75.2話: skipped (images already exist)
  [9/155] 第75.1話: skipped (images already exist)
  [10/155] 第74.2話: skipped (images already exist)
  [11/155] 第74.1話: skipped (images already exist)
  [12/155] 第73話: skipped (images already exist)
  [13/155] 第72.2話: skipped (images already exist)
  [14/155] 第72.1話: skipped (images already exist)
  [15/155] 第71.2話: skipped (images already exist)
  [16/155] 第71.1話: skipped (images already exist)
  [17/155] 第70.2話: saved 25 images
  [130/152] 第23話: saved 24 images
  [18/155] 第70.1話: saved 15 images
  [131/152] 第22話: saved 24 images
  [139/152] 第14話: saved 29 images
  [19/155] 第69.2話: saved 15 images
  [132/152] 第21話: saved 26 images
  [140/152] 第13話: saved 21 images
  [20/155] 第69.1話: saved 17 images
  [21/155] 第68.5話: saved 4 images
  [133/152] 第20話: saved 24 images
  [141/152] 第12話: saved 31 images
  [22/155] 第68話: saved 34 images
  [142/152] 第11話: saved 20 images
  [134/152] 第19話: saved 24 images
  [23/155] 第67.2話: saved 22 images
  [135/152] 第18話: saved 24 images
  [143/152] 第10話: saved 28 images
  [24/155] 第67.1話: saved 22 images
  [136/152] 第17話: saved 26 images
  [144/152] 第9話: saved 23 images
  [25/155] 第66.2話: saved 18 images
  [26/155] 第66.1話: saved 25 images
  [137/152] 第16話: saved 24 images
  [145/152] 第8話: saved 30 images
  [27/155] 第65.2話: saved 16 images
  [138/152] 第15話: saved 24 images
  [146/152] 第7話: saved 24 images
  [28/155] 第65.1話: saved 2 images
  [139/152] 第14話: saved 24 images
  [147/152] 第6話: saved 20 images
  [29/155] 第64.2話: saved 20 images
  [30/155] 第64.1話: saved 20 images
  [140/152] 第13話: saved 26 images
  [148/152] 第5話: saved 20 images
  [31/155] 第63.2話: saved 23 images
  [141/152] 第12話: saved 24 images
  [149/152] 第4話: saved 22 images
  [32/155] 第63.1話: saved 23 images
  [142/152] 第11話: saved 24 images
  [33/155] 第62.2話: saved 19 images
  [150/152] 第3話: saved 23 images
  [34/155] 第62.1話: saved 19 images
  [143/152] 第10話: saved 24 images
  [151/152] 第2話: saved 23 images
  [35/155] 第61.2話: saved 22 images
  [144/152] 第9話: saved 24 images
  [152/152] 第1話: saved 23 images
  [36/155] 第61.1話: saved 18 images
  Incremental title crawl completed: 152 crawled, 0 skipped
  [145/152] 第8話: saved 24 images
  [37/155] 第60話: saved 46 images
Crawler finished
Mon Jun 15 07:02:20 AM GMT 2026 - crawler finished
  [146/152] 第7話: saved 25 images
  [38/155] 第59.2話: saved 16 images
  [39/155] 第59.1話: saved 16 images
  [147/152] 第6話: saved 24 images
  [40/155] 第58.2話: saved 18 images
  [148/152] 第5話: saved 24 images
  [41/155] 第58.1話: saved 18 images
  [149/152] 第4話: saved 24 images
  [42/155] 第57.2話: saved 14 images
  [150/152] 第3話: saved 24 images
  [43/155] 第57.1話: saved 15 images
  [151/152] 第2話: saved 24 images
  [44/155] 第56.2話: saved 15 images
  [45/155] 第56.1話: saved 13 images
  [152/152] 第1話: saved 25 images
  [46/155] 第55.2話: saved 18 images
  Incremental title crawl completed: 152 crawled, 0 skipped
  [47/155] 第55.1話: saved 20 images
Crawler finished
Mon Jun 15 07:02:23 AM GMT 2026 - crawler finished
  [48/155] 第54.3話: saved 13 images
  [49/155] 第54.2話: saved 12 images
  [50/155] 第54.1話: saved 13 images
  [51/155] 第53.2話: saved 16 images
  [52/155] 第53.1話: saved 16 images
  [53/155] 第52.2話: saved 16 images
  [54/155] 第52.1話: saved 16 images
  [55/155] 第51話: saved 35 images
  [56/155] 第50.2話: saved 11 images
  [57/155] 第50.1話: saved 14 images
  [58/155] 第49.2話: saved 17 images
  [59/155] 第49.1話: saved 17 images
  [60/155] 第48.2話: saved 14 images
  [61/155] 第48.1話: saved 15 images
  [62/155] 第47.2話: saved 17 images
  [63/155] 第47.1話: saved 15 images
  [64/155] 第46.2話: saved 25 images
  [65/155] 第46.1話: saved 25 images
  [66/155] 第45.2話: saved 25 images
  [67/155] 第45.1話: saved 21 images
  [68/155] 第44.2話: saved 21 images
  [69/155] 第44.1話: saved 18 images
  [70/155] 第43.2話: saved 14 images
  [71/155] 第43.1話: saved 18 images
  [72/155] 第42.2話: saved 23 images
  [73/155] 第42.1話: saved 19 images
  [74/155] 第41話: saved 27 images
  [75/155] 第40話: saved 26 images
  [76/155] 第39.2話: saved 12 images
  [77/155] 第39.1話: saved 17 images
  [78/155] 第38.2話: saved 26 images
  [79/155] 第38.1話: saved 20 images
  [80/155] 第37.2話: saved 24 images
  [81/155] 第37.1話: saved 19 images
  [82/155] 第36.2話: saved 16 images
  [83/155] 第36.1話: saved 17 images
  [84/155] 第35.2話: saved 16 images
  [85/155] 第35.1話: saved 18 images
  [86/155] 第34.2話: saved 25 images
  [87/155] 第34.1話: saved 25 images
  [88/155] 第33話: saved 40 images
  [89/155] 第32話: saved 36 images
  [90/155] 第31.2話: saved 20 images
  [91/155] 第31.1話: saved 18 images
  [92/155] 第30.2話: saved 18 images
  [93/155] 第30.1話: saved 18 images
  [94/155] 第29.2話: saved 18 images
  [95/155] 第29.1話: saved 21 images
  [96/155] 第28.2話: saved 21 images
  [97/155] 第28.1話: saved 23 images
  [98/155] 第27.2話: saved 24 images
  [99/155] 第27.1話: saved 22 images
  [100/155] 第26.2話: saved 16 images
  [101/155] 第26.1話: saved 23 images
  [102/155] 第25.2話: saved 24 images
  [103/155] 第25.1話: saved 24 images
  [104/155] 第24.2話: saved 16 images
  [105/155] 第24.1話: saved 16 images
  [106/155] 第23.2話: saved 14 images
  [107/155] 第23.1話: saved 18 images
  [108/155] 第22.2話: saved 17 images
  [109/155] 第22.1話: saved 20 images
  [110/155] 第21.2話: saved 16 images
  [111/155] 第21.1話: saved 23 images
  [112/155] 第20.2話: saved 22 images
  [113/155] 第20.1話: saved 22 images
  [114/155] 第19.2話: saved 16 images
  [115/155] 第19.1話: saved 26 images
  [116/155] 第18.3話: saved 16 images
  [117/155] 第18.2話: saved 16 images
  [118/155] 第18.1話: saved 26 images
  [119/155] 第17.3話: saved 12 images
  [120/155] 第17.2話: saved 27 images
  [121/155] 第17.1話: saved 17 images
  [122/155] 第16.3話: saved 10 images
  [123/155] 第16.2話: saved 24 images
  [124/155] 第16.1話: saved 16 images
  [125/155] 第15.2話: saved 18 images
  [126/155] 第15.1話: saved 18 images
  [127/155] 第14.3話: saved 18 images
  [128/155] 第14.2話: saved 10 images
  [129/155] 第14.1話: saved 10 images
  [130/155] 第13.2話: saved 18 images
  [131/155] 第13.1話: saved 20 images
  [132/155] 第12.2話: saved 19 images
  [133/155] 第12.1話: saved 16 images
  [134/155] 第11.2話: saved 24 images
  [135/155] 第11.1話: saved 20 images
  [136/155] 第10.2話: saved 16 images
  [137/155] 第10.1話: saved 17 images
  [138/155] 第9.2話: saved 27 images
  [139/155] 第9.1話: saved 20 images
  [140/155] 第8.2話: saved 22 images
  [141/155] 第8.1話: saved 20 images
  [142/155] 第7.2話: saved 21 images
  [143/155] 第7.1話: saved 27 images
  [144/155] 第6.2話: saved 17 images
  [145/155] 第6.1話: saved 19 images
  [146/155] 第5.2話: saved 12 images
  [147/155] 第5.1話: saved 19 images
  [148/155] 第4.2話: saved 21 images
  [149/155] 第4.1話: saved 21 images
  [150/155] 第3.2話: saved 18 images
  [151/155] 第3.1話: saved 18 images
  [152/155] 第2.2話: saved 17 images
  [153/155] 第2.1話: saved 17 images
  [154/155] 第1.2話: saved 27 images
  [155/155] 第1.1話: saved 22 images
  Incremental title crawl completed: 140 crawled, 15 skipped
Crawler finished
Mon Jun 15 07:02:56 AM GMT 2026 - crawler finished
Mon Jun 15 07:52:22 AM GMT 2026 - crawler started
Manga details to crawl: 1
[1/1] 淫姦の血族: 3 chapters
  [1/3] 第3話: saved 46 images
  [2/3] 第2話: saved 50 images
  [3/3] 第1話: saved 49 images
  Incremental title crawl completed: 3 crawled, 0 skipped
Crawler finished
Mon Jun 15 07:52:25 AM GMT 2026 - crawler finished
